-- MySQL dump 10.13  Distrib 5.5.43, for debian-linux-gnu (i686)
--
-- Host: localhost    Database: 
-- ------------------------------------------------------
-- Server version	5.5.43-0ubuntu0.14.04.1

/*!40101 SET @OLD_CHARACTER_SET_CLIENT=@@CHARACTER_SET_CLIENT */;
/*!40101 SET @OLD_CHARACTER_SET_RESULTS=@@CHARACTER_SET_RESULTS */;
/*!40101 SET @OLD_COLLATION_CONNECTION=@@COLLATION_CONNECTION */;
/*!40101 SET NAMES utf8 */;
/*!40103 SET @OLD_TIME_ZONE=@@TIME_ZONE */;
/*!40103 SET TIME_ZONE='+00:00' */;
/*!40014 SET @OLD_UNIQUE_CHECKS=@@UNIQUE_CHECKS, UNIQUE_CHECKS=0 */;
/*!40014 SET @OLD_FOREIGN_KEY_CHECKS=@@FOREIGN_KEY_CHECKS, FOREIGN_KEY_CHECKS=0 */;
/*!40101 SET @OLD_SQL_MODE=@@SQL_MODE, SQL_MODE='NO_AUTO_VALUE_ON_ZERO' */;
/*!40111 SET @OLD_SQL_NOTES=@@SQL_NOTES, SQL_NOTES=0 */;

--
-- Current Database: `cacti`
--

CREATE DATABASE /*!32312 IF NOT EXISTS*/ `cacti` /*!40100 DEFAULT CHARACTER SET latin1 */;

USE `cacti`;

--
-- Table structure for table `cdef`
--

DROP TABLE IF EXISTS `cdef`;
/*!40101 SET @saved_cs_client     = @@character_set_client */;
/*!40101 SET character_set_client = utf8 */;
CREATE TABLE `cdef` (
  `id` mediumint(8) unsigned NOT NULL AUTO_INCREMENT,
  `hash` varchar(32) NOT NULL DEFAULT '',
  `name` varchar(255) NOT NULL DEFAULT '',
  PRIMARY KEY (`id`)
) ENGINE=MyISAM AUTO_INCREMENT=16 DEFAULT CHARSET=latin1;
/*!40101 SET character_set_client = @saved_cs_client */;

--
-- Dumping data for table `cdef`
--

LOCK TABLES `cdef` WRITE;
/*!40000 ALTER TABLE `cdef` DISABLE KEYS */;
INSERT INTO `cdef` VALUES (3,'3d352eed9fa8f7b2791205b3273708c7','Make Stack Negative'),(4,'e961cc8ec04fda6ed4981cf5ad501aa5','Make Per 5 Minutes'),(12,'f1ac79f05f255c02f914c920f1038c54','Total All Data Sources'),(2,'73f95f8b77b5508157d64047342c421e','Turn Bytes into Bits'),(14,'634a23af5e78af0964e8d33b1a4ed26b','Multiply by 1024'),(15,'068984b5ccdfd2048869efae5166f722','Total All Data Sources, Multiply by 1024');
/*!40000 ALTER TABLE `cdef` ENABLE KEYS */;
UNLOCK TABLES;

--
-- Table structure for table `cdef_items`
--

DROP TABLE IF EXISTS `cdef_items`;
/*!40101 SET @saved_cs_client     = @@character_set_client */;
/*!40101 SET character_set_client = utf8 */;
CREATE TABLE `cdef_items` (
  `id` mediumint(8) unsigned NOT NULL AUTO_INCREMENT,
  `hash` varchar(32) NOT NULL DEFAULT '',
  `cdef_id` mediumint(8) unsigned NOT NULL DEFAULT '0',
  `sequence` mediumint(8) unsigned NOT NULL DEFAULT '0',
  `type` tinyint(2) NOT NULL DEFAULT '0',
  `value` varchar(150) NOT NULL DEFAULT '',
  PRIMARY KEY (`id`),
  KEY `cdef_id` (`cdef_id`)
) ENGINE=MyISAM AUTO_INCREMENT=24 DEFAULT CHARSET=latin1;
/*!40101 SET character_set_client = @saved_cs_client */;

--
-- Dumping data for table `cdef_items`
--

LOCK TABLES `cdef_items` WRITE;
/*!40000 ALTER TABLE `cdef_items` DISABLE KEYS */;
INSERT INTO `cdef_items` VALUES (7,'9bbf6b792507bb9bb17d2af0970f9be9',2,1,4,'CURRENT_DATA_SOURCE'),(9,'a4b8eb2c3bf4920a3ef571a7a004be53',2,2,6,'8'),(8,'caa4e023ac2d7b1c4b4c8c4adfd55dfe',2,3,2,'3'),(10,'c888c9fe6b62c26c4bfe23e18991731d',3,1,4,'CURRENT_DATA_SOURCE'),(11,'1e1d0b29a94e08b648c8f053715442a0',3,3,2,'3'),(12,'4355c197998c7f8b285be7821ddc6da4',3,2,6,'-1'),(13,'40bb7a1143b0f2e2efca14eb356236de',4,1,4,'CURRENT_DATA_SOURCE'),(14,'42686ea0925c0220924b7d333599cd67',4,3,2,'3'),(15,'faf1b148b2c0e0527362ed5b8ca1d351',4,2,6,'300'),(16,'0ef6b8a42dc83b4e43e437960fccd2ea',12,1,4,'ALL_DATA_SOURCES_NODUPS'),(18,'86370cfa0008fe8c56b28be80ee39a40',14,1,4,'CURRENT_DATA_SOURCE'),(19,'9a35cc60d47691af37f6fddf02064e20',14,2,6,'1024'),(20,'5d7a7941ec0440b257e5598a27dd1688',14,3,2,'3'),(21,'44fd595c60539ff0f5817731d9f43a85',15,1,4,'ALL_DATA_SOURCES_NODUPS'),(22,'aa38be265e5ac31783e57ce6f9314e9a',15,2,6,'1024'),(23,'204423d4b2598f1f7252eea19458345c',15,3,2,'3');
/*!40000 ALTER TABLE `cdef_items` ENABLE KEYS */;
UNLOCK TABLES;

--
-- Table structure for table `colors`
--

DROP TABLE IF EXISTS `colors`;
/*!40101 SET @saved_cs_client     = @@character_set_client */;
/*!40101 SET character_set_client = utf8 */;
CREATE TABLE `colors` (
  `id` mediumint(8) unsigned NOT NULL AUTO_INCREMENT,
  `hex` varchar(6) NOT NULL DEFAULT '',
  PRIMARY KEY (`id`)
) ENGINE=MyISAM AUTO_INCREMENT=105 DEFAULT CHARSET=latin1;
/*!40101 SET character_set_client = @saved_cs_client */;

--
-- Dumping data for table `colors`
--

LOCK TABLES `colors` WRITE;
/*!40000 ALTER TABLE `colors` DISABLE KEYS */;
INSERT INTO `colors` VALUES (1,'000000'),(2,'FFFFFF'),(4,'FAFD9E'),(5,'C0C0C0'),(6,'74C366'),(7,'6DC8FE'),(8,'EA8F00'),(9,'FF0000'),(10,'4444FF'),(11,'FF00FF'),(12,'00FF00'),(13,'8D85F3'),(14,'AD3B6E'),(15,'EACC00'),(16,'12B3B5'),(17,'157419'),(18,'C4FD3D'),(19,'817C4E'),(20,'002A97'),(21,'0000FF'),(22,'00CF00'),(24,'F9FD5F'),(25,'FFF200'),(26,'CCBB00'),(27,'837C04'),(28,'EAAF00'),(29,'FFD660'),(30,'FFC73B'),(31,'FFAB00'),(33,'FF7D00'),(34,'ED7600'),(35,'FF5700'),(36,'EE5019'),(37,'B1441E'),(38,'FFC3C0'),(39,'FF897C'),(40,'FF6044'),(41,'FF4105'),(42,'DA4725'),(43,'942D0C'),(44,'FF3932'),(45,'862F2F'),(46,'FF5576'),(47,'562B29'),(48,'F51D30'),(49,'DE0056'),(50,'ED5394'),(51,'B90054'),(52,'8F005C'),(53,'F24AC8'),(54,'E8CDEF'),(55,'D8ACE0'),(56,'A150AA'),(57,'750F7D'),(58,'8D00BA'),(59,'623465'),(60,'55009D'),(61,'3D168B'),(62,'311F4E'),(63,'D2D8F9'),(64,'9FA4EE'),(65,'6557D0'),(66,'4123A1'),(67,'4668E4'),(68,'0D006A'),(69,'00004D'),(70,'001D61'),(71,'00234B'),(72,'002A8F'),(73,'2175D9'),(74,'7CB3F1'),(75,'005199'),(76,'004359'),(77,'00A0C1'),(78,'007283'),(79,'00BED9'),(80,'AFECED'),(81,'55D6D3'),(82,'00BBB4'),(83,'009485'),(84,'005D57'),(85,'008A77'),(86,'008A6D'),(87,'00B99B'),(88,'009F67'),(89,'00694A'),(90,'00A348'),(91,'00BF47'),(92,'96E78A'),(93,'00BD27'),(94,'35962B'),(95,'7EE600'),(96,'6EA100'),(97,'CAF100'),(98,'F5F800'),(99,'CDCFC4'),(100,'BCBEB3'),(101,'AAABA1'),(102,'8F9286'),(103,'797C6E'),(104,'2E3127');
/*!40000 ALTER TABLE `colors` ENABLE KEYS */;
UNLOCK TABLES;

--
-- Table structure for table `data_input`
--

DROP TABLE IF EXISTS `data_input`;
/*!40101 SET @saved_cs_client     = @@character_set_client */;
/*!40101 SET character_set_client = utf8 */;
CREATE TABLE `data_input` (
  `id` mediumint(8) unsigned NOT NULL AUTO_INCREMENT,
  `hash` varchar(32) NOT NULL DEFAULT '',
  `name` varchar(200) NOT NULL DEFAULT '',
  `input_string` varchar(255) DEFAULT NULL,
  `type_id` tinyint(2) NOT NULL DEFAULT '0',
  PRIMARY KEY (`id`),
  KEY `name` (`name`)
) ENGINE=MyISAM AUTO_INCREMENT=13 DEFAULT CHARSET=latin1;
/*!40101 SET character_set_client = @saved_cs_client */;

--
-- Dumping data for table `data_input`
--

LOCK TABLES `data_input` WRITE;
/*!40000 ALTER TABLE `data_input` DISABLE KEYS */;
INSERT INTO `data_input` VALUES (1,'3eb92bb845b9660a7445cf9740726522','Get SNMP Data','',2),(2,'bf566c869ac6443b0c75d1c32b5a350e','Get SNMP Data (Indexed)','',3),(3,'274f4685461170b9eb1b98d22567ab5e','Unix - Get Free Disk Space','<path_cacti>/scripts/diskfree.sh <partition>',1),(4,'95ed0993eb3095f9920d431ac80f4231','Unix - Get Load Average','perl <path_cacti>/scripts/loadavg_multi.pl',1),(5,'79a284e136bb6b061c6f96ec219ac448','Unix - Get Logged In Users','perl <path_cacti>/scripts/unix_users.pl <username>',1),(6,'362e6d4768937c4f899dd21b91ef0ff8','Linux - Get Memory Usage','perl <path_cacti>/scripts/linux_memory.pl <grepstr>',1),(7,'a637359e0a4287ba43048a5fdf202066','Unix - Get System Processes','perl <path_cacti>/scripts/unix_processes.pl',1),(8,'47d6bfe8be57a45171afd678920bd399','Unix - Get TCP Connections','perl <path_cacti>/scripts/unix_tcp_connections.pl <grepstr>',1),(9,'cc948e4de13f32b6aea45abaadd287a3','Unix - Get Web Hits','perl <path_cacti>/scripts/webhits.pl <log_path>',1),(10,'8bd153aeb06e3ff89efc73f35849a7a0','Unix - Ping Host','perl <path_cacti>/scripts/ping.pl <ip>',1),(11,'80e9e4c4191a5da189ae26d0e237f015','Get Script Data (Indexed)','',4),(12,'332111d8b54ac8ce939af87a7eac0c06','Get Script Server Data (Indexed)','',6);
/*!40000 ALTER TABLE `data_input` ENABLE KEYS */;
UNLOCK TABLES;

--
-- Table structure for table `data_input_data`
--

DROP TABLE IF EXISTS `data_input_data`;
/*!40101 SET @saved_cs_client     = @@character_set_client */;
/*!40101 SET character_set_client = utf8 */;
CREATE TABLE `data_input_data` (
  `data_input_field_id` mediumint(8) unsigned NOT NULL DEFAULT '0',
  `data_template_data_id` mediumint(8) unsigned NOT NULL DEFAULT '0',
  `t_value` char(2) DEFAULT NULL,
  `value` text,
  PRIMARY KEY (`data_input_field_id`,`data_template_data_id`),
  KEY `t_value` (`t_value`)
) ENGINE=MyISAM DEFAULT CHARSET=latin1;
/*!40101 SET character_set_client = @saved_cs_client */;

--
-- Dumping data for table `data_input_data`
--

LOCK TABLES `data_input_data` WRITE;
/*!40000 ALTER TABLE `data_input_data` DISABLE KEYS */;
INSERT INTO `data_input_data` VALUES (14,1,'on',''),(13,1,'on',''),(12,1,'on',''),(14,2,'on',''),(13,2,'on',''),(12,2,'on',''),(14,3,'on',''),(13,3,'on',''),(12,3,'on',''),(1,4,'',''),(1,5,'',''),(1,6,'',''),(14,7,'on',''),(13,7,'on',''),(12,7,'on',''),(14,8,'on',''),(13,8,'on',''),(12,8,'on',''),(14,9,'on',''),(13,9,'on',''),(12,9,'on',''),(14,10,'on',''),(13,10,'on',''),(12,10,'on',''),(22,12,'','Buffers:'),(22,13,'','MemFree:'),(22,14,'','^Cached:'),(22,15,'','SwapFree:'),(29,18,'',''),(1,19,'',''),(2,19,'',''),(6,21,'','.1.3.6.1.2.1.25.3.3.1.2.1'),(1,27,'',''),(6,28,'','.1.3.6.1.4.1.9.9.109.1.1.1.1.3.1'),(6,29,'','.1.3.6.1.4.1.9.9.109.1.1.1.1.4.1'),(1,30,'',''),(1,31,'',''),(1,32,'',''),(1,33,'',''),(1,34,'',''),(14,35,'on',''),(13,35,'on',''),(12,35,'on',''),(14,36,'on',''),(13,36,'on',''),(12,36,'on',''),(1,22,'',''),(1,23,'',''),(1,24,'',''),(1,25,'',''),(1,26,'',''),(33,37,'on',''),(32,37,'on',''),(31,37,'on',''),(14,38,'on',''),(13,38,'on',''),(12,38,'on',''),(14,39,'on',''),(13,39,'on',''),(12,39,'on',''),(14,40,'on',''),(13,40,'on',''),(12,40,'on',''),(14,41,'on',''),(13,41,'on',''),(12,41,'on',''),(14,55,'on',''),(13,55,'on',''),(12,55,'on',''),(37,56,'on',''),(36,56,'on',''),(35,56,'on',''),(37,57,'on',''),(36,57,'on',''),(35,57,'on',''),(1,58,'',''),(1,59,'',''),(1,20,'',''),(5,6,'',''),(22,62,NULL,'MemFree:'),(22,63,NULL,'SwapFree:'),(4,6,'',''),(3,6,'',''),(2,6,'',''),(6,69,'on',''),(1,68,'',''),(2,68,'',''),(6,6,'','.1.3.6.1.4.1.2021.11.51.0'),(2,27,'',''),(3,27,'',''),(4,27,'',''),(5,27,'',''),(6,27,'','.1.3.6.1.4.1.9.2.1.58.0'),(2,59,'',''),(3,59,'',''),(4,59,'',''),(5,59,'',''),(6,59,'','.1.3.6.1.2.1.25.1.5.0'),(2,58,'',''),(3,58,'',''),(4,58,'',''),(5,58,'',''),(6,58,'','.1.3.6.1.2.1.25.1.6.0'),(2,24,'',''),(3,24,'',''),(4,24,'',''),(5,24,'',''),(6,24,'','.1.3.6.1.4.1.23.2.28.2.5.0'),(2,25,'',''),(3,25,'',''),(4,25,'',''),(5,25,'',''),(6,25,'','.1.3.6.1.4.1.23.2.28.2.6.0'),(2,22,'',''),(3,22,'',''),(4,22,'',''),(5,22,'',''),(6,22,'','.1.3.6.1.4.1.23.2.28.2.1.0'),(2,23,'',''),(3,23,'',''),(4,23,'',''),(5,23,'',''),(6,23,'','.1.3.6.1.4.1.23.2.28.2.2.0'),(2,26,'',''),(3,26,'',''),(4,26,'',''),(5,26,'',''),(6,26,'','.1.3.6.1.4.1.23.2.28.2.7.0'),(2,20,'',''),(3,20,'',''),(4,20,'',''),(5,20,'',''),(6,20,'','.1.3.6.1.4.1.23.2.28.3.2.0'),(3,19,'',''),(4,19,'',''),(5,19,'',''),(6,19,'','.1.3.6.1.4.1.23.2.28.3.1'),(2,4,'',''),(3,4,'',''),(4,4,'',''),(5,4,'',''),(6,4,'','.1.3.6.1.4.1.2021.11.52.0'),(2,5,'',''),(3,5,'',''),(4,5,'',''),(5,5,'',''),(6,5,'','.1.3.6.1.4.1.2021.11.50.0'),(2,30,'',''),(3,30,'',''),(4,30,'',''),(5,30,'',''),(6,30,'','.1.3.6.1.4.1.2021.10.1.3.1'),(2,32,'',''),(3,32,'',''),(4,32,'',''),(5,32,'',''),(6,32,'','.1.3.6.1.4.1.2021.10.1.3.3'),(2,31,'',''),(3,31,'',''),(4,31,'',''),(5,31,'',''),(6,31,'','.1.3.6.1.4.1.2021.10.1.3.2'),(2,33,'',''),(3,33,'',''),(4,33,'',''),(5,33,'',''),(6,33,'','.1.3.6.1.4.1.2021.4.14.0'),(3,68,'',''),(4,68,'',''),(5,68,'',''),(6,68,'','.1.3.6.1.4.1.2021.4.15.0'),(2,34,'',''),(3,34,'',''),(4,34,'',''),(5,34,'',''),(6,34,'','.1.3.6.1.4.1.2021.4.6.0'),(20,17,'',''),(20,65,NULL,''),(22,70,'','MemFree:'),(22,71,'','SwapFree:'),(1,72,NULL,'10.0.69.1'),(5,72,NULL,'2'),(4,72,NULL,''),(3,72,NULL,''),(2,72,NULL,'inf520'),(6,72,'','.1.3.6.1.4.1.2021.11.51.0'),(1,73,NULL,'10.0.69.1'),(2,73,NULL,'inf520'),(3,73,NULL,''),(4,73,NULL,''),(5,73,NULL,'2'),(6,73,'','.1.3.6.1.4.1.2021.11.52.0'),(1,74,NULL,'10.0.69.1'),(2,74,NULL,'inf520'),(3,74,NULL,''),(4,74,NULL,''),(5,74,NULL,'2'),(6,74,'','.1.3.6.1.4.1.2021.11.50.0'),(40,72,NULL,'161'),(41,72,NULL,''),(42,72,NULL,''),(43,72,NULL,''),(40,73,NULL,'161'),(41,73,NULL,''),(42,73,NULL,''),(43,73,NULL,''),(40,74,NULL,'161'),(41,74,NULL,''),(42,74,NULL,''),(43,74,NULL,''),(1,75,NULL,'10.0.69.1'),(2,75,NULL,'inf520'),(3,75,NULL,''),(4,75,NULL,''),(5,75,NULL,'2'),(6,75,'','.1.3.6.1.4.1.2021.10.1.3.1'),(1,76,NULL,'10.0.69.1'),(2,76,NULL,'inf520'),(3,76,NULL,''),(4,76,NULL,''),(5,76,NULL,'2'),(6,76,'','.1.3.6.1.4.1.2021.10.1.3.3'),(1,77,NULL,'10.0.69.1'),(2,77,NULL,'inf520'),(3,77,NULL,''),(4,77,NULL,''),(5,77,NULL,'2'),(6,77,'','.1.3.6.1.4.1.2021.10.1.3.2'),(40,75,NULL,'161'),(41,75,NULL,''),(42,75,NULL,''),(43,75,NULL,''),(40,76,NULL,'161'),(41,76,NULL,''),(42,76,NULL,''),(43,76,NULL,''),(40,77,NULL,'161'),(41,77,NULL,''),(42,77,NULL,''),(43,77,NULL,''),(1,78,NULL,'10.0.69.1'),(2,78,NULL,'inf520'),(3,78,NULL,''),(4,78,NULL,''),(5,78,NULL,'2'),(6,78,'','.1.3.6.1.4.1.2021.4.14.0'),(1,79,NULL,'10.0.69.1'),(2,79,NULL,'inf520'),(3,79,NULL,''),(4,79,NULL,''),(5,79,NULL,'2'),(6,79,'','.1.3.6.1.4.1.2021.4.15.0'),(1,80,NULL,'10.0.69.1'),(2,80,NULL,'inf520'),(3,80,NULL,''),(4,80,NULL,''),(5,80,NULL,'2'),(6,80,'','.1.3.6.1.4.1.2021.4.6.0'),(40,78,NULL,'161'),(41,78,NULL,''),(42,78,NULL,''),(43,78,NULL,''),(40,79,NULL,'161'),(41,79,NULL,''),(42,79,NULL,''),(43,79,NULL,''),(40,80,NULL,'161'),(41,80,NULL,''),(42,80,NULL,''),(43,80,NULL,''),(20,82,'',''),(14,84,'','14'),(13,84,'','lo'),(12,84,'','ifDescr'),(7,84,NULL,'10.0.69.1'),(8,84,NULL,'inf520'),(9,84,NULL,''),(10,84,NULL,''),(11,84,NULL,'2'),(39,84,NULL,'161'),(44,84,NULL,''),(45,84,NULL,''),(46,84,NULL,''),(14,85,'','14'),(13,85,'','eth0'),(12,85,'','ifDescr'),(7,85,NULL,'10.0.69.1'),(8,85,NULL,'inf520'),(9,85,NULL,''),(10,85,NULL,''),(11,85,NULL,'2'),(39,85,NULL,'161'),(44,85,NULL,''),(45,85,NULL,''),(46,85,NULL,''),(14,86,'','14'),(13,86,'','eth1'),(12,86,'','ifDescr'),(7,86,NULL,'10.0.69.1'),(8,86,NULL,'inf520'),(9,86,NULL,''),(10,86,NULL,''),(11,86,NULL,'2'),(39,86,NULL,'161'),(44,86,NULL,''),(45,86,NULL,''),(46,86,NULL,''),(14,87,'','14'),(13,87,'','eth2'),(12,87,'','ifDescr'),(7,87,NULL,'10.0.69.1'),(8,87,NULL,'inf520'),(9,87,NULL,''),(10,87,NULL,''),(11,87,NULL,'2'),(39,87,NULL,'161'),(44,87,NULL,''),(45,87,NULL,''),(46,87,NULL,''),(14,88,'','14'),(13,88,'','eth3'),(12,88,'','ifDescr'),(7,88,NULL,'10.0.69.1'),(8,88,NULL,'inf520'),(9,88,NULL,''),(10,88,NULL,''),(11,88,NULL,'2'),(39,88,NULL,'161'),(44,88,NULL,''),(45,88,NULL,''),(46,88,NULL,''),(33,89,'','15'),(32,89,'','/dev/sda1'),(31,89,'','dskDevice'),(22,90,'','MemFree:'),(22,91,'','SwapFree:'),(1,92,NULL,'10.0.69.6'),(5,92,NULL,'2'),(4,92,NULL,''),(3,92,NULL,''),(2,92,NULL,'inf520'),(6,92,'','.1.3.6.1.4.1.2021.11.51.0'),(1,93,NULL,'10.0.69.6'),(2,93,NULL,'inf520'),(3,93,NULL,''),(4,93,NULL,''),(5,93,NULL,'2'),(6,93,'','.1.3.6.1.4.1.2021.11.52.0'),(1,94,NULL,'10.0.69.6'),(2,94,NULL,'inf520'),(3,94,NULL,''),(4,94,NULL,''),(5,94,NULL,'2'),(6,94,'','.1.3.6.1.4.1.2021.11.50.0'),(40,92,NULL,'161'),(41,92,NULL,''),(42,92,NULL,''),(43,92,NULL,''),(40,93,NULL,'161'),(41,93,NULL,''),(42,93,NULL,''),(43,93,NULL,''),(40,94,NULL,'161'),(41,94,NULL,''),(42,94,NULL,''),(43,94,NULL,''),(1,95,NULL,'10.0.69.6'),(2,95,NULL,'inf520'),(3,95,NULL,''),(4,95,NULL,''),(5,95,NULL,'2'),(6,95,'','.1.3.6.1.4.1.2021.10.1.3.1'),(1,96,NULL,'10.0.69.6'),(2,96,NULL,'inf520'),(3,96,NULL,''),(4,96,NULL,''),(5,96,NULL,'2'),(6,96,'','.1.3.6.1.4.1.2021.10.1.3.3'),(1,97,NULL,'10.0.69.6'),(2,97,NULL,'inf520'),(3,97,NULL,''),(4,97,NULL,''),(5,97,NULL,'2'),(6,97,'','.1.3.6.1.4.1.2021.10.1.3.2'),(40,95,NULL,'161'),(41,95,NULL,''),(42,95,NULL,''),(43,95,NULL,''),(40,96,NULL,'161'),(41,96,NULL,''),(42,96,NULL,''),(43,96,NULL,''),(40,97,NULL,'161'),(41,97,NULL,''),(42,97,NULL,''),(43,97,NULL,''),(1,98,NULL,'10.0.69.6'),(2,98,NULL,'inf520'),(3,98,NULL,''),(4,98,NULL,''),(5,98,NULL,'2'),(6,98,'','.1.3.6.1.4.1.2021.4.14.0'),(1,99,NULL,'10.0.69.6'),(2,99,NULL,'inf520'),(3,99,NULL,''),(4,99,NULL,''),(5,99,NULL,'2'),(6,99,'','.1.3.6.1.4.1.2021.4.15.0'),(1,100,NULL,'10.0.69.6'),(2,100,NULL,'inf520'),(3,100,NULL,''),(4,100,NULL,''),(5,100,NULL,'2'),(6,100,'','.1.3.6.1.4.1.2021.4.6.0'),(40,98,NULL,'161'),(41,98,NULL,''),(42,98,NULL,''),(43,98,NULL,''),(40,99,NULL,'161'),(41,99,NULL,''),(42,99,NULL,''),(43,99,NULL,''),(40,100,NULL,'161'),(41,100,NULL,''),(42,100,NULL,''),(43,100,NULL,''),(20,102,'',''),(14,104,'','14'),(13,104,'','lo'),(12,104,'','ifDescr'),(7,104,NULL,'10.0.69.6'),(8,104,NULL,'inf520'),(9,104,NULL,''),(10,104,NULL,''),(11,104,NULL,'2'),(39,104,NULL,'161'),(44,104,NULL,''),(45,104,NULL,''),(46,104,NULL,''),(14,105,'','14'),(13,105,'','eth0'),(12,105,'','ifDescr'),(7,105,NULL,'10.0.69.6'),(8,105,NULL,'inf520'),(9,105,NULL,''),(10,105,NULL,''),(11,105,NULL,'2'),(39,105,NULL,'161'),(44,105,NULL,''),(45,105,NULL,''),(46,105,NULL,''),(14,106,'','14'),(13,106,'','eth1'),(12,106,'','ifDescr'),(7,106,NULL,'10.0.69.6'),(8,106,NULL,'inf520'),(9,106,NULL,''),(10,106,NULL,''),(11,106,NULL,'2'),(39,106,NULL,'161'),(44,106,NULL,''),(45,106,NULL,''),(46,106,NULL,''),(14,107,'','6'),(13,107,'','1'),(12,107,'','dskIndex'),(7,107,NULL,'10.0.69.6'),(8,107,NULL,'inf520'),(9,107,NULL,''),(10,107,NULL,''),(11,107,NULL,'2'),(39,107,NULL,'161'),(44,107,NULL,''),(45,107,NULL,''),(46,107,NULL,''),(14,108,'','6'),(13,108,'','2'),(12,108,'','dskIndex'),(7,108,NULL,'10.0.69.6'),(8,108,NULL,'inf520'),(9,108,NULL,''),(10,108,NULL,''),(11,108,NULL,'2'),(39,108,NULL,'161'),(44,108,NULL,''),(45,108,NULL,''),(46,108,NULL,''),(14,109,'','6'),(13,109,'','3'),(12,109,'','dskIndex'),(7,109,NULL,'10.0.69.6'),(8,109,NULL,'inf520'),(9,109,NULL,''),(10,109,NULL,''),(11,109,NULL,'2'),(39,109,NULL,'161'),(44,109,NULL,''),(45,109,NULL,''),(46,109,NULL,''),(14,110,'','6'),(13,110,'','4'),(12,110,'','dskIndex'),(7,110,NULL,'10.0.69.6'),(8,110,NULL,'inf520'),(9,110,NULL,''),(10,110,NULL,''),(11,110,NULL,'2'),(39,110,NULL,'161'),(44,110,NULL,''),(45,110,NULL,''),(46,110,NULL,''),(14,111,'','6'),(13,111,'','5'),(12,111,'','dskIndex'),(7,111,NULL,'10.0.69.6'),(8,111,NULL,'inf520'),(9,111,NULL,''),(10,111,NULL,''),(11,111,NULL,'2'),(39,111,NULL,'161'),(44,111,NULL,''),(45,111,NULL,''),(46,111,NULL,''),(14,112,'','6'),(13,112,'','6'),(12,112,'','dskIndex'),(7,112,NULL,'10.0.69.6'),(8,112,NULL,'inf520'),(9,112,NULL,''),(10,112,NULL,''),(11,112,NULL,'2'),(39,112,NULL,'161'),(44,112,NULL,''),(45,112,NULL,''),(46,112,NULL,''),(14,113,'','6'),(13,113,'','7'),(12,113,'','dskIndex'),(7,113,NULL,'10.0.69.6'),(8,113,NULL,'inf520'),(9,113,NULL,''),(10,113,NULL,''),(11,113,NULL,'2'),(39,113,NULL,'161'),(44,113,NULL,''),(45,113,NULL,''),(46,113,NULL,''),(14,114,'','6'),(13,114,'','8'),(12,114,'','dskIndex'),(7,114,NULL,'10.0.69.6'),(8,114,NULL,'inf520'),(9,114,NULL,''),(10,114,NULL,''),(11,114,NULL,'2'),(39,114,NULL,'161'),(44,114,NULL,''),(45,114,NULL,''),(46,114,NULL,''),(33,115,'','15'),(32,115,'','/dev/sda1'),(31,115,'','dskDevice'),(22,116,'','MemFree:'),(22,117,'','SwapFree:'),(1,118,NULL,'10.0.69.3'),(5,118,NULL,'2'),(4,118,NULL,''),(3,118,NULL,''),(2,118,NULL,'inf520'),(6,118,'','.1.3.6.1.4.1.2021.11.51.0'),(1,119,NULL,'10.0.69.3'),(2,119,NULL,'inf520'),(3,119,NULL,''),(4,119,NULL,''),(5,119,NULL,'2'),(6,119,'','.1.3.6.1.4.1.2021.11.52.0'),(1,120,NULL,'10.0.69.3'),(2,120,NULL,'inf520'),(3,120,NULL,''),(4,120,NULL,''),(5,120,NULL,'2'),(6,120,'','.1.3.6.1.4.1.2021.11.50.0'),(40,118,NULL,'161'),(41,118,NULL,''),(42,118,NULL,''),(43,118,NULL,''),(40,119,NULL,'161'),(41,119,NULL,''),(42,119,NULL,''),(43,119,NULL,''),(40,120,NULL,'161'),(41,120,NULL,''),(42,120,NULL,''),(43,120,NULL,''),(1,121,NULL,'10.0.69.3'),(2,121,NULL,'inf520'),(3,121,NULL,''),(4,121,NULL,''),(5,121,NULL,'2'),(6,121,'','.1.3.6.1.4.1.2021.10.1.3.1'),(1,122,NULL,'10.0.69.3'),(2,122,NULL,'inf520'),(3,122,NULL,''),(4,122,NULL,''),(5,122,NULL,'2'),(6,122,'','.1.3.6.1.4.1.2021.10.1.3.3'),(1,123,NULL,'10.0.69.3'),(2,123,NULL,'inf520'),(3,123,NULL,''),(4,123,NULL,''),(5,123,NULL,'2'),(6,123,'','.1.3.6.1.4.1.2021.10.1.3.2'),(40,121,NULL,'161'),(41,121,NULL,''),(42,121,NULL,''),(43,121,NULL,''),(40,122,NULL,'161'),(41,122,NULL,''),(42,122,NULL,''),(43,122,NULL,''),(40,123,NULL,'161'),(41,123,NULL,''),(42,123,NULL,''),(43,123,NULL,''),(1,124,NULL,'10.0.69.3'),(2,124,NULL,'inf520'),(3,124,NULL,''),(4,124,NULL,''),(5,124,NULL,'2'),(6,124,'','.1.3.6.1.4.1.2021.4.14.0'),(1,125,NULL,'10.0.69.3'),(2,125,NULL,'inf520'),(3,125,NULL,''),(4,125,NULL,''),(5,125,NULL,'2'),(6,125,'','.1.3.6.1.4.1.2021.4.15.0'),(1,126,NULL,'10.0.69.3'),(2,126,NULL,'inf520'),(3,126,NULL,''),(4,126,NULL,''),(5,126,NULL,'2'),(6,126,'','.1.3.6.1.4.1.2021.4.6.0'),(40,124,NULL,'161'),(41,124,NULL,''),(42,124,NULL,''),(43,124,NULL,''),(40,125,NULL,'161'),(41,125,NULL,''),(42,125,NULL,''),(43,125,NULL,''),(40,126,NULL,'161'),(41,126,NULL,''),(42,126,NULL,''),(43,126,NULL,''),(20,128,'',''),(14,130,'','14'),(13,130,'','lo'),(12,130,'','ifDescr'),(7,130,NULL,'10.0.69.3'),(8,130,NULL,'inf520'),(9,130,NULL,''),(10,130,NULL,''),(11,130,NULL,'2'),(39,130,NULL,'161'),(44,130,NULL,''),(45,130,NULL,''),(46,130,NULL,''),(14,131,'','14'),(13,131,'','eth0'),(12,131,'','ifDescr'),(7,131,NULL,'10.0.69.3'),(8,131,NULL,'inf520'),(9,131,NULL,''),(10,131,NULL,''),(11,131,NULL,'2'),(39,131,NULL,'161'),(44,131,NULL,''),(45,131,NULL,''),(46,131,NULL,''),(14,132,'','14'),(13,132,'','eth1'),(12,132,'','ifDescr'),(7,132,NULL,'10.0.69.3'),(8,132,NULL,'inf520'),(9,132,NULL,''),(10,132,NULL,''),(11,132,NULL,'2'),(39,132,NULL,'161'),(44,132,NULL,''),(45,132,NULL,''),(46,132,NULL,''),(14,133,'','6'),(13,133,'','1'),(12,133,'','dskIndex'),(7,133,NULL,'10.0.69.3'),(8,133,NULL,'inf520'),(9,133,NULL,''),(10,133,NULL,''),(11,133,NULL,'2'),(39,133,NULL,'161'),(44,133,NULL,''),(45,133,NULL,''),(46,133,NULL,''),(14,134,'','6'),(13,134,'','2'),(12,134,'','dskIndex'),(7,134,NULL,'10.0.69.3'),(8,134,NULL,'inf520'),(9,134,NULL,''),(10,134,NULL,''),(11,134,NULL,'2'),(39,134,NULL,'161'),(44,134,NULL,''),(45,134,NULL,''),(46,134,NULL,''),(14,135,'','6'),(13,135,'','3'),(12,135,'','dskIndex'),(7,135,NULL,'10.0.69.3'),(8,135,NULL,'inf520'),(9,135,NULL,''),(10,135,NULL,''),(11,135,NULL,'2'),(39,135,NULL,'161'),(44,135,NULL,''),(45,135,NULL,''),(46,135,NULL,''),(14,136,'','6'),(13,136,'','4'),(12,136,'','dskIndex'),(7,136,NULL,'10.0.69.3'),(8,136,NULL,'inf520'),(9,136,NULL,''),(10,136,NULL,''),(11,136,NULL,'2'),(39,136,NULL,'161'),(44,136,NULL,''),(45,136,NULL,''),(46,136,NULL,''),(14,137,'','6'),(13,137,'','5'),(12,137,'','dskIndex'),(7,137,NULL,'10.0.69.3'),(8,137,NULL,'inf520'),(9,137,NULL,''),(10,137,NULL,''),(11,137,NULL,'2'),(39,137,NULL,'161'),(44,137,NULL,''),(45,137,NULL,''),(46,137,NULL,''),(14,138,'','6'),(13,138,'','6'),(12,138,'','dskIndex'),(7,138,NULL,'10.0.69.3'),(8,138,NULL,'inf520'),(9,138,NULL,''),(10,138,NULL,''),(11,138,NULL,'2'),(39,138,NULL,'161'),(44,138,NULL,''),(45,138,NULL,''),(46,138,NULL,''),(14,139,'','6'),(13,139,'','7'),(12,139,'','dskIndex'),(7,139,NULL,'10.0.69.3'),(8,139,NULL,'inf520'),(9,139,NULL,''),(10,139,NULL,''),(11,139,NULL,'2'),(39,139,NULL,'161'),(44,139,NULL,''),(45,139,NULL,''),(46,139,NULL,''),(14,140,'','6'),(13,140,'','8'),(12,140,'','dskIndex'),(7,140,NULL,'10.0.69.3'),(8,140,NULL,'inf520'),(9,140,NULL,''),(10,140,NULL,''),(11,140,NULL,'2'),(39,140,NULL,'161'),(44,140,NULL,''),(45,140,NULL,''),(46,140,NULL,''),(33,141,'','15'),(32,141,'','/dev/sda1'),(31,141,'','dskDevice'),(22,142,'','MemFree:'),(22,143,'','SwapFree:'),(1,144,NULL,'10.0.69.5'),(5,144,NULL,'2'),(4,144,NULL,''),(3,144,NULL,''),(2,144,NULL,'inf520'),(6,144,'','.1.3.6.1.4.1.2021.11.51.0'),(1,145,NULL,'10.0.69.5'),(2,145,NULL,'inf520'),(3,145,NULL,''),(4,145,NULL,''),(5,145,NULL,'2'),(6,145,'','.1.3.6.1.4.1.2021.11.52.0'),(1,146,NULL,'10.0.69.5'),(2,146,NULL,'inf520'),(3,146,NULL,''),(4,146,NULL,''),(5,146,NULL,'2'),(6,146,'','.1.3.6.1.4.1.2021.11.50.0'),(40,144,NULL,'161'),(41,144,NULL,''),(42,144,NULL,''),(43,144,NULL,''),(40,145,NULL,'161'),(41,145,NULL,''),(42,145,NULL,''),(43,145,NULL,''),(40,146,NULL,'161'),(41,146,NULL,''),(42,146,NULL,''),(43,146,NULL,''),(1,147,NULL,'10.0.69.5'),(2,147,NULL,'inf520'),(3,147,NULL,''),(4,147,NULL,''),(5,147,NULL,'2'),(6,147,'','.1.3.6.1.4.1.2021.10.1.3.1'),(1,148,NULL,'10.0.69.5'),(2,148,NULL,'inf520'),(3,148,NULL,''),(4,148,NULL,''),(5,148,NULL,'2'),(6,148,'','.1.3.6.1.4.1.2021.10.1.3.3'),(1,149,NULL,'10.0.69.5'),(2,149,NULL,'inf520'),(3,149,NULL,''),(4,149,NULL,''),(5,149,NULL,'2'),(6,149,'','.1.3.6.1.4.1.2021.10.1.3.2'),(40,147,NULL,'161'),(41,147,NULL,''),(42,147,NULL,''),(43,147,NULL,''),(40,148,NULL,'161'),(41,148,NULL,''),(42,148,NULL,''),(43,148,NULL,''),(40,149,NULL,'161'),(41,149,NULL,''),(42,149,NULL,''),(43,149,NULL,''),(1,150,NULL,'10.0.69.5'),(2,150,NULL,'inf520'),(3,150,NULL,''),(4,150,NULL,''),(5,150,NULL,'2'),(6,150,'','.1.3.6.1.4.1.2021.4.14.0'),(1,151,NULL,'10.0.69.5'),(2,151,NULL,'inf520'),(3,151,NULL,''),(4,151,NULL,''),(5,151,NULL,'2'),(6,151,'','.1.3.6.1.4.1.2021.4.15.0'),(1,152,NULL,'10.0.69.5'),(2,152,NULL,'inf520'),(3,152,NULL,''),(4,152,NULL,''),(5,152,NULL,'2'),(6,152,'','.1.3.6.1.4.1.2021.4.6.0'),(40,150,NULL,'161'),(41,150,NULL,''),(42,150,NULL,''),(43,150,NULL,''),(40,151,NULL,'161'),(41,151,NULL,''),(42,151,NULL,''),(43,151,NULL,''),(40,152,NULL,'161'),(41,152,NULL,''),(42,152,NULL,''),(43,152,NULL,''),(20,154,'',''),(14,156,'','14'),(13,156,'','lo'),(12,156,'','ifDescr'),(7,156,NULL,'10.0.69.5'),(8,156,NULL,'inf520'),(9,156,NULL,''),(10,156,NULL,''),(11,156,NULL,'2'),(39,156,NULL,'161'),(44,156,NULL,''),(45,156,NULL,''),(46,156,NULL,''),(14,157,'','14'),(13,157,'','eth0'),(12,157,'','ifDescr'),(7,157,NULL,'10.0.69.5'),(8,157,NULL,'inf520'),(9,157,NULL,''),(10,157,NULL,''),(11,157,NULL,'2'),(39,157,NULL,'161'),(44,157,NULL,''),(45,157,NULL,''),(46,157,NULL,''),(14,158,'','14'),(13,158,'','eth1'),(12,158,'','ifDescr'),(7,158,NULL,'10.0.69.5'),(8,158,NULL,'inf520'),(9,158,NULL,''),(10,158,NULL,''),(11,158,NULL,'2'),(39,158,NULL,'161'),(44,158,NULL,''),(45,158,NULL,''),(46,158,NULL,''),(14,159,'','6'),(13,159,'','1'),(12,159,'','dskIndex'),(7,159,NULL,'10.0.69.5'),(8,159,NULL,'inf520'),(9,159,NULL,''),(10,159,NULL,''),(11,159,NULL,'2'),(39,159,NULL,'161'),(44,159,NULL,''),(45,159,NULL,''),(46,159,NULL,''),(14,160,'','6'),(13,160,'','2'),(12,160,'','dskIndex'),(7,160,NULL,'10.0.69.5'),(8,160,NULL,'inf520'),(9,160,NULL,''),(10,160,NULL,''),(11,160,NULL,'2'),(39,160,NULL,'161'),(44,160,NULL,''),(45,160,NULL,''),(46,160,NULL,''),(14,161,'','6'),(13,161,'','3'),(12,161,'','dskIndex'),(7,161,NULL,'10.0.69.5'),(8,161,NULL,'inf520'),(9,161,NULL,''),(10,161,NULL,''),(11,161,NULL,'2'),(39,161,NULL,'161'),(44,161,NULL,''),(45,161,NULL,''),(46,161,NULL,''),(14,162,'','6'),(13,162,'','4'),(12,162,'','dskIndex'),(7,162,NULL,'10.0.69.5'),(8,162,NULL,'inf520'),(9,162,NULL,''),(10,162,NULL,''),(11,162,NULL,'2'),(39,162,NULL,'161'),(44,162,NULL,''),(45,162,NULL,''),(46,162,NULL,''),(14,163,'','6'),(13,163,'','5'),(12,163,'','dskIndex'),(7,163,NULL,'10.0.69.5'),(8,163,NULL,'inf520'),(9,163,NULL,''),(10,163,NULL,''),(11,163,NULL,'2'),(39,163,NULL,'161'),(44,163,NULL,''),(45,163,NULL,''),(46,163,NULL,''),(14,164,'','6'),(13,164,'','6'),(12,164,'','dskIndex'),(7,164,NULL,'10.0.69.5'),(8,164,NULL,'inf520'),(9,164,NULL,''),(10,164,NULL,''),(11,164,NULL,'2'),(39,164,NULL,'161'),(44,164,NULL,''),(45,164,NULL,''),(46,164,NULL,''),(14,165,'','6'),(13,165,'','7'),(12,165,'','dskIndex'),(7,165,NULL,'10.0.69.5'),(8,165,NULL,'inf520'),(9,165,NULL,''),(10,165,NULL,''),(11,165,NULL,'2'),(39,165,NULL,'161'),(44,165,NULL,''),(45,165,NULL,''),(46,165,NULL,''),(14,166,'','6'),(13,166,'','8'),(12,166,'','dskIndex'),(7,166,NULL,'10.0.69.5'),(8,166,NULL,'inf520'),(9,166,NULL,''),(10,166,NULL,''),(11,166,NULL,'2'),(39,166,NULL,'161'),(44,166,NULL,''),(45,166,NULL,''),(46,166,NULL,''),(33,167,'','15'),(32,167,'','/dev/sda1'),(31,167,'','dskDevice'),(22,168,'','MemFree:'),(22,169,'','SwapFree:'),(1,170,NULL,'10.0.69.2'),(5,170,NULL,'2'),(4,170,NULL,''),(3,170,NULL,''),(2,170,NULL,'cacti'),(6,170,'','.1.3.6.1.4.1.2021.11.51.0'),(1,171,NULL,'10.0.69.2'),(2,171,NULL,'cacti'),(3,171,NULL,''),(4,171,NULL,''),(5,171,NULL,'2'),(6,171,'','.1.3.6.1.4.1.2021.11.52.0'),(1,172,NULL,'10.0.69.2'),(2,172,NULL,'cacti'),(3,172,NULL,''),(4,172,NULL,''),(5,172,NULL,'2'),(6,172,'','.1.3.6.1.4.1.2021.11.50.0'),(40,170,NULL,'161'),(41,170,NULL,''),(42,170,NULL,''),(43,170,NULL,''),(40,171,NULL,'161'),(41,171,NULL,''),(42,171,NULL,''),(43,171,NULL,''),(40,172,NULL,'161'),(41,172,NULL,''),(42,172,NULL,''),(43,172,NULL,''),(1,173,NULL,'10.0.69.2'),(2,173,NULL,'cacti'),(3,173,NULL,''),(4,173,NULL,''),(5,173,NULL,'2'),(6,173,'','.1.3.6.1.4.1.2021.10.1.3.1'),(1,174,NULL,'10.0.69.2'),(2,174,NULL,'cacti'),(3,174,NULL,''),(4,174,NULL,''),(5,174,NULL,'2'),(6,174,'','.1.3.6.1.4.1.2021.10.1.3.3'),(1,175,NULL,'10.0.69.2'),(2,175,NULL,'cacti'),(3,175,NULL,''),(4,175,NULL,''),(5,175,NULL,'2'),(6,175,'','.1.3.6.1.4.1.2021.10.1.3.2'),(40,173,NULL,'161'),(41,173,NULL,''),(42,173,NULL,''),(43,173,NULL,''),(40,174,NULL,'161'),(41,174,NULL,''),(42,174,NULL,''),(43,174,NULL,''),(40,175,NULL,'161'),(41,175,NULL,''),(42,175,NULL,''),(43,175,NULL,''),(1,176,NULL,'10.0.69.2'),(2,176,NULL,'cacti'),(3,176,NULL,''),(4,176,NULL,''),(5,176,NULL,'2'),(6,176,'','.1.3.6.1.4.1.2021.4.14.0'),(1,177,NULL,'10.0.69.2'),(2,177,NULL,'cacti'),(3,177,NULL,''),(4,177,NULL,''),(5,177,NULL,'2'),(6,177,'','.1.3.6.1.4.1.2021.4.15.0'),(1,178,NULL,'10.0.69.2'),(2,178,NULL,'cacti'),(3,178,NULL,''),(4,178,NULL,''),(5,178,NULL,'2'),(6,178,'','.1.3.6.1.4.1.2021.4.6.0'),(40,176,NULL,'161'),(41,176,NULL,''),(42,176,NULL,''),(43,176,NULL,''),(40,177,NULL,'161'),(41,177,NULL,''),(42,177,NULL,''),(43,177,NULL,''),(40,178,NULL,'161'),(41,178,NULL,''),(42,178,NULL,''),(43,178,NULL,''),(20,180,'',''),(14,182,'','14'),(13,182,'','lo'),(12,182,'','ifDescr'),(7,182,NULL,'10.0.69.2'),(8,182,NULL,'cacti'),(9,182,NULL,''),(10,182,NULL,''),(11,182,NULL,'2'),(39,182,NULL,'161'),(44,182,NULL,''),(45,182,NULL,''),(46,182,NULL,''),(14,183,'','14'),(13,183,'','eth0'),(12,183,'','ifDescr'),(7,183,NULL,'10.0.69.2'),(8,183,NULL,'cacti'),(9,183,NULL,''),(10,183,NULL,''),(11,183,NULL,'2'),(39,183,NULL,'161'),(44,183,NULL,''),(45,183,NULL,''),(46,183,NULL,''),(14,184,'','14'),(13,184,'','eth1'),(12,184,'','ifDescr'),(7,184,NULL,'10.0.69.2'),(8,184,NULL,'cacti'),(9,184,NULL,''),(10,184,NULL,''),(11,184,NULL,'2'),(39,184,NULL,'161'),(44,184,NULL,''),(45,184,NULL,''),(46,184,NULL,''),(14,185,'','6'),(13,185,'','1'),(12,185,'','dskIndex'),(7,185,NULL,'10.0.69.2'),(8,185,NULL,'cacti'),(9,185,NULL,''),(10,185,NULL,''),(11,185,NULL,'2'),(39,185,NULL,'161'),(44,185,NULL,''),(45,185,NULL,''),(46,185,NULL,''),(14,186,'','6'),(13,186,'','2'),(12,186,'','dskIndex'),(7,186,NULL,'10.0.69.2'),(8,186,NULL,'cacti'),(9,186,NULL,''),(10,186,NULL,''),(11,186,NULL,'2'),(39,186,NULL,'161'),(44,186,NULL,''),(45,186,NULL,''),(46,186,NULL,''),(14,187,'','6'),(13,187,'','3'),(12,187,'','dskIndex'),(7,187,NULL,'10.0.69.2'),(8,187,NULL,'cacti'),(9,187,NULL,''),(10,187,NULL,''),(11,187,NULL,'2'),(39,187,NULL,'161'),(44,187,NULL,''),(45,187,NULL,''),(46,187,NULL,''),(14,188,'','6'),(13,188,'','4'),(12,188,'','dskIndex'),(7,188,NULL,'10.0.69.2'),(8,188,NULL,'cacti'),(9,188,NULL,''),(10,188,NULL,''),(11,188,NULL,'2'),(39,188,NULL,'161'),(44,188,NULL,''),(45,188,NULL,''),(46,188,NULL,''),(14,189,'','6'),(13,189,'','5'),(12,189,'','dskIndex'),(7,189,NULL,'10.0.69.2'),(8,189,NULL,'cacti'),(9,189,NULL,''),(10,189,NULL,''),(11,189,NULL,'2'),(39,189,NULL,'161'),(44,189,NULL,''),(45,189,NULL,''),(46,189,NULL,''),(14,190,'','6'),(13,190,'','6'),(12,190,'','dskIndex'),(7,190,NULL,'10.0.69.2'),(8,190,NULL,'cacti'),(9,190,NULL,''),(10,190,NULL,''),(11,190,NULL,'2'),(39,190,NULL,'161'),(44,190,NULL,''),(45,190,NULL,''),(46,190,NULL,''),(14,191,'','6'),(13,191,'','7'),(12,191,'','dskIndex'),(7,191,NULL,'10.0.69.2'),(8,191,NULL,'cacti'),(9,191,NULL,''),(10,191,NULL,''),(11,191,NULL,'2'),(39,191,NULL,'161'),(44,191,NULL,''),(45,191,NULL,''),(46,191,NULL,''),(14,192,'','6'),(13,192,'','8'),(12,192,'','dskIndex'),(7,192,NULL,'10.0.69.2'),(8,192,NULL,'cacti'),(9,192,NULL,''),(10,192,NULL,''),(11,192,NULL,'2'),(39,192,NULL,'161'),(44,192,NULL,''),(45,192,NULL,''),(46,192,NULL,''),(33,193,'','15'),(32,193,'','/dev/sda1'),(31,193,'','dskDevice'),(22,194,'','MemFree:'),(22,195,'','SwapFree:'),(1,196,NULL,'10.0.69.4'),(5,196,NULL,'2'),(4,196,NULL,''),(3,196,NULL,''),(2,196,NULL,'cacti'),(6,196,'','.1.3.6.1.4.1.2021.11.51.0'),(1,197,NULL,'10.0.69.4'),(2,197,NULL,'cacti'),(3,197,NULL,''),(4,197,NULL,''),(5,197,NULL,'2'),(6,197,'','.1.3.6.1.4.1.2021.11.52.0'),(1,198,NULL,'10.0.69.4'),(2,198,NULL,'cacti'),(3,198,NULL,''),(4,198,NULL,''),(5,198,NULL,'2'),(6,198,'','.1.3.6.1.4.1.2021.11.50.0'),(40,196,NULL,'161'),(41,196,NULL,''),(42,196,NULL,''),(43,196,NULL,''),(40,197,NULL,'161'),(41,197,NULL,''),(42,197,NULL,''),(43,197,NULL,''),(40,198,NULL,'161'),(41,198,NULL,''),(42,198,NULL,''),(43,198,NULL,''),(1,199,NULL,'10.0.69.4'),(2,199,NULL,'cacti'),(3,199,NULL,''),(4,199,NULL,''),(5,199,NULL,'2'),(6,199,'','.1.3.6.1.4.1.2021.10.1.3.1'),(1,200,NULL,'10.0.69.4'),(2,200,NULL,'cacti'),(3,200,NULL,''),(4,200,NULL,''),(5,200,NULL,'2'),(6,200,'','.1.3.6.1.4.1.2021.10.1.3.3'),(1,201,NULL,'10.0.69.4'),(2,201,NULL,'cacti'),(3,201,NULL,''),(4,201,NULL,''),(5,201,NULL,'2'),(6,201,'','.1.3.6.1.4.1.2021.10.1.3.2'),(40,199,NULL,'161'),(41,199,NULL,''),(42,199,NULL,''),(43,199,NULL,''),(40,200,NULL,'161'),(41,200,NULL,''),(42,200,NULL,''),(43,200,NULL,''),(40,201,NULL,'161'),(41,201,NULL,''),(42,201,NULL,''),(43,201,NULL,''),(1,202,NULL,'10.0.69.4'),(2,202,NULL,'cacti'),(3,202,NULL,''),(4,202,NULL,''),(5,202,NULL,'2'),(6,202,'','.1.3.6.1.4.1.2021.4.14.0'),(1,203,NULL,'10.0.69.4'),(2,203,NULL,'cacti'),(3,203,NULL,''),(4,203,NULL,''),(5,203,NULL,'2'),(6,203,'','.1.3.6.1.4.1.2021.4.15.0'),(1,204,NULL,'10.0.69.4'),(2,204,NULL,'cacti'),(3,204,NULL,''),(4,204,NULL,''),(5,204,NULL,'2'),(6,204,'','.1.3.6.1.4.1.2021.4.6.0'),(40,202,NULL,'161'),(41,202,NULL,''),(42,202,NULL,''),(43,202,NULL,''),(40,203,NULL,'161'),(41,203,NULL,''),(42,203,NULL,''),(43,203,NULL,''),(40,204,NULL,'161'),(41,204,NULL,''),(42,204,NULL,''),(43,204,NULL,''),(20,206,'',''),(14,208,'','14'),(13,208,'','lo'),(12,208,'','ifDescr'),(7,208,NULL,'10.0.69.4'),(8,208,NULL,'cacti'),(9,208,NULL,''),(10,208,NULL,''),(11,208,NULL,'2'),(39,208,NULL,'161'),(44,208,NULL,''),(45,208,NULL,''),(46,208,NULL,''),(14,209,'','14'),(13,209,'','eth0'),(12,209,'','ifDescr'),(7,209,NULL,'10.0.69.4'),(8,209,NULL,'cacti'),(9,209,NULL,''),(10,209,NULL,''),(11,209,NULL,'2'),(39,209,NULL,'161'),(44,209,NULL,''),(45,209,NULL,''),(46,209,NULL,''),(14,210,'','14'),(13,210,'','eth1'),(12,210,'','ifDescr'),(7,210,NULL,'10.0.69.4'),(8,210,NULL,'cacti'),(9,210,NULL,''),(10,210,NULL,''),(11,210,NULL,'2'),(39,210,NULL,'161'),(44,210,NULL,''),(45,210,NULL,''),(46,210,NULL,''),(14,211,'','6'),(13,211,'','1'),(12,211,'','dskIndex'),(7,211,NULL,'10.0.69.4'),(8,211,NULL,'cacti'),(9,211,NULL,''),(10,211,NULL,''),(11,211,NULL,'2'),(39,211,NULL,'161'),(44,211,NULL,''),(45,211,NULL,''),(46,211,NULL,''),(14,212,'','6'),(13,212,'','2'),(12,212,'','dskIndex'),(7,212,NULL,'10.0.69.4'),(8,212,NULL,'cacti'),(9,212,NULL,''),(10,212,NULL,''),(11,212,NULL,'2'),(39,212,NULL,'161'),(44,212,NULL,''),(45,212,NULL,''),(46,212,NULL,''),(14,213,'','6'),(13,213,'','3'),(12,213,'','dskIndex'),(7,213,NULL,'10.0.69.4'),(8,213,NULL,'cacti'),(9,213,NULL,''),(10,213,NULL,''),(11,213,NULL,'2'),(39,213,NULL,'161'),(44,213,NULL,''),(45,213,NULL,''),(46,213,NULL,''),(14,214,'','6'),(13,214,'','4'),(12,214,'','dskIndex'),(7,214,NULL,'10.0.69.4'),(8,214,NULL,'cacti'),(9,214,NULL,''),(10,214,NULL,''),(11,214,NULL,'2'),(39,214,NULL,'161'),(44,214,NULL,''),(45,214,NULL,''),(46,214,NULL,''),(14,215,'','6'),(13,215,'','5'),(12,215,'','dskIndex'),(7,215,NULL,'10.0.69.4'),(8,215,NULL,'cacti'),(9,215,NULL,''),(10,215,NULL,''),(11,215,NULL,'2'),(39,215,NULL,'161'),(44,215,NULL,''),(45,215,NULL,''),(46,215,NULL,''),(14,216,'','6'),(13,216,'','6'),(12,216,'','dskIndex'),(7,216,NULL,'10.0.69.4'),(8,216,NULL,'cacti'),(9,216,NULL,''),(10,216,NULL,''),(11,216,NULL,'2'),(39,216,NULL,'161'),(44,216,NULL,''),(45,216,NULL,''),(46,216,NULL,''),(14,217,'','6'),(13,217,'','7'),(12,217,'','dskIndex'),(7,217,NULL,'10.0.69.4'),(8,217,NULL,'cacti'),(9,217,NULL,''),(10,217,NULL,''),(11,217,NULL,'2'),(39,217,NULL,'161'),(44,217,NULL,''),(45,217,NULL,''),(46,217,NULL,''),(14,218,'','6'),(13,218,'','8'),(12,218,'','dskIndex'),(7,218,NULL,'10.0.69.4'),(8,218,NULL,'cacti'),(9,218,NULL,''),(10,218,NULL,''),(11,218,NULL,'2'),(39,218,NULL,'161'),(44,218,NULL,''),(45,218,NULL,''),(46,218,NULL,''),(33,219,'','15'),(32,219,'','/dev/sda1'),(31,219,'','dskDevice');
/*!40000 ALTER TABLE `data_input_data` ENABLE KEYS */;
UNLOCK TABLES;

--
-- Table structure for table `data_input_fields`
--

DROP TABLE IF EXISTS `data_input_fields`;
/*!40101 SET @saved_cs_client     = @@character_set_client */;
/*!40101 SET character_set_client = utf8 */;
CREATE TABLE `data_input_fields` (
  `id` mediumint(8) unsigned NOT NULL AUTO_INCREMENT,
  `hash` varchar(32) NOT NULL DEFAULT '',
  `data_input_id` mediumint(8) unsigned NOT NULL DEFAULT '0',
  `name` varchar(200) NOT NULL DEFAULT '',
  `data_name` varchar(50) NOT NULL DEFAULT '',
  `input_output` char(3) NOT NULL DEFAULT '',
  `update_rra` char(2) DEFAULT '0',
  `sequence` smallint(5) NOT NULL DEFAULT '0',
  `type_code` varchar(40) DEFAULT NULL,
  `regexp_match` varchar(200) DEFAULT NULL,
  `allow_nulls` char(2) DEFAULT NULL,
  PRIMARY KEY (`id`),
  KEY `data_input_id` (`data_input_id`),
  KEY `type_code` (`type_code`)
) ENGINE=MyISAM AUTO_INCREMENT=47 DEFAULT CHARSET=latin1;
/*!40101 SET character_set_client = @saved_cs_client */;

--
-- Dumping data for table `data_input_fields`
--

LOCK TABLES `data_input_fields` WRITE;
/*!40000 ALTER TABLE `data_input_fields` DISABLE KEYS */;
INSERT INTO `data_input_fields` VALUES (1,'92f5906c8dc0f964b41f4253df582c38',1,'SNMP IP Address','management_ip','in','',0,'hostname','',''),(2,'32285d5bf16e56c478f5e83f32cda9ef',1,'SNMP Community','snmp_community','in','',0,'snmp_community','',''),(3,'ad14ac90641aed388139f6ba86a2e48b',1,'SNMP Username','snmp_username','in','',0,'snmp_username','','on'),(4,'9c55a74bd571b4f00a96fd4b793278c6',1,'SNMP Password','snmp_password','in','',0,'snmp_password','','on'),(5,'012ccb1d3687d3edb29c002ea66e72da',1,'SNMP Version (1, 2, or 3)','snmp_version','in','',0,'snmp_version','','on'),(6,'4276a5ec6e3fe33995129041b1909762',1,'OID','oid','in','',0,'snmp_oid','',''),(7,'617cdc8a230615e59f06f361ef6e7728',2,'SNMP IP Address','management_ip','in','',0,'hostname','',''),(8,'acb449d1451e8a2a655c2c99d31142c7',2,'SNMP Community','snmp_community','in','',0,'snmp_community','',''),(9,'f4facc5e2ca7ebee621f09bc6d9fc792',2,'SNMP Username (v3)','snmp_username','in','',0,'snmp_username','','on'),(10,'1cc1493a6781af2c478fa4de971531cf',2,'SNMP Password (v3)','snmp_password','in','',0,'snmp_password','','on'),(11,'b5c23f246559df38662c255f4aa21d6b',2,'SNMP Version (1, 2, or 3)','snmp_version','in','',0,'snmp_version','',''),(12,'6027a919c7c7731fbe095b6f53ab127b',2,'Index Type','index_type','in','',0,'index_type','',''),(13,'cbbe5c1ddfb264a6e5d509ce1c78c95f',2,'Index Value','index_value','in','',0,'index_value','',''),(14,'e6deda7be0f391399c5130e7c4a48b28',2,'Output Type ID','output_type','in','',0,'output_type','',''),(15,'edfd72783ad02df128ff82fc9324b4b9',3,'Disk Partition','partition','in','',1,'','',''),(16,'8b75fb61d288f0b5fc0bd3056af3689b',3,'Kilobytes Free','kilobytes','out','on',0,'','',''),(17,'363588d49b263d30aecb683c52774f39',4,'1 Minute Average','1min','out','on',0,'','',''),(18,'ad139a9e1d69881da36fca07889abf58',4,'5 Minute Average','5min','out','on',0,'','',''),(19,'5db9fee64824c08258c7ff6f8bc53337',4,'10 Minute Average','10min','out','on',0,'','',''),(20,'c0cfd0beae5e79927c5a360076706820',5,'Username (Optional)','username','in','',1,'','','on'),(21,'52c58ad414d9a2a83b00a7a51be75a53',5,'Logged In Users','users','out','on',0,'','',''),(22,'05eb5d710f0814871b8515845521f8d7',6,'Grep String','grepstr','in','',1,'','',''),(23,'86cb1cbfde66279dbc7f1144f43a3219',6,'Result (in Kilobytes)','kilobytes','out','on',0,'','',''),(24,'d5a8dd5fbe6a5af11667c0039af41386',7,'Number of Processes','proc','out','on',0,'','',''),(25,'8848cdcae831595951a3f6af04eec93b',8,'Grep String','grepstr','in','',1,'','','on'),(26,'3d1288d33008430ce354e8b9c162f7ff',8,'Connections','connections','out','on',0,'','',''),(27,'c6af570bb2ed9c84abf32033702e2860',9,'(Optional) Log Path','log_path','in','',1,'','','on'),(28,'f9389860f5c5340c9b27fca0b4ee5e71',9,'Web Hits','webhits','out','on',0,'','',''),(29,'5fbadb91ad66f203463c1187fe7bd9d5',10,'IP Address','ip','in','',1,'hostname','',''),(30,'6ac4330d123c69067d36a933d105e89a',10,'Milliseconds','out_ms','out','on',0,'','',''),(31,'d39556ecad6166701bfb0e28c5a11108',11,'Index Type','index_type','in','',0,'index_type','',''),(32,'3b7caa46eb809fc238de6ef18b6e10d5',11,'Index Value','index_value','in','',0,'index_value','',''),(33,'74af2e42dc12956c4817c2ef5d9983f9',11,'Output Type ID','output_type','in','',0,'output_type','',''),(34,'8ae57f09f787656bf4ac541e8bd12537',11,'Output Value','output','out','on',0,'','',''),(35,'172b4b0eacee4948c6479f587b62e512',12,'Index Type','index_type','in','',0,'index_type','',''),(36,'30fb5d5bcf3d66bb5abe88596f357c26',12,'Index Value','index_value','in','',0,'index_value','',''),(37,'31112c85ae4ff821d3b288336288818c',12,'Output Type ID','output_type','in','',0,'output_type','',''),(38,'5be8fa85472d89c621790b43510b5043',12,'Output Value','output','out','on',0,'','',''),(39,'c1f36ee60c3dc98945556d57f26e475b',2,'SNMP Port','snmp_port','in','',0,'snmp_port','',''),(40,'fc64b99742ec417cc424dbf8c7692d36',1,'SNMP Port','snmp_port','in','',0,'snmp_port','',''),(41,'20832ce12f099c8e54140793a091af90',1,'SNMP Authenticaion Protocol (v3)','snmp_auth_protocol','in','',0,'snmp_auth_protocol','',''),(42,'c60c9aac1e1b3555ea0620b8bbfd82cb',1,'SNMP Privacy Passphrase (v3)','snmp_priv_passphrase','in','',0,'snmp_priv_passphrase','',''),(43,'feda162701240101bc74148415ef415a',1,'SNMP Privacy Protocol (v3)','snmp_priv_protocol','in','',0,'snmp_priv_protocol','',''),(44,'2cf7129ad3ff819a7a7ac189bee48ce8',2,'SNMP Authenticaion Protocol (v3)','snmp_auth_protocol','in','',0,'snmp_auth_protocol','',''),(45,'6b13ac0a0194e171d241d4b06f913158',2,'SNMP Privacy Passphrase (v3)','snmp_priv_passphrase','in','',0,'snmp_priv_passphrase','',''),(46,'3a33d4fc65b8329ab2ac46a36da26b72',2,'SNMP Privacy Protocol (v3)','snmp_priv_protocol','in','',0,'snmp_priv_protocol','','');
/*!40000 ALTER TABLE `data_input_fields` ENABLE KEYS */;
UNLOCK TABLES;

--
-- Table structure for table `data_local`
--

DROP TABLE IF EXISTS `data_local`;
/*!40101 SET @saved_cs_client     = @@character_set_client */;
/*!40101 SET character_set_client = utf8 */;
CREATE TABLE `data_local` (
  `id` mediumint(8) unsigned NOT NULL AUTO_INCREMENT,
  `data_template_id` mediumint(8) unsigned NOT NULL DEFAULT '0',
  `host_id` mediumint(8) unsigned NOT NULL DEFAULT '0',
  `snmp_query_id` mediumint(8) NOT NULL DEFAULT '0',
  `snmp_index` varchar(255) NOT NULL DEFAULT '',
  PRIMARY KEY (`id`)
) ENGINE=MyISAM AUTO_INCREMENT=158 DEFAULT CHARSET=latin1;
/*!40101 SET character_set_client = @saved_cs_client */;

--
-- Dumping data for table `data_local`
--

LOCK TABLES `data_local` WRITE;
/*!40000 ALTER TABLE `data_local` DISABLE KEYS */;
INSERT INTO `data_local` VALUES (32,5,4,0,''),(31,4,4,0,''),(30,6,4,0,''),(29,15,4,0,''),(28,13,4,0,''),(8,13,2,0,''),(9,15,2,0,''),(10,6,2,0,''),(11,4,2,0,''),(12,5,2,0,''),(13,30,2,0,''),(14,32,2,0,''),(15,31,2,0,''),(16,33,2,0,''),(17,47,2,0,''),(18,34,2,0,''),(19,11,2,0,''),(20,17,2,0,''),(21,16,2,0,''),(22,41,2,1,'1'),(23,41,2,1,'2'),(24,41,2,1,'3'),(25,41,2,1,'4'),(26,41,2,1,'5'),(27,37,2,6,'/dev/sda1'),(33,30,4,0,''),(34,32,4,0,''),(35,31,4,0,''),(36,33,4,0,''),(37,47,4,0,''),(38,34,4,0,''),(39,11,4,0,''),(40,17,4,0,''),(41,16,4,0,''),(42,41,4,1,'1'),(43,41,4,1,'2'),(44,41,4,1,'3'),(45,3,4,2,'1'),(46,3,4,2,'2'),(47,3,4,2,'3'),(48,3,4,2,'4'),(49,3,4,2,'5'),(50,3,4,2,'6'),(51,3,4,2,'7'),(52,3,4,2,'8'),(53,37,4,6,'/dev/sda1'),(54,13,3,0,''),(55,15,3,0,''),(56,6,3,0,''),(57,4,3,0,''),(58,5,3,0,''),(59,30,3,0,''),(60,32,3,0,''),(61,31,3,0,''),(62,33,3,0,''),(63,47,3,0,''),(64,34,3,0,''),(65,11,3,0,''),(66,17,3,0,''),(67,16,3,0,''),(68,41,3,1,'1'),(69,41,3,1,'2'),(70,41,3,1,'3'),(71,3,3,2,'1'),(72,3,3,2,'2'),(73,3,3,2,'3'),(74,3,3,2,'4'),(75,3,3,2,'5'),(76,3,3,2,'6'),(77,3,3,2,'7'),(78,3,3,2,'8'),(79,37,3,6,'/dev/sda1'),(80,13,5,0,''),(81,15,5,0,''),(82,6,5,0,''),(83,4,5,0,''),(84,5,5,0,''),(85,30,5,0,''),(86,32,5,0,''),(87,31,5,0,''),(88,33,5,0,''),(89,47,5,0,''),(90,34,5,0,''),(91,11,5,0,''),(92,17,5,0,''),(93,16,5,0,''),(94,41,5,1,'1'),(95,41,5,1,'2'),(96,41,5,1,'3'),(97,3,5,2,'1'),(98,3,5,2,'2'),(99,3,5,2,'3'),(100,3,5,2,'4'),(101,3,5,2,'5'),(102,3,5,2,'6'),(103,3,5,2,'7'),(104,3,5,2,'8'),(105,37,5,6,'/dev/sda1'),(106,13,7,0,''),(107,15,7,0,''),(108,6,7,0,''),(109,4,7,0,''),(110,5,7,0,''),(111,30,7,0,''),(112,32,7,0,''),(113,31,7,0,''),(114,33,7,0,''),(115,47,7,0,''),(116,34,7,0,''),(117,11,7,0,''),(118,17,7,0,''),(119,16,7,0,''),(120,41,7,1,'1'),(121,41,7,1,'2'),(122,41,7,1,'3'),(123,3,7,2,'1'),(124,3,7,2,'2'),(125,3,7,2,'3'),(126,3,7,2,'4'),(127,3,7,2,'5'),(128,3,7,2,'6'),(129,3,7,2,'7'),(130,3,7,2,'8'),(131,37,7,6,'/dev/sda1'),(132,13,6,0,''),(133,15,6,0,''),(134,6,6,0,''),(135,4,6,0,''),(136,5,6,0,''),(137,30,6,0,''),(138,32,6,0,''),(139,31,6,0,''),(140,33,6,0,''),(141,47,6,0,''),(142,34,6,0,''),(143,11,6,0,''),(144,17,6,0,''),(145,16,6,0,''),(146,41,6,1,'1'),(147,41,6,1,'2'),(148,41,6,1,'3'),(149,3,6,2,'1'),(150,3,6,2,'2'),(151,3,6,2,'3'),(152,3,6,2,'4'),(153,3,6,2,'5'),(154,3,6,2,'6'),(155,3,6,2,'7'),(156,3,6,2,'8'),(157,37,6,6,'/dev/sda1');
/*!40000 ALTER TABLE `data_local` ENABLE KEYS */;
UNLOCK TABLES;

--
-- Table structure for table `data_template`
--

DROP TABLE IF EXISTS `data_template`;
/*!40101 SET @saved_cs_client     = @@character_set_client */;
/*!40101 SET character_set_client = utf8 */;
CREATE TABLE `data_template` (
  `id` mediumint(8) unsigned NOT NULL AUTO_INCREMENT,
  `hash` varchar(32) NOT NULL DEFAULT '',
  `name` varchar(150) NOT NULL DEFAULT '',
  PRIMARY KEY (`id`)
) ENGINE=MyISAM AUTO_INCREMENT=49 DEFAULT CHARSET=latin1;
/*!40101 SET character_set_client = @saved_cs_client */;

--
-- Dumping data for table `data_template`
--

LOCK TABLES `data_template` WRITE;
/*!40000 ALTER TABLE `data_template` DISABLE KEYS */;
INSERT INTO `data_template` VALUES (3,'c8a8f50f5f4a465368222594c5709ede','ucd/net - Hard Drive Space'),(4,'cdfed2d401723d2f41fc239d4ce249c7','ucd/net - CPU Usage - System'),(5,'a27e816377d2ac6434a87c494559c726','ucd/net - CPU Usage - User'),(6,'c06c3d20eccb9598939dc597701ff574','ucd/net - CPU Usage - Nice'),(7,'a14f2d6f233b05e64263ff03a5b0b386','Karlnet - Noise Level'),(8,'def1a9019d888ed2ad2e106aa9595ede','Karlnet - Signal Level'),(9,'513a99ae3c9c4413609c1534ffc36eab','Karlnet - Wireless Transmits'),(10,'77404ae93c9cc410f1c2c717e7117378','Karlnet - Wireless Re-Transmits'),(11,'9e72511e127de200733eb502eb818e1d','Unix - Load Average'),(13,'dc33aa9a8e71fb7c61ec0e7a6da074aa','Linux - Memory - Free'),(15,'41f55087d067142d702dd3c73c98f020','Linux - Memory - Free Swap'),(16,'9b8c92d3c32703900ff7dd653bfc9cd8','Unix - Processes'),(17,'c221c2164c585b6da378013a7a6a2c13','Unix - Logged in Users'),(18,'a30a81cb1de65b52b7da542c8df3f188','Unix - Ping Host'),(19,'0de466a1b81dfe581d44ac014b86553a','Netware - Total Users'),(20,'bbe2da0708103029fbf949817d3a4537','Netware - Total Logins'),(22,'e4ac5d5fe73e3c773671c6d0498a8d9d','Netware - File System Reads'),(23,'f29f8c998425eedd249be1e7caf90ceb','Netware - File System Writes'),(24,'7a6216a113e19881e35565312db8a371','Netware - Cache Checks'),(25,'1dbd1251c8e94b334c0e6aeae5ca4b8d','Netware - Cache Hits'),(26,'1a4c5264eb27b5e57acd3160af770a61','Netware - Open Files'),(27,'e9def3a0e409f517cb804dfeba4ccd90','Cisco Router - 5 Minute CPU'),(30,'9b82d44eb563027659683765f92c9757','ucd/net - Load Average - 1 Minute'),(31,'87847714d19f405ff3c74f3341b3f940','ucd/net - Load Average - 5 Minute'),(32,'308ac157f24e2763f8cd828a80b3e5ff','ucd/net - Load Average - 15 Minute'),(33,'797a3e92b0039841b52e441a2823a6fb','ucd/net - Memory - Buffers'),(34,'fa15932d3cab0da2ab94c69b1a9f5ca7','ucd/net - Memory - Free'),(35,'6ce4ab04378f9f3b03ee0623abb6479f','Netware - Volumes'),(36,'03060555fab086b8412bbf9951179cd9','Netware - Directory Entries'),(37,'e4ac6919d4f6f21ec5b281a1d6ac4d4e','Unix - Hard Drive Space'),(38,'36335cd98633963a575b70639cd2fdad','Interface - Errors/Discards'),(39,'2f654f7d69ac71a5d56b1db8543ccad3','Interface - Unicast Packets'),(40,'c84e511401a747409053c90ba910d0fe','Interface - Non-Unicast Packets'),(41,'6632e1e0b58a565c135d7ff90440c335','Interface - Traffic'),(42,'1d17325f416b262921a0b55fe5f7e31d','Netware - CPU Utilization'),(43,'d814fa3b79bd0f8933b6e0834d3f16d0','Host MIB - Hard Drive Space'),(44,'f6e7d21c19434666bbdac00ccef9932f','Host MIB - CPU Utilization'),(45,'f383db441d1c246cff8482f15e184e5f','Host MIB - Processes'),(46,'2ef027cc76d75720ee5f7a528f0f1fda','Host MIB - Logged in Users'),(47,'a274deec1f78654dca6c446ba75ebca4','ucd/net - Memory - Cache'),(48,'d429e4a6019c91e6e84562593c1968ca','SNMP - Generic OID Template');
/*!40000 ALTER TABLE `data_template` ENABLE KEYS */;
UNLOCK TABLES;

--
-- Table structure for table `data_template_data`
--

DROP TABLE IF EXISTS `data_template_data`;
/*!40101 SET @saved_cs_client     = @@character_set_client */;
/*!40101 SET character_set_client = utf8 */;
CREATE TABLE `data_template_data` (
  `id` mediumint(8) unsigned NOT NULL AUTO_INCREMENT,
  `local_data_template_data_id` mediumint(8) unsigned NOT NULL DEFAULT '0',
  `local_data_id` mediumint(8) unsigned NOT NULL DEFAULT '0',
  `data_template_id` mediumint(8) unsigned NOT NULL DEFAULT '0',
  `data_input_id` mediumint(8) unsigned NOT NULL DEFAULT '0',
  `t_name` char(2) DEFAULT NULL,
  `name` varchar(250) NOT NULL DEFAULT '',
  `name_cache` varchar(255) NOT NULL DEFAULT '',
  `data_source_path` varchar(255) DEFAULT NULL,
  `t_active` char(2) DEFAULT NULL,
  `active` char(2) DEFAULT NULL,
  `t_rrd_step` char(2) DEFAULT NULL,
  `rrd_step` mediumint(8) unsigned NOT NULL DEFAULT '0',
  `t_rra_id` char(2) DEFAULT NULL,
  PRIMARY KEY (`id`),
  KEY `local_data_id` (`local_data_id`),
  KEY `data_template_id` (`data_template_id`),
  KEY `data_input_id` (`data_input_id`)
) ENGINE=MyISAM AUTO_INCREMENT=220 DEFAULT CHARSET=latin1;
/*!40101 SET character_set_client = @saved_cs_client */;

--
-- Dumping data for table `data_template_data`
--

LOCK TABLES `data_template_data` WRITE;
/*!40000 ALTER TABLE `data_template_data` DISABLE KEYS */;
INSERT INTO `data_template_data` VALUES (3,0,0,3,2,'on','|host_description| - Hard Drive Space','',NULL,'','on','',300,''),(4,0,0,4,1,'','|host_description| - CPU Usage - System','',NULL,'','on','',300,''),(5,0,0,5,1,'','|host_description| - CPU Usage - User','',NULL,'','on','',300,''),(6,0,0,6,1,'','|host_description| - CPU Usage - Nice','',NULL,'','on','',300,''),(7,0,0,7,2,'on','|host_description| - Noise Level','',NULL,'','on','',300,''),(8,0,0,8,2,'on','|host_description| - Signal Level','',NULL,'','on','',300,''),(9,0,0,9,2,'on','|host_description| - Wireless Transmits','',NULL,'','on','',300,''),(10,0,0,10,2,'on','|host_description| - Wireless Re-Transmits','',NULL,'','on','',300,''),(11,0,0,11,4,'','|host_description| - Load Average','',NULL,'','on','',300,''),(13,0,0,13,6,'','|host_description| - Memory - Free','',NULL,'','on','',300,''),(15,0,0,15,6,'','|host_description| - Memory - Free Swap','',NULL,'','on','',300,''),(16,0,0,16,7,'','|host_description| - Processes','',NULL,'','on','',300,''),(17,0,0,17,5,'','|host_description| - Logged in Users','',NULL,'','on','',300,''),(18,0,0,18,10,'','|host_description| - Ping Host','',NULL,'','on','',300,''),(19,0,0,19,1,'','|host_description| - Total Users','',NULL,'','on','',300,''),(20,0,0,20,1,'','|host_description| - Total Logins','',NULL,'','on','',300,''),(22,0,0,22,1,'','|host_description| - File System Reads','',NULL,'','on','',300,''),(23,0,0,23,1,'','|host_description| - File System Writes','',NULL,'','on','',300,''),(24,0,0,24,1,'','|host_description| - Cache Checks','',NULL,'','on','',300,''),(25,0,0,25,1,'','|host_description| - Cache Hits','',NULL,'','on','',300,''),(26,0,0,26,1,'','|host_description| - Open Files','',NULL,'','on','',300,''),(27,0,0,27,1,'','|host_description| - 5 Minute CPU','',NULL,'','on','',300,''),(30,0,0,30,1,'','|host_description| - Load Average - 1 Minute','',NULL,'','on','',300,''),(31,0,0,31,1,'','|host_description| - Load Average - 5 Minute','',NULL,'','on','',300,''),(32,0,0,32,1,'','|host_description| - Load Average - 15 Minute','',NULL,'','on','',300,''),(33,0,0,33,1,'','|host_description| - Memory - Buffers','',NULL,'','on','',300,''),(34,0,0,34,1,'','|host_description| - Memory - Free','',NULL,'','on','',300,''),(35,0,0,35,2,'on','|host_description| - Volumes','',NULL,'','on','',300,''),(36,0,0,36,2,'on','|host_description| - Directory Entries','',NULL,'','on','',300,''),(37,0,0,37,11,'on','|host_description| - Hard Drive Space','',NULL,'','on','',300,''),(38,0,0,38,2,'on','|host_description| - Errors/Discards','',NULL,'','on','',300,''),(39,0,0,39,2,'on','|host_description| - Unicast Packets','',NULL,'','on','',300,''),(40,0,0,40,2,'on','|host_description| - Non-Unicast Packets','',NULL,'','on','',300,''),(41,0,0,41,2,'on','|host_description| - Traffic','',NULL,'','on','',300,''),(55,0,0,42,2,'','|host_description| - CPU Utilization','',NULL,'','on','',300,''),(56,0,0,43,12,'','|host_description| - Hard Drive Space','',NULL,'','on','',300,''),(57,0,0,44,12,'','|host_description| - CPU Utilization','',NULL,'','on','',300,''),(58,0,0,45,1,'','|host_description| - Processes','',NULL,'','on','',300,''),(59,0,0,46,1,'','|host_description| - Logged in Users','',NULL,'','on','',300,''),(94,5,32,5,1,NULL,'|host_description| - CPU Usage - User','helena - CPU Usage - User','<path_rra>/helena_cpu_user_32.rrd',NULL,'on',NULL,300,NULL),(93,4,31,4,1,NULL,'|host_description| - CPU Usage - System','helena - CPU Usage - System','<path_rra>/helena_cpu_system_31.rrd',NULL,'on',NULL,300,NULL),(92,6,30,6,1,NULL,'|host_description| - CPU Usage - Nice','helena - CPU Usage - Nice','<path_rra>/helena_cpu_nice_30.rrd',NULL,'on',NULL,300,NULL),(91,15,29,15,6,NULL,'|host_description| - Memory - Free Swap','helena - Memory - Free Swap','<path_rra>/helena_mem_swap_29.rrd',NULL,'on',NULL,300,NULL),(90,13,28,13,6,NULL,'|host_description| - Memory - Free','helena - Memory - Free','<path_rra>/helena_mem_buffers_28.rrd',NULL,'on',NULL,300,NULL),(68,0,0,47,1,'','|host_description| - Memory - Cache','',NULL,'','on','',300,''),(69,0,0,48,1,'on','|host_description| -','',NULL,'','on','',300,''),(70,13,8,13,6,NULL,'|host_description| - Memory - Free','beastie - Memory - Free','<path_rra>/beastie_mem_buffers_8.rrd',NULL,'on',NULL,300,NULL),(71,15,9,15,6,NULL,'|host_description| - Memory - Free Swap','beastie - Memory - Free Swap','<path_rra>/beastie_mem_swap_9.rrd',NULL,'on',NULL,300,NULL),(72,6,10,6,1,NULL,'|host_description| - CPU Usage - Nice','beastie - CPU Usage - Nice','<path_rra>/beastie_cpu_nice_10.rrd',NULL,'on',NULL,300,NULL),(73,4,11,4,1,NULL,'|host_description| - CPU Usage - System','beastie - CPU Usage - System','<path_rra>/beastie_cpu_system_11.rrd',NULL,'on',NULL,300,NULL),(74,5,12,5,1,NULL,'|host_description| - CPU Usage - User','beastie - CPU Usage - User','<path_rra>/beastie_cpu_user_12.rrd',NULL,'on',NULL,300,NULL),(75,30,13,30,1,NULL,'|host_description| - Load Average - 1 Minute','beastie - Load Average - 1 Minute','<path_rra>/beastie_load_1min_13.rrd',NULL,'on',NULL,300,NULL),(76,32,14,32,1,NULL,'|host_description| - Load Average - 15 Minute','beastie - Load Average - 15 Minute','<path_rra>/beastie_load_15min_14.rrd',NULL,'on',NULL,300,NULL),(77,31,15,31,1,NULL,'|host_description| - Load Average - 5 Minute','beastie - Load Average - 5 Minute','<path_rra>/beastie_load_5min_15.rrd',NULL,'on',NULL,300,NULL),(78,33,16,33,1,NULL,'|host_description| - Memory - Buffers','beastie - Memory - Buffers','<path_rra>/beastie_mem_buffers_16.rrd',NULL,'on',NULL,300,NULL),(79,68,17,47,1,NULL,'|host_description| - Memory - Cache','beastie - Memory - Cache','<path_rra>/beastie_mem_cache_17.rrd',NULL,'on',NULL,300,NULL),(80,34,18,34,1,NULL,'|host_description| - Memory - Free','beastie - Memory - Free','<path_rra>/beastie_mem_free_18.rrd',NULL,'on',NULL,300,NULL),(81,11,19,11,4,NULL,'|host_description| - Load Average','beastie - Load Average','<path_rra>/beastie_load_1min_19.rrd',NULL,'on',NULL,300,NULL),(82,17,20,17,5,NULL,'|host_description| - Logged in Users','beastie - Logged in Users','<path_rra>/beastie_users_20.rrd',NULL,'on',NULL,300,NULL),(83,16,21,16,7,NULL,'|host_description| - Processes','beastie - Processes','<path_rra>/beastie_proc_21.rrd',NULL,'on',NULL,300,NULL),(84,41,22,41,2,NULL,'|host_description| - Traffic - |query_ifIP| - |query_ifName|','beastie - Traffic - 127.0.0.1 - lo','<path_rra>/beastie_traffic_in_22.rrd',NULL,'on',NULL,300,NULL),(85,41,23,41,2,NULL,'|host_description| - Traffic - |query_ifIP| - |query_ifName|','beastie - Traffic - 10.0.2.15 - eth0','<path_rra>/beastie_traffic_in_23.rrd',NULL,'on',NULL,300,NULL),(86,41,24,41,2,NULL,'|host_description| - Traffic - |query_ifIP| - |query_ifName|','beastie - Traffic - 192.168.56.1 - eth1','<path_rra>/beastie_traffic_in_24.rrd',NULL,'on',NULL,300,NULL),(87,41,25,41,2,NULL,'|host_description| - Traffic - |query_ifIP| - |query_ifName|','beastie - Traffic - 10.0.69.1 - eth2','<path_rra>/beastie_traffic_in_25.rrd',NULL,'on',NULL,300,NULL),(88,41,26,41,2,NULL,'|host_description| - Traffic - |query_ifIP| - |query_ifName|','beastie - Traffic - 10.69.0.1 - eth3','<path_rra>/beastie_traffic_in_26.rrd',NULL,'on',NULL,300,NULL),(89,37,27,37,11,NULL,'|host_description| - Free Space - |query_dskDevice|','beastie - Free Space - /dev/sda1','<path_rra>/beastie_hdd_free_27.rrd',NULL,'on',NULL,300,NULL),(95,30,33,30,1,NULL,'|host_description| - Load Average - 1 Minute','helena - Load Average - 1 Minute','<path_rra>/helena_load_1min_33.rrd',NULL,'on',NULL,300,NULL),(96,32,34,32,1,NULL,'|host_description| - Load Average - 15 Minute','helena - Load Average - 15 Minute','<path_rra>/helena_load_15min_34.rrd',NULL,'on',NULL,300,NULL),(97,31,35,31,1,NULL,'|host_description| - Load Average - 5 Minute','helena - Load Average - 5 Minute','<path_rra>/helena_load_5min_35.rrd',NULL,'on',NULL,300,NULL),(98,33,36,33,1,NULL,'|host_description| - Memory - Buffers','helena - Memory - Buffers','<path_rra>/helena_mem_buffers_36.rrd',NULL,'on',NULL,300,NULL),(99,68,37,47,1,NULL,'|host_description| - Memory - Cache','helena - Memory - Cache','<path_rra>/helena_mem_cache_37.rrd',NULL,'on',NULL,300,NULL),(100,34,38,34,1,NULL,'|host_description| - Memory - Free','helena - Memory - Free','<path_rra>/helena_mem_free_38.rrd',NULL,'on',NULL,300,NULL),(101,11,39,11,4,NULL,'|host_description| - Load Average','helena - Load Average','<path_rra>/helena_load_1min_39.rrd',NULL,'on',NULL,300,NULL),(102,17,40,17,5,NULL,'|host_description| - Logged in Users','helena - Logged in Users','<path_rra>/helena_users_40.rrd',NULL,'on',NULL,300,NULL),(103,16,41,16,7,NULL,'|host_description| - Processes','helena - Processes','<path_rra>/helena_proc_41.rrd',NULL,'on',NULL,300,NULL),(104,41,42,41,2,NULL,'|host_description| - Traffic - |query_ifIP| - |query_ifName|','helena - Traffic - 127.0.0.1 - lo','<path_rra>/helena_traffic_in_42.rrd',NULL,'on',NULL,300,NULL),(105,41,43,41,2,NULL,'|host_description| - Traffic - |query_ifIP| - |query_ifName|','helena - Traffic - 192.168.56.6 - eth0','<path_rra>/helena_traffic_in_43.rrd',NULL,'on',NULL,300,NULL),(106,41,44,41,2,NULL,'|host_description| - Traffic - |query_ifIP| - |query_ifName|','helena - Traffic - 10.0.69.6 - eth1','<path_rra>/helena_traffic_in_44.rrd',NULL,'on',NULL,300,NULL),(107,3,45,3,2,NULL,'|host_description| - Partition - |query_dskDevice|','helena - Partition - /dev/sda1','<path_rra>/helena_hdd_free_45.rrd',NULL,'on',NULL,300,NULL),(108,3,46,3,2,NULL,'|host_description| - Hard Drive Space','helena - Hard Drive Space','<path_rra>/helena_hdd_free_46.rrd',NULL,'on',NULL,300,NULL),(109,3,47,3,2,NULL,'|host_description| - Partition - |query_dskDevice|','helena - Partition - /dev/sda1','<path_rra>/helena_hdd_free_47.rrd',NULL,'on',NULL,300,NULL),(110,3,48,3,2,NULL,'|host_description| - Partition - |query_dskDevice|','helena - Partition - none','<path_rra>/helena_hdd_free_48.rrd',NULL,'on',NULL,300,NULL),(111,3,49,3,2,NULL,'|host_description| - Partition - |query_dskDevice|','helena - Partition - tmpfs','<path_rra>/helena_hdd_free_49.rrd',NULL,'on',NULL,300,NULL),(112,3,50,3,2,NULL,'|host_description| - Partition - |query_dskDevice|','helena - Partition - none','<path_rra>/helena_hdd_free_50.rrd',NULL,'on',NULL,300,NULL),(113,3,51,3,2,NULL,'|host_description| - Partition - |query_dskDevice|','helena - Partition - none','<path_rra>/helena_hdd_free_51.rrd',NULL,'on',NULL,300,NULL),(114,3,52,3,2,NULL,'|host_description| - Partition - |query_dskDevice|','helena - Partition - none','<path_rra>/helena_hdd_free_52.rrd',NULL,'on',NULL,300,NULL),(115,37,53,37,11,NULL,'|host_description| - Free Space - |query_dskDevice|','helena - Free Space - /dev/sda1','<path_rra>/helena_hdd_free_53.rrd',NULL,'on',NULL,300,NULL),(116,13,54,13,6,NULL,'|host_description| - Memory - Free','maria - Memory - Free','<path_rra>/maria_mem_buffers_54.rrd',NULL,'on',NULL,300,NULL),(117,15,55,15,6,NULL,'|host_description| - Memory - Free Swap','maria - Memory - Free Swap','<path_rra>/maria_mem_swap_55.rrd',NULL,'on',NULL,300,NULL),(118,6,56,6,1,NULL,'|host_description| - CPU Usage - Nice','maria - CPU Usage - Nice','<path_rra>/maria_cpu_nice_56.rrd',NULL,'on',NULL,300,NULL),(119,4,57,4,1,NULL,'|host_description| - CPU Usage - System','maria - CPU Usage - System','<path_rra>/maria_cpu_system_57.rrd',NULL,'on',NULL,300,NULL),(120,5,58,5,1,NULL,'|host_description| - CPU Usage - User','maria - CPU Usage - User','<path_rra>/maria_cpu_user_58.rrd',NULL,'on',NULL,300,NULL),(121,30,59,30,1,NULL,'|host_description| - Load Average - 1 Minute','maria - Load Average - 1 Minute','<path_rra>/maria_load_1min_59.rrd',NULL,'on',NULL,300,NULL),(122,32,60,32,1,NULL,'|host_description| - Load Average - 15 Minute','maria - Load Average - 15 Minute','<path_rra>/maria_load_15min_60.rrd',NULL,'on',NULL,300,NULL),(123,31,61,31,1,NULL,'|host_description| - Load Average - 5 Minute','maria - Load Average - 5 Minute','<path_rra>/maria_load_5min_61.rrd',NULL,'on',NULL,300,NULL),(124,33,62,33,1,NULL,'|host_description| - Memory - Buffers','maria - Memory - Buffers','<path_rra>/maria_mem_buffers_62.rrd',NULL,'on',NULL,300,NULL),(125,68,63,47,1,NULL,'|host_description| - Memory - Cache','maria - Memory - Cache','<path_rra>/maria_mem_cache_63.rrd',NULL,'on',NULL,300,NULL),(126,34,64,34,1,NULL,'|host_description| - Memory - Free','maria - Memory - Free','<path_rra>/maria_mem_free_64.rrd',NULL,'on',NULL,300,NULL),(127,11,65,11,4,NULL,'|host_description| - Load Average','maria - Load Average','<path_rra>/maria_load_1min_65.rrd',NULL,'on',NULL,300,NULL),(128,17,66,17,5,NULL,'|host_description| - Logged in Users','maria - Logged in Users','<path_rra>/maria_users_66.rrd',NULL,'on',NULL,300,NULL),(129,16,67,16,7,NULL,'|host_description| - Processes','maria - Processes','<path_rra>/maria_proc_67.rrd',NULL,'on',NULL,300,NULL),(130,41,68,41,2,NULL,'|host_description| - Traffic - |query_ifIP| - |query_ifName|','maria - Traffic - 127.0.0.1 - lo','<path_rra>/maria_traffic_in_68.rrd',NULL,'on',NULL,300,NULL),(131,41,69,41,2,NULL,'|host_description| - Traffic - |query_ifIP| - |query_ifName|','maria - Traffic - 192.168.56.3 - eth0','<path_rra>/maria_traffic_in_69.rrd',NULL,'on',NULL,300,NULL),(132,41,70,41,2,NULL,'|host_description| - Traffic - |query_ifIP| - |query_ifName|','maria - Traffic - 10.0.69.3 - eth1','<path_rra>/maria_traffic_in_70.rrd',NULL,'on',NULL,300,NULL),(133,3,71,3,2,NULL,'|host_description| - Partition - |query_dskDevice|','maria - Partition - /dev/sda1','<path_rra>/maria_hdd_free_71.rrd',NULL,'on',NULL,300,NULL),(134,3,72,3,2,NULL,'|host_description| - Hard Drive Space','maria - Hard Drive Space','<path_rra>/maria_hdd_free_72.rrd',NULL,'on',NULL,300,NULL),(135,3,73,3,2,NULL,'|host_description| - Partition - |query_dskDevice|','maria - Partition - /dev/sda1','<path_rra>/maria_hdd_free_73.rrd',NULL,'on',NULL,300,NULL),(136,3,74,3,2,NULL,'|host_description| - Partition - |query_dskDevice|','maria - Partition - none','<path_rra>/maria_hdd_free_74.rrd',NULL,'on',NULL,300,NULL),(137,3,75,3,2,NULL,'|host_description| - Partition - |query_dskDevice|','maria - Partition - tmpfs','<path_rra>/maria_hdd_free_75.rrd',NULL,'on',NULL,300,NULL),(138,3,76,3,2,NULL,'|host_description| - Partition - |query_dskDevice|','maria - Partition - none','<path_rra>/maria_hdd_free_76.rrd',NULL,'on',NULL,300,NULL),(139,3,77,3,2,NULL,'|host_description| - Partition - |query_dskDevice|','maria - Partition - none','<path_rra>/maria_hdd_free_77.rrd',NULL,'on',NULL,300,NULL),(140,3,78,3,2,NULL,'|host_description| - Partition - |query_dskDevice|','maria - Partition - none','<path_rra>/maria_hdd_free_78.rrd',NULL,'on',NULL,300,NULL),(141,37,79,37,11,NULL,'|host_description| - Free Space - |query_dskDevice|','maria - Free Space - /dev/sda1','<path_rra>/maria_hdd_free_79.rrd',NULL,'on',NULL,300,NULL),(142,13,80,13,6,NULL,'|host_description| - Memory - Free','joaquina - Memory - Free','<path_rra>/joaquina_mem_buffers_80.rrd',NULL,'on',NULL,300,NULL),(143,15,81,15,6,NULL,'|host_description| - Memory - Free Swap','joaquina - Memory - Free Swap','<path_rra>/joaquina_mem_swap_81.rrd',NULL,'on',NULL,300,NULL),(144,6,82,6,1,NULL,'|host_description| - CPU Usage - Nice','joaquina - CPU Usage - Nice','<path_rra>/joaquina_cpu_nice_82.rrd',NULL,'on',NULL,300,NULL),(145,4,83,4,1,NULL,'|host_description| - CPU Usage - System','joaquina - CPU Usage - System','<path_rra>/joaquina_cpu_system_83.rrd',NULL,'on',NULL,300,NULL),(146,5,84,5,1,NULL,'|host_description| - CPU Usage - User','joaquina - CPU Usage - User','<path_rra>/joaquina_cpu_user_84.rrd',NULL,'on',NULL,300,NULL),(147,30,85,30,1,NULL,'|host_description| - Load Average - 1 Minute','joaquina - Load Average - 1 Minute','<path_rra>/joaquina_load_1min_85.rrd',NULL,'on',NULL,300,NULL),(148,32,86,32,1,NULL,'|host_description| - Load Average - 15 Minute','joaquina - Load Average - 15 Minute','<path_rra>/joaquina_load_15min_86.rrd',NULL,'on',NULL,300,NULL),(149,31,87,31,1,NULL,'|host_description| - Load Average - 5 Minute','joaquina - Load Average - 5 Minute','<path_rra>/joaquina_load_5min_87.rrd',NULL,'on',NULL,300,NULL),(150,33,88,33,1,NULL,'|host_description| - Memory - Buffers','joaquina - Memory - Buffers','<path_rra>/joaquina_mem_buffers_88.rrd',NULL,'on',NULL,300,NULL),(151,68,89,47,1,NULL,'|host_description| - Memory - Cache','joaquina - Memory - Cache','<path_rra>/joaquina_mem_cache_89.rrd',NULL,'on',NULL,300,NULL),(152,34,90,34,1,NULL,'|host_description| - Memory - Free','joaquina - Memory - Free','<path_rra>/joaquina_mem_free_90.rrd',NULL,'on',NULL,300,NULL),(153,11,91,11,4,NULL,'|host_description| - Load Average','joaquina - Load Average','<path_rra>/joaquina_load_1min_91.rrd',NULL,'on',NULL,300,NULL),(154,17,92,17,5,NULL,'|host_description| - Logged in Users','joaquina - Logged in Users','<path_rra>/joaquina_users_92.rrd',NULL,'on',NULL,300,NULL),(155,16,93,16,7,NULL,'|host_description| - Processes','joaquina - Processes','<path_rra>/joaquina_proc_93.rrd',NULL,'on',NULL,300,NULL),(156,41,94,41,2,NULL,'|host_description| - Traffic - |query_ifIP| - |query_ifName|','joaquina - Traffic - 127.0.0.1 - lo','<path_rra>/joaquina_traffic_in_94.rrd',NULL,'on',NULL,300,NULL),(157,41,95,41,2,NULL,'|host_description| - Traffic - |query_ifIP| - |query_ifName|','joaquina - Traffic - 192.168.56.5 - eth0','<path_rra>/joaquina_traffic_in_95.rrd',NULL,'on',NULL,300,NULL),(158,41,96,41,2,NULL,'|host_description| - Traffic - |query_ifIP| - |query_ifName|','joaquina - Traffic - 10.0.69.5 - eth1','<path_rra>/joaquina_traffic_in_96.rrd',NULL,'on',NULL,300,NULL),(159,3,97,3,2,NULL,'|host_description| - Partition - |query_dskDevice|','joaquina - Partition - /dev/sda1','<path_rra>/joaquina_hdd_free_97.rrd',NULL,'on',NULL,300,NULL),(160,3,98,3,2,NULL,'|host_description| - Hard Drive Space','joaquina - Hard Drive Space','<path_rra>/joaquina_hdd_free_98.rrd',NULL,'on',NULL,300,NULL),(161,3,99,3,2,NULL,'|host_description| - Partition - |query_dskDevice|','joaquina - Partition - /dev/sda1','<path_rra>/joaquina_hdd_free_99.rrd',NULL,'on',NULL,300,NULL),(162,3,100,3,2,NULL,'|host_description| - Partition - |query_dskDevice|','joaquina - Partition - none','<path_rra>/joaquina_hdd_free_100.rrd',NULL,'on',NULL,300,NULL),(163,3,101,3,2,NULL,'|host_description| - Partition - |query_dskDevice|','joaquina - Partition - tmpfs','<path_rra>/joaquina_hdd_free_101.rrd',NULL,'on',NULL,300,NULL),(164,3,102,3,2,NULL,'|host_description| - Partition - |query_dskDevice|','joaquina - Partition - none','<path_rra>/joaquina_hdd_free_102.rrd',NULL,'on',NULL,300,NULL),(165,3,103,3,2,NULL,'|host_description| - Partition - |query_dskDevice|','joaquina - Partition - none','<path_rra>/joaquina_hdd_free_103.rrd',NULL,'on',NULL,300,NULL),(166,3,104,3,2,NULL,'|host_description| - Partition - |query_dskDevice|','joaquina - Partition - none','<path_rra>/joaquina_hdd_free_104.rrd',NULL,'on',NULL,300,NULL),(167,37,105,37,11,NULL,'|host_description| - Free Space - |query_dskDevice|','joaquina - Free Space - /dev/sda1','<path_rra>/joaquina_hdd_free_105.rrd',NULL,'on',NULL,300,NULL),(168,13,106,13,6,NULL,'|host_description| - Memory - Free','rita - Memory - Free','<path_rra>/rita_mem_buffers_106.rrd',NULL,'on',NULL,300,NULL),(169,15,107,15,6,NULL,'|host_description| - Memory - Free Swap','rita - Memory - Free Swap','<path_rra>/rita_mem_swap_107.rrd',NULL,'on',NULL,300,NULL),(170,6,108,6,1,NULL,'|host_description| - CPU Usage - Nice','rita - CPU Usage - Nice','<path_rra>/rita_cpu_nice_108.rrd',NULL,'on',NULL,300,NULL),(171,4,109,4,1,NULL,'|host_description| - CPU Usage - System','rita - CPU Usage - System','<path_rra>/rita_cpu_system_109.rrd',NULL,'on',NULL,300,NULL),(172,5,110,5,1,NULL,'|host_description| - CPU Usage - User','rita - CPU Usage - User','<path_rra>/rita_cpu_user_110.rrd',NULL,'on',NULL,300,NULL),(173,30,111,30,1,NULL,'|host_description| - Load Average - 1 Minute','rita - Load Average - 1 Minute','<path_rra>/rita_load_1min_111.rrd',NULL,'on',NULL,300,NULL),(174,32,112,32,1,NULL,'|host_description| - Load Average - 15 Minute','rita - Load Average - 15 Minute','<path_rra>/rita_load_15min_112.rrd',NULL,'on',NULL,300,NULL),(175,31,113,31,1,NULL,'|host_description| - Load Average - 5 Minute','rita - Load Average - 5 Minute','<path_rra>/rita_load_5min_113.rrd',NULL,'on',NULL,300,NULL),(176,33,114,33,1,NULL,'|host_description| - Memory - Buffers','rita - Memory - Buffers','<path_rra>/rita_mem_buffers_114.rrd',NULL,'on',NULL,300,NULL),(177,68,115,47,1,NULL,'|host_description| - Memory - Cache','rita - Memory - Cache','<path_rra>/rita_mem_cache_115.rrd',NULL,'on',NULL,300,NULL),(178,34,116,34,1,NULL,'|host_description| - Memory - Free','rita - Memory - Free','<path_rra>/rita_mem_free_116.rrd',NULL,'on',NULL,300,NULL),(179,11,117,11,4,NULL,'|host_description| - Load Average','rita - Load Average','<path_rra>/rita_load_1min_117.rrd',NULL,'on',NULL,300,NULL),(180,17,118,17,5,NULL,'|host_description| - Logged in Users','rita - Logged in Users','<path_rra>/rita_users_118.rrd',NULL,'on',NULL,300,NULL),(181,16,119,16,7,NULL,'|host_description| - Processes','rita - Processes','<path_rra>/rita_proc_119.rrd',NULL,'on',NULL,300,NULL),(182,41,120,41,2,NULL,'|host_description| - Traffic - |query_ifIP| - |query_ifName|','rita - Traffic - 127.0.0.1 - lo','<path_rra>/rita_traffic_in_120.rrd',NULL,'on',NULL,300,NULL),(183,41,121,41,2,NULL,'|host_description| - Traffic - |query_ifIP| - |query_ifName|','rita - Traffic - 192.168.56.2 - eth0','<path_rra>/rita_traffic_in_121.rrd',NULL,'on',NULL,300,NULL),(184,41,122,41,2,NULL,'|host_description| - Traffic - |query_ifIP| - |query_ifName|','rita - Traffic - 10.0.69.2 - eth1','<path_rra>/rita_traffic_in_122.rrd',NULL,'on',NULL,300,NULL),(185,3,123,3,2,NULL,'|host_description| - Partition - |query_dskDevice|','rita - Partition - /dev/sda1','<path_rra>/rita_hdd_free_123.rrd',NULL,'on',NULL,300,NULL),(186,3,124,3,2,NULL,'|host_description| - Hard Drive Space','rita - Hard Drive Space','<path_rra>/rita_hdd_free_124.rrd',NULL,'on',NULL,300,NULL),(187,3,125,3,2,NULL,'|host_description| - Partition - |query_dskDevice|','rita - Partition - /dev/sda1','<path_rra>/rita_hdd_free_125.rrd',NULL,'on',NULL,300,NULL),(188,3,126,3,2,NULL,'|host_description| - Partition - |query_dskDevice|','rita - Partition - none','<path_rra>/rita_hdd_free_126.rrd',NULL,'on',NULL,300,NULL),(189,3,127,3,2,NULL,'|host_description| - Partition - |query_dskDevice|','rita - Partition - tmpfs','<path_rra>/rita_hdd_free_127.rrd',NULL,'on',NULL,300,NULL),(190,3,128,3,2,NULL,'|host_description| - Partition - |query_dskDevice|','rita - Partition - none','<path_rra>/rita_hdd_free_128.rrd',NULL,'on',NULL,300,NULL),(191,3,129,3,2,NULL,'|host_description| - Partition - |query_dskDevice|','rita - Partition - none','<path_rra>/rita_hdd_free_129.rrd',NULL,'on',NULL,300,NULL),(192,3,130,3,2,NULL,'|host_description| - Partition - |query_dskDevice|','rita - Partition - none','<path_rra>/rita_hdd_free_130.rrd',NULL,'on',NULL,300,NULL),(193,37,131,37,11,NULL,'|host_description| - Free Space - |query_dskDevice|','rita - Free Space - /dev/sda1','<path_rra>/rita_hdd_free_131.rrd',NULL,'on',NULL,300,NULL),(194,13,132,13,6,NULL,'|host_description| - Memory - Free','madalena - Memory - Free','<path_rra>/madalena_mem_buffers_132.rrd',NULL,'on',NULL,300,NULL),(195,15,133,15,6,NULL,'|host_description| - Memory - Free Swap','madalena - Memory - Free Swap','<path_rra>/madalena_mem_swap_133.rrd',NULL,'on',NULL,300,NULL),(196,6,134,6,1,NULL,'|host_description| - CPU Usage - Nice','madalena - CPU Usage - Nice','<path_rra>/madalena_cpu_nice_134.rrd',NULL,'on',NULL,300,NULL),(197,4,135,4,1,NULL,'|host_description| - CPU Usage - System','madalena - CPU Usage - System','<path_rra>/madalena_cpu_system_135.rrd',NULL,'on',NULL,300,NULL),(198,5,136,5,1,NULL,'|host_description| - CPU Usage - User','madalena - CPU Usage - User','<path_rra>/madalena_cpu_user_136.rrd',NULL,'on',NULL,300,NULL),(199,30,137,30,1,NULL,'|host_description| - Load Average - 1 Minute','madalena - Load Average - 1 Minute','<path_rra>/madalena_load_1min_137.rrd',NULL,'on',NULL,300,NULL),(200,32,138,32,1,NULL,'|host_description| - Load Average - 15 Minute','madalena - Load Average - 15 Minute','<path_rra>/madalena_load_15min_138.rrd',NULL,'on',NULL,300,NULL),(201,31,139,31,1,NULL,'|host_description| - Load Average - 5 Minute','madalena - Load Average - 5 Minute','<path_rra>/madalena_load_5min_139.rrd',NULL,'on',NULL,300,NULL),(202,33,140,33,1,NULL,'|host_description| - Memory - Buffers','madalena - Memory - Buffers','<path_rra>/madalena_mem_buffers_140.rrd',NULL,'on',NULL,300,NULL),(203,68,141,47,1,NULL,'|host_description| - Memory - Cache','madalena - Memory - Cache','<path_rra>/madalena_mem_cache_141.rrd',NULL,'on',NULL,300,NULL),(204,34,142,34,1,NULL,'|host_description| - Memory - Free','madalena - Memory - Free','<path_rra>/madalena_mem_free_142.rrd',NULL,'on',NULL,300,NULL),(205,11,143,11,4,NULL,'|host_description| - Load Average','madalena - Load Average','<path_rra>/madalena_load_1min_143.rrd',NULL,'on',NULL,300,NULL),(206,17,144,17,5,NULL,'|host_description| - Logged in Users','madalena - Logged in Users','<path_rra>/madalena_users_144.rrd',NULL,'on',NULL,300,NULL),(207,16,145,16,7,NULL,'|host_description| - Processes','madalena - Processes','<path_rra>/madalena_proc_145.rrd',NULL,'on',NULL,300,NULL),(208,41,146,41,2,NULL,'|host_description| - Traffic - |query_ifIP| - |query_ifName|','madalena - Traffic - 127.0.0.1 - lo','<path_rra>/madalena_traffic_in_146.rrd',NULL,'on',NULL,300,NULL),(209,41,147,41,2,NULL,'|host_description| - Traffic - |query_ifIP| - |query_ifName|','madalena - Traffic - 192.168.56.4 - eth0','<path_rra>/madalena_traffic_in_147.rrd',NULL,'on',NULL,300,NULL),(210,41,148,41,2,NULL,'|host_description| - Traffic - |query_ifIP| - |query_ifName|','madalena - Traffic - 10.0.69.4 - eth1','<path_rra>/madalena_traffic_in_148.rrd',NULL,'on',NULL,300,NULL),(211,3,149,3,2,NULL,'|host_description| - Partition - |query_dskDevice|','madalena - Partition - /dev/sda1','<path_rra>/madalena_hdd_free_149.rrd',NULL,'on',NULL,300,NULL),(212,3,150,3,2,NULL,'|host_description| - Hard Drive Space','madalena - Hard Drive Space','<path_rra>/madalena_hdd_free_150.rrd',NULL,'on',NULL,300,NULL),(213,3,151,3,2,NULL,'|host_description| - Partition - |query_dskDevice|','madalena - Partition - /dev/sda1','<path_rra>/madalena_hdd_free_151.rrd',NULL,'on',NULL,300,NULL),(214,3,152,3,2,NULL,'|host_description| - Partition - |query_dskDevice|','madalena - Partition - none','<path_rra>/madalena_hdd_free_152.rrd',NULL,'on',NULL,300,NULL),(215,3,153,3,2,NULL,'|host_description| - Partition - |query_dskDevice|','madalena - Partition - tmpfs','<path_rra>/madalena_hdd_free_153.rrd',NULL,'on',NULL,300,NULL),(216,3,154,3,2,NULL,'|host_description| - Partition - |query_dskDevice|','madalena - Partition - none','<path_rra>/madalena_hdd_free_154.rrd',NULL,'on',NULL,300,NULL),(217,3,155,3,2,NULL,'|host_description| - Partition - |query_dskDevice|','madalena - Partition - none','<path_rra>/madalena_hdd_free_155.rrd',NULL,'on',NULL,300,NULL),(218,3,156,3,2,NULL,'|host_description| - Partition - |query_dskDevice|','madalena - Partition - none','<path_rra>/madalena_hdd_free_156.rrd',NULL,'on',NULL,300,NULL),(219,37,157,37,11,NULL,'|host_description| - Free Space - |query_dskDevice|','madalena - Free Space - /dev/sda1','<path_rra>/madalena_hdd_free_157.rrd',NULL,'on',NULL,300,NULL);
/*!40000 ALTER TABLE `data_template_data` ENABLE KEYS */;
UNLOCK TABLES;

--
-- Table structure for table `data_template_data_rra`
--

DROP TABLE IF EXISTS `data_template_data_rra`;
/*!40101 SET @saved_cs_client     = @@character_set_client */;
/*!40101 SET character_set_client = utf8 */;
CREATE TABLE `data_template_data_rra` (
  `data_template_data_id` mediumint(8) unsigned NOT NULL DEFAULT '0',
  `rra_id` mediumint(8) unsigned NOT NULL DEFAULT '0',
  PRIMARY KEY (`data_template_data_id`,`rra_id`),
  KEY `data_template_data_id` (`data_template_data_id`)
) ENGINE=MyISAM DEFAULT CHARSET=latin1;
/*!40101 SET character_set_client = @saved_cs_client */;

--
-- Dumping data for table `data_template_data_rra`
--

LOCK TABLES `data_template_data_rra` WRITE;
/*!40000 ALTER TABLE `data_template_data_rra` DISABLE KEYS */;
INSERT INTO `data_template_data_rra` VALUES (3,1),(3,2),(3,3),(3,4),(4,1),(4,2),(4,3),(4,4),(5,1),(5,2),(5,3),(5,4),(6,1),(6,2),(6,3),(6,4),(7,1),(7,2),(7,3),(7,4),(8,1),(8,2),(8,3),(8,4),(9,1),(9,2),(9,3),(9,4),(10,1),(10,2),(10,3),(10,4),(11,1),(11,2),(11,3),(11,4),(13,1),(13,2),(13,3),(13,4),(15,1),(15,2),(15,3),(15,4),(16,1),(16,2),(16,3),(16,4),(17,1),(17,2),(17,3),(17,4),(18,1),(18,2),(18,3),(18,4),(19,1),(19,2),(19,3),(19,4),(20,1),(20,2),(20,3),(20,4),(22,1),(22,2),(22,3),(22,4),(23,1),(23,2),(23,3),(23,4),(24,1),(24,2),(24,3),(24,4),(25,1),(25,2),(25,3),(25,4),(26,1),(26,2),(26,3),(26,4),(27,1),(27,2),(27,3),(27,4),(30,1),(30,2),(30,3),(30,4),(31,1),(31,2),(31,3),(31,4),(32,1),(32,2),(32,3),(32,4),(33,1),(33,2),(33,3),(33,4),(34,1),(34,2),(34,3),(34,4),(35,1),(35,2),(35,3),(35,4),(36,1),(36,2),(36,3),(36,4),(37,1),(37,2),(37,3),(37,4),(38,1),(38,2),(38,3),(38,4),(39,1),(39,2),(39,3),(39,4),(40,1),(40,2),(40,3),(40,4),(41,1),(41,2),(41,3),(41,4),(55,1),(55,2),(55,3),(55,4),(56,1),(56,2),(56,3),(56,4),(57,1),(57,2),(57,3),(57,4),(58,1),(58,2),(58,3),(58,4),(59,1),(59,2),(59,3),(59,4),(62,1),(62,2),(62,3),(62,4),(63,1),(63,2),(63,3),(63,4),(64,1),(64,2),(64,3),(64,4),(65,1),(65,2),(65,3),(65,4),(66,1),(66,2),(66,3),(66,4),(68,1),(68,2),(68,3),(68,4),(69,1),(69,2),(69,3),(69,4),(70,1),(70,2),(70,3),(70,4),(71,1),(71,2),(71,3),(71,4),(72,1),(72,2),(72,3),(72,4),(73,1),(73,2),(73,3),(73,4),(74,1),(74,2),(74,3),(74,4),(75,1),(75,2),(75,3),(75,4),(76,1),(76,2),(76,3),(76,4),(77,1),(77,2),(77,3),(77,4),(78,1),(78,2),(78,3),(78,4),(79,1),(79,2),(79,3),(79,4),(80,1),(80,2),(80,3),(80,4),(81,1),(81,2),(81,3),(81,4),(82,1),(82,2),(82,3),(82,4),(83,1),(83,2),(83,3),(83,4),(84,1),(84,2),(84,3),(84,4),(85,1),(85,2),(85,3),(85,4),(86,1),(86,2),(86,3),(86,4),(87,1),(87,2),(87,3),(87,4),(88,1),(88,2),(88,3),(88,4),(89,1),(89,2),(89,3),(89,4),(90,1),(90,2),(90,3),(90,4),(91,1),(91,2),(91,3),(91,4),(92,1),(92,2),(92,3),(92,4),(93,1),(93,2),(93,3),(93,4),(94,1),(94,2),(94,3),(94,4),(95,1),(95,2),(95,3),(95,4),(96,1),(96,2),(96,3),(96,4),(97,1),(97,2),(97,3),(97,4),(98,1),(98,2),(98,3),(98,4),(99,1),(99,2),(99,3),(99,4),(100,1),(100,2),(100,3),(100,4),(101,1),(101,2),(101,3),(101,4),(102,1),(102,2),(102,3),(102,4),(103,1),(103,2),(103,3),(103,4),(104,1),(104,2),(104,3),(104,4),(105,1),(105,2),(105,3),(105,4),(106,1),(106,2),(106,3),(106,4),(107,1),(107,2),(107,3),(107,4),(108,1),(108,2),(108,3),(108,4),(109,1),(109,2),(109,3),(109,4),(110,1),(110,2),(110,3),(110,4),(111,1),(111,2),(111,3),(111,4),(112,1),(112,2),(112,3),(112,4),(113,1),(113,2),(113,3),(113,4),(114,1),(114,2),(114,3),(114,4),(115,1),(115,2),(115,3),(115,4),(116,1),(116,2),(116,3),(116,4),(117,1),(117,2),(117,3),(117,4),(118,1),(118,2),(118,3),(118,4),(119,1),(119,2),(119,3),(119,4),(120,1),(120,2),(120,3),(120,4),(121,1),(121,2),(121,3),(121,4),(122,1),(122,2),(122,3),(122,4),(123,1),(123,2),(123,3),(123,4),(124,1),(124,2),(124,3),(124,4),(125,1),(125,2),(125,3),(125,4),(126,1),(126,2),(126,3),(126,4),(127,1),(127,2),(127,3),(127,4),(128,1),(128,2),(128,3),(128,4),(129,1),(129,2),(129,3),(129,4),(130,1),(130,2),(130,3),(130,4),(131,1),(131,2),(131,3),(131,4),(132,1),(132,2),(132,3),(132,4),(133,1),(133,2),(133,3),(133,4),(134,1),(134,2),(134,3),(134,4),(135,1),(135,2),(135,3),(135,4),(136,1),(136,2),(136,3),(136,4),(137,1),(137,2),(137,3),(137,4),(138,1),(138,2),(138,3),(138,4),(139,1),(139,2),(139,3),(139,4),(140,1),(140,2),(140,3),(140,4),(141,1),(141,2),(141,3),(141,4),(142,1),(142,2),(142,3),(142,4),(143,1),(143,2),(143,3),(143,4),(144,1),(144,2),(144,3),(144,4),(145,1),(145,2),(145,3),(145,4),(146,1),(146,2),(146,3),(146,4),(147,1),(147,2),(147,3),(147,4),(148,1),(148,2),(148,3),(148,4),(149,1),(149,2),(149,3),(149,4),(150,1),(150,2),(150,3),(150,4),(151,1),(151,2),(151,3),(151,4),(152,1),(152,2),(152,3),(152,4),(153,1),(153,2),(153,3),(153,4),(154,1),(154,2),(154,3),(154,4),(155,1),(155,2),(155,3),(155,4),(156,1),(156,2),(156,3),(156,4),(157,1),(157,2),(157,3),(157,4),(158,1),(158,2),(158,3),(158,4),(159,1),(159,2),(159,3),(159,4),(160,1),(160,2),(160,3),(160,4),(161,1),(161,2),(161,3),(161,4),(162,1),(162,2),(162,3),(162,4),(163,1),(163,2),(163,3),(163,4),(164,1),(164,2),(164,3),(164,4),(165,1),(165,2),(165,3),(165,4),(166,1),(166,2),(166,3),(166,4),(167,1),(167,2),(167,3),(167,4),(168,1),(168,2),(168,3),(168,4),(169,1),(169,2),(169,3),(169,4),(170,1),(170,2),(170,3),(170,4),(171,1),(171,2),(171,3),(171,4),(172,1),(172,2),(172,3),(172,4),(173,1),(173,2),(173,3),(173,4),(174,1),(174,2),(174,3),(174,4),(175,1),(175,2),(175,3),(175,4),(176,1),(176,2),(176,3),(176,4),(177,1),(177,2),(177,3),(177,4),(178,1),(178,2),(178,3),(178,4),(179,1),(179,2),(179,3),(179,4),(180,1),(180,2),(180,3),(180,4),(181,1),(181,2),(181,3),(181,4),(182,1),(182,2),(182,3),(182,4),(183,1),(183,2),(183,3),(183,4),(184,1),(184,2),(184,3),(184,4),(185,1),(185,2),(185,3),(185,4),(186,1),(186,2),(186,3),(186,4),(187,1),(187,2),(187,3),(187,4),(188,1),(188,2),(188,3),(188,4),(189,1),(189,2),(189,3),(189,4),(190,1),(190,2),(190,3),(190,4),(191,1),(191,2),(191,3),(191,4),(192,1),(192,2),(192,3),(192,4),(193,1),(193,2),(193,3),(193,4),(194,1),(194,2),(194,3),(194,4),(195,1),(195,2),(195,3),(195,4),(196,1),(196,2),(196,3),(196,4),(197,1),(197,2),(197,3),(197,4),(198,1),(198,2),(198,3),(198,4),(199,1),(199,2),(199,3),(199,4),(200,1),(200,2),(200,3),(200,4),(201,1),(201,2),(201,3),(201,4),(202,1),(202,2),(202,3),(202,4),(203,1),(203,2),(203,3),(203,4),(204,1),(204,2),(204,3),(204,4),(205,1),(205,2),(205,3),(205,4),(206,1),(206,2),(206,3),(206,4),(207,1),(207,2),(207,3),(207,4),(208,1),(208,2),(208,3),(208,4),(209,1),(209,2),(209,3),(209,4),(210,1),(210,2),(210,3),(210,4),(211,1),(211,2),(211,3),(211,4),(212,1),(212,2),(212,3),(212,4),(213,1),(213,2),(213,3),(213,4),(214,1),(214,2),(214,3),(214,4),(215,1),(215,2),(215,3),(215,4),(216,1),(216,2),(216,3),(216,4),(217,1),(217,2),(217,3),(217,4),(218,1),(218,2),(218,3),(218,4),(219,1),(219,2),(219,3),(219,4);
/*!40000 ALTER TABLE `data_template_data_rra` ENABLE KEYS */;
UNLOCK TABLES;

--
-- Table structure for table `data_template_rrd`
--

DROP TABLE IF EXISTS `data_template_rrd`;
/*!40101 SET @saved_cs_client     = @@character_set_client */;
/*!40101 SET character_set_client = utf8 */;
CREATE TABLE `data_template_rrd` (
  `id` mediumint(8) unsigned NOT NULL AUTO_INCREMENT,
  `hash` varchar(32) NOT NULL DEFAULT '',
  `local_data_template_rrd_id` mediumint(8) unsigned NOT NULL DEFAULT '0',
  `local_data_id` mediumint(8) unsigned NOT NULL DEFAULT '0',
  `data_template_id` mediumint(8) unsigned NOT NULL DEFAULT '0',
  `t_rrd_maximum` char(2) DEFAULT NULL,
  `rrd_maximum` varchar(20) NOT NULL DEFAULT '0',
  `t_rrd_minimum` char(2) DEFAULT NULL,
  `rrd_minimum` varchar(20) NOT NULL DEFAULT '0',
  `t_rrd_heartbeat` char(2) DEFAULT NULL,
  `rrd_heartbeat` mediumint(6) NOT NULL DEFAULT '0',
  `t_data_source_type_id` char(2) DEFAULT NULL,
  `data_source_type_id` smallint(5) NOT NULL DEFAULT '0',
  `t_data_source_name` char(2) DEFAULT NULL,
  `data_source_name` varchar(19) NOT NULL DEFAULT '',
  `t_data_input_field_id` char(2) DEFAULT NULL,
  `data_input_field_id` mediumint(8) unsigned NOT NULL DEFAULT '0',
  PRIMARY KEY (`id`),
  UNIQUE KEY `duplicate_dsname_contraint` (`local_data_id`,`data_source_name`,`data_template_id`),
  KEY `local_data_id` (`local_data_id`),
  KEY `data_template_id` (`data_template_id`),
  KEY `local_data_template_rrd_id` (`local_data_template_rrd_id`)
) ENGINE=MyISAM AUTO_INCREMENT=325 DEFAULT CHARSET=latin1;
/*!40101 SET character_set_client = @saved_cs_client */;

--
-- Dumping data for table `data_template_rrd`
--

LOCK TABLES `data_template_rrd` WRITE;
/*!40000 ALTER TABLE `data_template_rrd` DISABLE KEYS */;
INSERT INTO `data_template_rrd` VALUES (3,'2d53f9c76767a2ae8909f4152fd473a4',0,0,3,'','0','','0','',600,'',1,'','hdd_free','',0),(4,'93d91aa7a3cc5473e7b195d5d6e6e675',0,0,3,'','0','','0','',600,'',1,'','hdd_used','',0),(5,'7bee7987bbf30a3bc429d2a67c6b2595',0,0,4,'','100','','0','',600,'',2,'','cpu_system','',0),(6,'ddccd7fbdece499da0235b4098b87f9e',0,0,5,'','100','','0','',600,'',2,'','cpu_user','',0),(7,'122ab2097f8c6403b7b90cde7b9e2bc2',0,0,6,'','100','','0','',600,'',2,'','cpu_nice','',0),(8,'34f50c820092ea0fecba25b4b94a7946',0,0,7,'','100','','0','',600,'',1,'','wrls_noise','',0),(9,'830b811d1834e5ba0e2af93bd92db057',0,0,8,'','100','','0','',600,'',1,'','wrls_signal','',0),(10,'2f1b016a2465eef3f7369f6313cd4a94',0,0,9,'','1000000','','0','',600,'',2,'','wrls_transmits','',0),(11,'28ffcecaf8b50e49f676f2d4a822685d',0,0,10,'','1000000','','0','',600,'',2,'','wrls_retransmits','',0),(12,'8175ca431c8fe50efff5a1d3ae51b55d',0,0,11,'','500','','0','',600,'',1,'','load_1min','',17),(13,'a2eeb8acd6ea01cd0e3ac852965c0eb6',0,0,11,'','500','','0','',600,'',1,'','load_5min','',18),(14,'9f951b7fb3b19285a411aebb5254a831',0,0,11,'','500','','0','',600,'',1,'','load_15min','',19),(16,'a4df3de5238d3beabee1a2fe140d3d80',0,0,13,'','0','','0','',600,'',1,'','mem_buffers','',23),(18,'7fea6acc9b1a19484b4cb4cef2b6c5da',0,0,15,'','0','','0','',600,'',1,'','mem_swap','',23),(19,'f1ba3a5b17b95825021241398bb0f277',0,0,16,'','1000','','0','',600,'',1,'','proc','',24),(20,'46a5afe8e6c0419172c76421dc9e304a',0,0,17,'','500','','0','',600,'',1,'','users','',21),(21,'962fd1994fe9cae87fb36436bdb8a742',0,0,18,'','5000','','0','',600,'',1,'','ping','',30),(22,'7a8dd1111a8624369906bf2cd6ea9ca9',0,0,19,'','100000','','0','',600,'',1,'','total_users','',0),(23,'ddb6e74d34d2f1969ce85f809dbac23d',0,0,20,'','100000','','0','',600,'',1,'','total_logins','',0),(25,'289311d10336941d33d9a1c48a7b11ee',0,0,22,'','10000000','','0','',600,'',2,'','fs_reads','',0),(26,'02216f036cca04655ee2f67fedb6f4f0',0,0,23,'','10000000','','0','',600,'',2,'','fs_writes','',0),(27,'9e402c0f29131ef7139c20bd500b4e8a',0,0,24,'','10000000','','0','',600,'',2,'','cache_checks','',0),(28,'46717dfe3c8c030d8b5ec0874f9dbdca',0,0,25,'','1000000','','0','',600,'',2,'','cache_hits','',0),(29,'7a88a60729af62561812c43bde61dfc1',0,0,26,'','100000','','0','',600,'',1,'','open_files','',0),(30,'3c0fd1a188b64a662dfbfa985648397b',0,0,27,'','100','','0','',600,'',1,'','5min_cpu','',0),(33,'ed44c2438ef7e46e2aeed2b6c580815c',0,0,30,'','500','','0','',600,'',1,'','load_1min','',0),(34,'9b3a00c9e3530d9e58895ac38271361e',0,0,31,'','500','','0','',600,'',1,'','load_5min','',0),(35,'6746c2ed836ecc68a71bbddf06b0e5d9',0,0,32,'','500','','0','',600,'',1,'','load_15min','',0),(36,'9835d9e1a8c78aa2475d752e8fa74812',0,0,33,'','10000000','','0','',600,'',1,'','mem_buffers','',0),(37,'9c78dc1981bcea841b8c827c6dc0d26c',0,0,34,'','10000000','','0','',600,'',1,'','mem_free','',0),(38,'62a56dc76fe4cd8566a31b5df0274cc3',0,0,35,'','0','','0','',600,'',1,'','vol_total','',0),(39,'2e366ab49d0e0238fb4e3141ea5a88c3',0,0,35,'','0','','0','',600,'',1,'','vol_free','',0),(40,'dceedc84718dd93a5affe4b190bca810',0,0,35,'','0','','0','',600,'',1,'','vol_freeable','',0),(42,'93330503f1cf67db00d8fe636035e545',0,0,36,'','100000000000','','0','',600,'',1,'','dir_total','',0),(43,'6b0fe4aa6aaf22ef9cfbbe96d87fa0d7',0,0,36,'','100000000000','','0','',600,'',1,'','dir_used','',0),(44,'4c82df790325d789d304e6ee5cd4ab7d',0,0,37,'','0','','0','',600,'',1,'','hdd_free','',0),(46,'c802e2fd77f5b0a4c4298951bf65957c',0,0,38,'','10000000','','0','',600,'',2,'','errors_in','',0),(47,'4e2a72240955380dc8ffacfcc8c09874',0,0,38,'','10000000','','0','',600,'',2,'','discards_in','',0),(48,'636672962b5bb2f31d86985e2ab4bdfe',0,0,39,'','1000000000','','0','',600,'',2,'','unicast_in','',0),(49,'18ce92c125a236a190ee9dd948f56268',0,0,39,'','1000000000','','0','',600,'',2,'','unicast_out','',0),(50,'13ebb33f9cbccfcba828db1075a8167c',0,0,38,'','10000000','','0','',600,'',2,'','discards_out','',0),(51,'31399c3725bee7e09ec04049e3d5cd17',0,0,38,'','10000000','','0','',600,'',2,'','errors_out','',0),(52,'7be68cbc4ee0b2973eb9785f8c7a35c7',0,0,40,'','1000000000','','0','',600,'',2,'','nonunicast_out','',0),(53,'93e2b6f59b10b13f2ddf2da3ae98b89a',0,0,40,'','1000000000','','0','',600,'',2,'','nonunicast_in','',0),(54,'2df25c57022b0c7e7d0be4c035ada1a0',0,0,41,'on','100000000','','0','',600,'',2,'','traffic_in','',0),(55,'721c0794526d1ac1c359f27dc56faa49',0,0,41,'on','100000000','','0','',600,'',2,'','traffic_out','',0),(56,'07175541991def89bd02d28a215f6fcc',0,0,37,'','0','','0','',600,'',1,'','hdd_used','',0),(76,'07492e5cace6d74e7db3cb1fc005a3f3',0,0,42,'','100','','0','',600,'',1,'','cpu','',0),(78,'0ee6bb54957f6795a5369a29f818d860',0,0,43,'','0','','0','',600,'',1,'','hdd_used','',0),(79,'9825aaf7c0bdf1554c5b4b86680ac2c0',0,0,44,'','100','','0','',600,'',1,'','cpu','',0),(80,'50ccbe193c6c7fc29fb9f726cd6c48ee',0,0,45,'','1000','','0','',600,'',1,'','proc','',0),(81,'9464c91bcff47f23085ae5adae6ab987',0,0,46,'','5000','','0','',600,'',1,'','users','',0),(129,'',6,32,5,NULL,'100',NULL,'0',NULL,600,NULL,2,NULL,'cpu_user',NULL,0),(128,'',5,31,4,NULL,'100',NULL,'0',NULL,600,NULL,2,NULL,'cpu_system',NULL,0),(126,'',18,29,15,NULL,'0',NULL,'0',NULL,600,NULL,1,NULL,'mem_swap',NULL,23),(127,'',7,30,6,NULL,'100',NULL,'0',NULL,600,NULL,2,NULL,'cpu_nice',NULL,0),(125,'',16,28,13,NULL,'0',NULL,'0',NULL,600,NULL,1,NULL,'mem_buffers',NULL,23),(92,'165a0da5f461561c85d092dfe96b9551',0,0,43,'','0','','0','',600,'',1,'','hdd_total','',0),(95,'7a6ca455bbeff99ca891371bc77d5cf9',0,0,47,'','10000000','','0','',600,'',1,'','mem_cache','',0),(96,'224b83ea73f55f8a861bcf4c9bea0472',0,0,48,'on','100','','0','',600,'on',1,'','snmp_oid','',0),(97,'',16,8,13,NULL,'0',NULL,'0',NULL,600,NULL,1,NULL,'mem_buffers',NULL,23),(98,'',18,9,15,NULL,'0',NULL,'0',NULL,600,NULL,1,NULL,'mem_swap',NULL,23),(99,'',7,10,6,NULL,'100',NULL,'0',NULL,600,NULL,2,NULL,'cpu_nice',NULL,0),(100,'',5,11,4,NULL,'100',NULL,'0',NULL,600,NULL,2,NULL,'cpu_system',NULL,0),(101,'',6,12,5,NULL,'100',NULL,'0',NULL,600,NULL,2,NULL,'cpu_user',NULL,0),(102,'',33,13,30,NULL,'500',NULL,'0',NULL,600,NULL,1,NULL,'load_1min',NULL,0),(103,'',35,14,32,NULL,'500',NULL,'0',NULL,600,NULL,1,NULL,'load_15min',NULL,0),(104,'',34,15,31,NULL,'500',NULL,'0',NULL,600,NULL,1,NULL,'load_5min',NULL,0),(105,'',36,16,33,NULL,'10000000',NULL,'0',NULL,600,NULL,1,NULL,'mem_buffers',NULL,0),(106,'',95,17,47,NULL,'10000000',NULL,'0',NULL,600,NULL,1,NULL,'mem_cache',NULL,0),(107,'',37,18,34,NULL,'10000000',NULL,'0',NULL,600,NULL,1,NULL,'mem_free',NULL,0),(108,'',12,19,11,NULL,'500',NULL,'0',NULL,600,NULL,1,NULL,'load_1min',NULL,17),(109,'',13,19,11,NULL,'500',NULL,'0',NULL,600,NULL,1,NULL,'load_5min',NULL,18),(110,'',14,19,11,NULL,'500',NULL,'0',NULL,600,NULL,1,NULL,'load_15min',NULL,19),(111,'',20,20,17,NULL,'500',NULL,'0',NULL,600,NULL,1,NULL,'users',NULL,21),(112,'',19,21,16,NULL,'1000',NULL,'0',NULL,600,NULL,1,NULL,'proc',NULL,24),(113,'',54,22,41,NULL,'|query_ifSpeed|',NULL,'0',NULL,600,NULL,2,NULL,'traffic_in',NULL,0),(114,'',55,22,41,NULL,'|query_ifSpeed|',NULL,'0',NULL,600,NULL,2,NULL,'traffic_out',NULL,0),(115,'',54,23,41,NULL,'|query_ifSpeed|',NULL,'0',NULL,600,NULL,2,NULL,'traffic_in',NULL,0),(116,'',55,23,41,NULL,'|query_ifSpeed|',NULL,'0',NULL,600,NULL,2,NULL,'traffic_out',NULL,0),(117,'',54,24,41,NULL,'|query_ifSpeed|',NULL,'0',NULL,600,NULL,2,NULL,'traffic_in',NULL,0),(118,'',55,24,41,NULL,'|query_ifSpeed|',NULL,'0',NULL,600,NULL,2,NULL,'traffic_out',NULL,0),(119,'',54,25,41,NULL,'|query_ifSpeed|',NULL,'0',NULL,600,NULL,2,NULL,'traffic_in',NULL,0),(120,'',55,25,41,NULL,'|query_ifSpeed|',NULL,'0',NULL,600,NULL,2,NULL,'traffic_out',NULL,0),(121,'',54,26,41,NULL,'|query_ifSpeed|',NULL,'0',NULL,600,NULL,2,NULL,'traffic_in',NULL,0),(122,'',55,26,41,NULL,'|query_ifSpeed|',NULL,'0',NULL,600,NULL,2,NULL,'traffic_out',NULL,0),(123,'',44,27,37,NULL,'0',NULL,'0',NULL,600,NULL,1,NULL,'hdd_free',NULL,0),(124,'',56,27,37,NULL,'0',NULL,'0',NULL,600,NULL,1,NULL,'hdd_used',NULL,0),(130,'',33,33,30,NULL,'500',NULL,'0',NULL,600,NULL,1,NULL,'load_1min',NULL,0),(131,'',35,34,32,NULL,'500',NULL,'0',NULL,600,NULL,1,NULL,'load_15min',NULL,0),(132,'',34,35,31,NULL,'500',NULL,'0',NULL,600,NULL,1,NULL,'load_5min',NULL,0),(133,'',36,36,33,NULL,'10000000',NULL,'0',NULL,600,NULL,1,NULL,'mem_buffers',NULL,0),(134,'',95,37,47,NULL,'10000000',NULL,'0',NULL,600,NULL,1,NULL,'mem_cache',NULL,0),(135,'',37,38,34,NULL,'10000000',NULL,'0',NULL,600,NULL,1,NULL,'mem_free',NULL,0),(136,'',12,39,11,NULL,'500',NULL,'0',NULL,600,NULL,1,NULL,'load_1min',NULL,17),(137,'',13,39,11,NULL,'500',NULL,'0',NULL,600,NULL,1,NULL,'load_5min',NULL,18),(138,'',14,39,11,NULL,'500',NULL,'0',NULL,600,NULL,1,NULL,'load_15min',NULL,19),(139,'',20,40,17,NULL,'500',NULL,'0',NULL,600,NULL,1,NULL,'users',NULL,21),(140,'',19,41,16,NULL,'1000',NULL,'0',NULL,600,NULL,1,NULL,'proc',NULL,24),(141,'',54,42,41,NULL,'|query_ifSpeed|',NULL,'0',NULL,600,NULL,2,NULL,'traffic_in',NULL,0),(142,'',55,42,41,NULL,'|query_ifSpeed|',NULL,'0',NULL,600,NULL,2,NULL,'traffic_out',NULL,0),(143,'',54,43,41,NULL,'|query_ifSpeed|',NULL,'0',NULL,600,NULL,2,NULL,'traffic_in',NULL,0),(144,'',55,43,41,NULL,'|query_ifSpeed|',NULL,'0',NULL,600,NULL,2,NULL,'traffic_out',NULL,0),(145,'',54,44,41,NULL,'|query_ifSpeed|',NULL,'0',NULL,600,NULL,2,NULL,'traffic_in',NULL,0),(146,'',55,44,41,NULL,'|query_ifSpeed|',NULL,'0',NULL,600,NULL,2,NULL,'traffic_out',NULL,0),(147,'',3,45,3,NULL,'0',NULL,'0',NULL,600,NULL,1,NULL,'hdd_free',NULL,0),(148,'',4,45,3,NULL,'0',NULL,'0',NULL,600,NULL,1,NULL,'hdd_used',NULL,0),(149,'',3,46,3,NULL,'0',NULL,'0',NULL,600,NULL,1,NULL,'hdd_free',NULL,0),(150,'',4,46,3,NULL,'0',NULL,'0',NULL,600,NULL,1,NULL,'hdd_used',NULL,0),(151,'',3,47,3,NULL,'0',NULL,'0',NULL,600,NULL,1,NULL,'hdd_free',NULL,0),(152,'',4,47,3,NULL,'0',NULL,'0',NULL,600,NULL,1,NULL,'hdd_used',NULL,0),(153,'',3,48,3,NULL,'0',NULL,'0',NULL,600,NULL,1,NULL,'hdd_free',NULL,0),(154,'',4,48,3,NULL,'0',NULL,'0',NULL,600,NULL,1,NULL,'hdd_used',NULL,0),(155,'',3,49,3,NULL,'0',NULL,'0',NULL,600,NULL,1,NULL,'hdd_free',NULL,0),(156,'',4,49,3,NULL,'0',NULL,'0',NULL,600,NULL,1,NULL,'hdd_used',NULL,0),(157,'',3,50,3,NULL,'0',NULL,'0',NULL,600,NULL,1,NULL,'hdd_free',NULL,0),(158,'',4,50,3,NULL,'0',NULL,'0',NULL,600,NULL,1,NULL,'hdd_used',NULL,0),(159,'',3,51,3,NULL,'0',NULL,'0',NULL,600,NULL,1,NULL,'hdd_free',NULL,0),(160,'',4,51,3,NULL,'0',NULL,'0',NULL,600,NULL,1,NULL,'hdd_used',NULL,0),(161,'',3,52,3,NULL,'0',NULL,'0',NULL,600,NULL,1,NULL,'hdd_free',NULL,0),(162,'',4,52,3,NULL,'0',NULL,'0',NULL,600,NULL,1,NULL,'hdd_used',NULL,0),(163,'',44,53,37,NULL,'0',NULL,'0',NULL,600,NULL,1,NULL,'hdd_free',NULL,0),(164,'',56,53,37,NULL,'0',NULL,'0',NULL,600,NULL,1,NULL,'hdd_used',NULL,0),(165,'',16,54,13,NULL,'0',NULL,'0',NULL,600,NULL,1,NULL,'mem_buffers',NULL,23),(166,'',18,55,15,NULL,'0',NULL,'0',NULL,600,NULL,1,NULL,'mem_swap',NULL,23),(167,'',7,56,6,NULL,'100',NULL,'0',NULL,600,NULL,2,NULL,'cpu_nice',NULL,0),(168,'',5,57,4,NULL,'100',NULL,'0',NULL,600,NULL,2,NULL,'cpu_system',NULL,0),(169,'',6,58,5,NULL,'100',NULL,'0',NULL,600,NULL,2,NULL,'cpu_user',NULL,0),(170,'',33,59,30,NULL,'500',NULL,'0',NULL,600,NULL,1,NULL,'load_1min',NULL,0),(171,'',35,60,32,NULL,'500',NULL,'0',NULL,600,NULL,1,NULL,'load_15min',NULL,0),(172,'',34,61,31,NULL,'500',NULL,'0',NULL,600,NULL,1,NULL,'load_5min',NULL,0),(173,'',36,62,33,NULL,'10000000',NULL,'0',NULL,600,NULL,1,NULL,'mem_buffers',NULL,0),(174,'',95,63,47,NULL,'10000000',NULL,'0',NULL,600,NULL,1,NULL,'mem_cache',NULL,0),(175,'',37,64,34,NULL,'10000000',NULL,'0',NULL,600,NULL,1,NULL,'mem_free',NULL,0),(176,'',12,65,11,NULL,'500',NULL,'0',NULL,600,NULL,1,NULL,'load_1min',NULL,17),(177,'',13,65,11,NULL,'500',NULL,'0',NULL,600,NULL,1,NULL,'load_5min',NULL,18),(178,'',14,65,11,NULL,'500',NULL,'0',NULL,600,NULL,1,NULL,'load_15min',NULL,19),(179,'',20,66,17,NULL,'500',NULL,'0',NULL,600,NULL,1,NULL,'users',NULL,21),(180,'',19,67,16,NULL,'1000',NULL,'0',NULL,600,NULL,1,NULL,'proc',NULL,24),(181,'',54,68,41,NULL,'|query_ifSpeed|',NULL,'0',NULL,600,NULL,2,NULL,'traffic_in',NULL,0),(182,'',55,68,41,NULL,'|query_ifSpeed|',NULL,'0',NULL,600,NULL,2,NULL,'traffic_out',NULL,0),(183,'',54,69,41,NULL,'|query_ifSpeed|',NULL,'0',NULL,600,NULL,2,NULL,'traffic_in',NULL,0),(184,'',55,69,41,NULL,'|query_ifSpeed|',NULL,'0',NULL,600,NULL,2,NULL,'traffic_out',NULL,0),(185,'',54,70,41,NULL,'|query_ifSpeed|',NULL,'0',NULL,600,NULL,2,NULL,'traffic_in',NULL,0),(186,'',55,70,41,NULL,'|query_ifSpeed|',NULL,'0',NULL,600,NULL,2,NULL,'traffic_out',NULL,0),(187,'',3,71,3,NULL,'0',NULL,'0',NULL,600,NULL,1,NULL,'hdd_free',NULL,0),(188,'',4,71,3,NULL,'0',NULL,'0',NULL,600,NULL,1,NULL,'hdd_used',NULL,0),(189,'',3,72,3,NULL,'0',NULL,'0',NULL,600,NULL,1,NULL,'hdd_free',NULL,0),(190,'',4,72,3,NULL,'0',NULL,'0',NULL,600,NULL,1,NULL,'hdd_used',NULL,0),(191,'',3,73,3,NULL,'0',NULL,'0',NULL,600,NULL,1,NULL,'hdd_free',NULL,0),(192,'',4,73,3,NULL,'0',NULL,'0',NULL,600,NULL,1,NULL,'hdd_used',NULL,0),(193,'',3,74,3,NULL,'0',NULL,'0',NULL,600,NULL,1,NULL,'hdd_free',NULL,0),(194,'',4,74,3,NULL,'0',NULL,'0',NULL,600,NULL,1,NULL,'hdd_used',NULL,0),(195,'',3,75,3,NULL,'0',NULL,'0',NULL,600,NULL,1,NULL,'hdd_free',NULL,0),(196,'',4,75,3,NULL,'0',NULL,'0',NULL,600,NULL,1,NULL,'hdd_used',NULL,0),(197,'',3,76,3,NULL,'0',NULL,'0',NULL,600,NULL,1,NULL,'hdd_free',NULL,0),(198,'',4,76,3,NULL,'0',NULL,'0',NULL,600,NULL,1,NULL,'hdd_used',NULL,0),(199,'',3,77,3,NULL,'0',NULL,'0',NULL,600,NULL,1,NULL,'hdd_free',NULL,0),(200,'',4,77,3,NULL,'0',NULL,'0',NULL,600,NULL,1,NULL,'hdd_used',NULL,0),(201,'',3,78,3,NULL,'0',NULL,'0',NULL,600,NULL,1,NULL,'hdd_free',NULL,0),(202,'',4,78,3,NULL,'0',NULL,'0',NULL,600,NULL,1,NULL,'hdd_used',NULL,0),(203,'',44,79,37,NULL,'0',NULL,'0',NULL,600,NULL,1,NULL,'hdd_free',NULL,0),(204,'',56,79,37,NULL,'0',NULL,'0',NULL,600,NULL,1,NULL,'hdd_used',NULL,0),(205,'',16,80,13,NULL,'0',NULL,'0',NULL,600,NULL,1,NULL,'mem_buffers',NULL,23),(206,'',18,81,15,NULL,'0',NULL,'0',NULL,600,NULL,1,NULL,'mem_swap',NULL,23),(207,'',7,82,6,NULL,'100',NULL,'0',NULL,600,NULL,2,NULL,'cpu_nice',NULL,0),(208,'',5,83,4,NULL,'100',NULL,'0',NULL,600,NULL,2,NULL,'cpu_system',NULL,0),(209,'',6,84,5,NULL,'100',NULL,'0',NULL,600,NULL,2,NULL,'cpu_user',NULL,0),(210,'',33,85,30,NULL,'500',NULL,'0',NULL,600,NULL,1,NULL,'load_1min',NULL,0),(211,'',35,86,32,NULL,'500',NULL,'0',NULL,600,NULL,1,NULL,'load_15min',NULL,0),(212,'',34,87,31,NULL,'500',NULL,'0',NULL,600,NULL,1,NULL,'load_5min',NULL,0),(213,'',36,88,33,NULL,'10000000',NULL,'0',NULL,600,NULL,1,NULL,'mem_buffers',NULL,0),(214,'',95,89,47,NULL,'10000000',NULL,'0',NULL,600,NULL,1,NULL,'mem_cache',NULL,0),(215,'',37,90,34,NULL,'10000000',NULL,'0',NULL,600,NULL,1,NULL,'mem_free',NULL,0),(216,'',12,91,11,NULL,'500',NULL,'0',NULL,600,NULL,1,NULL,'load_1min',NULL,17),(217,'',13,91,11,NULL,'500',NULL,'0',NULL,600,NULL,1,NULL,'load_5min',NULL,18),(218,'',14,91,11,NULL,'500',NULL,'0',NULL,600,NULL,1,NULL,'load_15min',NULL,19),(219,'',20,92,17,NULL,'500',NULL,'0',NULL,600,NULL,1,NULL,'users',NULL,21),(220,'',19,93,16,NULL,'1000',NULL,'0',NULL,600,NULL,1,NULL,'proc',NULL,24),(221,'',54,94,41,NULL,'|query_ifSpeed|',NULL,'0',NULL,600,NULL,2,NULL,'traffic_in',NULL,0),(222,'',55,94,41,NULL,'|query_ifSpeed|',NULL,'0',NULL,600,NULL,2,NULL,'traffic_out',NULL,0),(223,'',54,95,41,NULL,'|query_ifSpeed|',NULL,'0',NULL,600,NULL,2,NULL,'traffic_in',NULL,0),(224,'',55,95,41,NULL,'|query_ifSpeed|',NULL,'0',NULL,600,NULL,2,NULL,'traffic_out',NULL,0),(225,'',54,96,41,NULL,'|query_ifSpeed|',NULL,'0',NULL,600,NULL,2,NULL,'traffic_in',NULL,0),(226,'',55,96,41,NULL,'|query_ifSpeed|',NULL,'0',NULL,600,NULL,2,NULL,'traffic_out',NULL,0),(227,'',3,97,3,NULL,'0',NULL,'0',NULL,600,NULL,1,NULL,'hdd_free',NULL,0),(228,'',4,97,3,NULL,'0',NULL,'0',NULL,600,NULL,1,NULL,'hdd_used',NULL,0),(229,'',3,98,3,NULL,'0',NULL,'0',NULL,600,NULL,1,NULL,'hdd_free',NULL,0),(230,'',4,98,3,NULL,'0',NULL,'0',NULL,600,NULL,1,NULL,'hdd_used',NULL,0),(231,'',3,99,3,NULL,'0',NULL,'0',NULL,600,NULL,1,NULL,'hdd_free',NULL,0),(232,'',4,99,3,NULL,'0',NULL,'0',NULL,600,NULL,1,NULL,'hdd_used',NULL,0),(233,'',3,100,3,NULL,'0',NULL,'0',NULL,600,NULL,1,NULL,'hdd_free',NULL,0),(234,'',4,100,3,NULL,'0',NULL,'0',NULL,600,NULL,1,NULL,'hdd_used',NULL,0),(235,'',3,101,3,NULL,'0',NULL,'0',NULL,600,NULL,1,NULL,'hdd_free',NULL,0),(236,'',4,101,3,NULL,'0',NULL,'0',NULL,600,NULL,1,NULL,'hdd_used',NULL,0),(237,'',3,102,3,NULL,'0',NULL,'0',NULL,600,NULL,1,NULL,'hdd_free',NULL,0),(238,'',4,102,3,NULL,'0',NULL,'0',NULL,600,NULL,1,NULL,'hdd_used',NULL,0),(239,'',3,103,3,NULL,'0',NULL,'0',NULL,600,NULL,1,NULL,'hdd_free',NULL,0),(240,'',4,103,3,NULL,'0',NULL,'0',NULL,600,NULL,1,NULL,'hdd_used',NULL,0),(241,'',3,104,3,NULL,'0',NULL,'0',NULL,600,NULL,1,NULL,'hdd_free',NULL,0),(242,'',4,104,3,NULL,'0',NULL,'0',NULL,600,NULL,1,NULL,'hdd_used',NULL,0),(243,'',44,105,37,NULL,'0',NULL,'0',NULL,600,NULL,1,NULL,'hdd_free',NULL,0),(244,'',56,105,37,NULL,'0',NULL,'0',NULL,600,NULL,1,NULL,'hdd_used',NULL,0),(245,'',16,106,13,NULL,'0',NULL,'0',NULL,600,NULL,1,NULL,'mem_buffers',NULL,23),(246,'',18,107,15,NULL,'0',NULL,'0',NULL,600,NULL,1,NULL,'mem_swap',NULL,23),(247,'',7,108,6,NULL,'100',NULL,'0',NULL,600,NULL,2,NULL,'cpu_nice',NULL,0),(248,'',5,109,4,NULL,'100',NULL,'0',NULL,600,NULL,2,NULL,'cpu_system',NULL,0),(249,'',6,110,5,NULL,'100',NULL,'0',NULL,600,NULL,2,NULL,'cpu_user',NULL,0),(250,'',33,111,30,NULL,'500',NULL,'0',NULL,600,NULL,1,NULL,'load_1min',NULL,0),(251,'',35,112,32,NULL,'500',NULL,'0',NULL,600,NULL,1,NULL,'load_15min',NULL,0),(252,'',34,113,31,NULL,'500',NULL,'0',NULL,600,NULL,1,NULL,'load_5min',NULL,0),(253,'',36,114,33,NULL,'10000000',NULL,'0',NULL,600,NULL,1,NULL,'mem_buffers',NULL,0),(254,'',95,115,47,NULL,'10000000',NULL,'0',NULL,600,NULL,1,NULL,'mem_cache',NULL,0),(255,'',37,116,34,NULL,'10000000',NULL,'0',NULL,600,NULL,1,NULL,'mem_free',NULL,0),(256,'',12,117,11,NULL,'500',NULL,'0',NULL,600,NULL,1,NULL,'load_1min',NULL,17),(257,'',13,117,11,NULL,'500',NULL,'0',NULL,600,NULL,1,NULL,'load_5min',NULL,18),(258,'',14,117,11,NULL,'500',NULL,'0',NULL,600,NULL,1,NULL,'load_15min',NULL,19),(259,'',20,118,17,NULL,'500',NULL,'0',NULL,600,NULL,1,NULL,'users',NULL,21),(260,'',19,119,16,NULL,'1000',NULL,'0',NULL,600,NULL,1,NULL,'proc',NULL,24),(261,'',54,120,41,NULL,'|query_ifSpeed|',NULL,'0',NULL,600,NULL,2,NULL,'traffic_in',NULL,0),(262,'',55,120,41,NULL,'|query_ifSpeed|',NULL,'0',NULL,600,NULL,2,NULL,'traffic_out',NULL,0),(263,'',54,121,41,NULL,'|query_ifSpeed|',NULL,'0',NULL,600,NULL,2,NULL,'traffic_in',NULL,0),(264,'',55,121,41,NULL,'|query_ifSpeed|',NULL,'0',NULL,600,NULL,2,NULL,'traffic_out',NULL,0),(265,'',54,122,41,NULL,'|query_ifSpeed|',NULL,'0',NULL,600,NULL,2,NULL,'traffic_in',NULL,0),(266,'',55,122,41,NULL,'|query_ifSpeed|',NULL,'0',NULL,600,NULL,2,NULL,'traffic_out',NULL,0),(267,'',3,123,3,NULL,'0',NULL,'0',NULL,600,NULL,1,NULL,'hdd_free',NULL,0),(268,'',4,123,3,NULL,'0',NULL,'0',NULL,600,NULL,1,NULL,'hdd_used',NULL,0),(269,'',3,124,3,NULL,'0',NULL,'0',NULL,600,NULL,1,NULL,'hdd_free',NULL,0),(270,'',4,124,3,NULL,'0',NULL,'0',NULL,600,NULL,1,NULL,'hdd_used',NULL,0),(271,'',3,125,3,NULL,'0',NULL,'0',NULL,600,NULL,1,NULL,'hdd_free',NULL,0),(272,'',4,125,3,NULL,'0',NULL,'0',NULL,600,NULL,1,NULL,'hdd_used',NULL,0),(273,'',3,126,3,NULL,'0',NULL,'0',NULL,600,NULL,1,NULL,'hdd_free',NULL,0),(274,'',4,126,3,NULL,'0',NULL,'0',NULL,600,NULL,1,NULL,'hdd_used',NULL,0),(275,'',3,127,3,NULL,'0',NULL,'0',NULL,600,NULL,1,NULL,'hdd_free',NULL,0),(276,'',4,127,3,NULL,'0',NULL,'0',NULL,600,NULL,1,NULL,'hdd_used',NULL,0),(277,'',3,128,3,NULL,'0',NULL,'0',NULL,600,NULL,1,NULL,'hdd_free',NULL,0),(278,'',4,128,3,NULL,'0',NULL,'0',NULL,600,NULL,1,NULL,'hdd_used',NULL,0),(279,'',3,129,3,NULL,'0',NULL,'0',NULL,600,NULL,1,NULL,'hdd_free',NULL,0),(280,'',4,129,3,NULL,'0',NULL,'0',NULL,600,NULL,1,NULL,'hdd_used',NULL,0),(281,'',3,130,3,NULL,'0',NULL,'0',NULL,600,NULL,1,NULL,'hdd_free',NULL,0),(282,'',4,130,3,NULL,'0',NULL,'0',NULL,600,NULL,1,NULL,'hdd_used',NULL,0),(283,'',44,131,37,NULL,'0',NULL,'0',NULL,600,NULL,1,NULL,'hdd_free',NULL,0),(284,'',56,131,37,NULL,'0',NULL,'0',NULL,600,NULL,1,NULL,'hdd_used',NULL,0),(285,'',16,132,13,NULL,'0',NULL,'0',NULL,600,NULL,1,NULL,'mem_buffers',NULL,23),(286,'',18,133,15,NULL,'0',NULL,'0',NULL,600,NULL,1,NULL,'mem_swap',NULL,23),(287,'',7,134,6,NULL,'100',NULL,'0',NULL,600,NULL,2,NULL,'cpu_nice',NULL,0),(288,'',5,135,4,NULL,'100',NULL,'0',NULL,600,NULL,2,NULL,'cpu_system',NULL,0),(289,'',6,136,5,NULL,'100',NULL,'0',NULL,600,NULL,2,NULL,'cpu_user',NULL,0),(290,'',33,137,30,NULL,'500',NULL,'0',NULL,600,NULL,1,NULL,'load_1min',NULL,0),(291,'',35,138,32,NULL,'500',NULL,'0',NULL,600,NULL,1,NULL,'load_15min',NULL,0),(292,'',34,139,31,NULL,'500',NULL,'0',NULL,600,NULL,1,NULL,'load_5min',NULL,0),(293,'',36,140,33,NULL,'10000000',NULL,'0',NULL,600,NULL,1,NULL,'mem_buffers',NULL,0),(294,'',95,141,47,NULL,'10000000',NULL,'0',NULL,600,NULL,1,NULL,'mem_cache',NULL,0),(295,'',37,142,34,NULL,'10000000',NULL,'0',NULL,600,NULL,1,NULL,'mem_free',NULL,0),(296,'',12,143,11,NULL,'500',NULL,'0',NULL,600,NULL,1,NULL,'load_1min',NULL,17),(297,'',13,143,11,NULL,'500',NULL,'0',NULL,600,NULL,1,NULL,'load_5min',NULL,18),(298,'',14,143,11,NULL,'500',NULL,'0',NULL,600,NULL,1,NULL,'load_15min',NULL,19),(299,'',20,144,17,NULL,'500',NULL,'0',NULL,600,NULL,1,NULL,'users',NULL,21),(300,'',19,145,16,NULL,'1000',NULL,'0',NULL,600,NULL,1,NULL,'proc',NULL,24),(301,'',54,146,41,NULL,'|query_ifSpeed|',NULL,'0',NULL,600,NULL,2,NULL,'traffic_in',NULL,0),(302,'',55,146,41,NULL,'|query_ifSpeed|',NULL,'0',NULL,600,NULL,2,NULL,'traffic_out',NULL,0),(303,'',54,147,41,NULL,'|query_ifSpeed|',NULL,'0',NULL,600,NULL,2,NULL,'traffic_in',NULL,0),(304,'',55,147,41,NULL,'|query_ifSpeed|',NULL,'0',NULL,600,NULL,2,NULL,'traffic_out',NULL,0),(305,'',54,148,41,NULL,'|query_ifSpeed|',NULL,'0',NULL,600,NULL,2,NULL,'traffic_in',NULL,0),(306,'',55,148,41,NULL,'|query_ifSpeed|',NULL,'0',NULL,600,NULL,2,NULL,'traffic_out',NULL,0),(307,'',3,149,3,NULL,'0',NULL,'0',NULL,600,NULL,1,NULL,'hdd_free',NULL,0),(308,'',4,149,3,NULL,'0',NULL,'0',NULL,600,NULL,1,NULL,'hdd_used',NULL,0),(309,'',3,150,3,NULL,'0',NULL,'0',NULL,600,NULL,1,NULL,'hdd_free',NULL,0),(310,'',4,150,3,NULL,'0',NULL,'0',NULL,600,NULL,1,NULL,'hdd_used',NULL,0),(311,'',3,151,3,NULL,'0',NULL,'0',NULL,600,NULL,1,NULL,'hdd_free',NULL,0),(312,'',4,151,3,NULL,'0',NULL,'0',NULL,600,NULL,1,NULL,'hdd_used',NULL,0),(313,'',3,152,3,NULL,'0',NULL,'0',NULL,600,NULL,1,NULL,'hdd_free',NULL,0),(314,'',4,152,3,NULL,'0',NULL,'0',NULL,600,NULL,1,NULL,'hdd_used',NULL,0),(315,'',3,153,3,NULL,'0',NULL,'0',NULL,600,NULL,1,NULL,'hdd_free',NULL,0),(316,'',4,153,3,NULL,'0',NULL,'0',NULL,600,NULL,1,NULL,'hdd_used',NULL,0),(317,'',3,154,3,NULL,'0',NULL,'0',NULL,600,NULL,1,NULL,'hdd_free',NULL,0),(318,'',4,154,3,NULL,'0',NULL,'0',NULL,600,NULL,1,NULL,'hdd_used',NULL,0),(319,'',3,155,3,NULL,'0',NULL,'0',NULL,600,NULL,1,NULL,'hdd_free',NULL,0),(320,'',4,155,3,NULL,'0',NULL,'0',NULL,600,NULL,1,NULL,'hdd_used',NULL,0),(321,'',3,156,3,NULL,'0',NULL,'0',NULL,600,NULL,1,NULL,'hdd_free',NULL,0),(322,'',4,156,3,NULL,'0',NULL,'0',NULL,600,NULL,1,NULL,'hdd_used',NULL,0),(323,'',44,157,37,NULL,'0',NULL,'0',NULL,600,NULL,1,NULL,'hdd_free',NULL,0),(324,'',56,157,37,NULL,'0',NULL,'0',NULL,600,NULL,1,NULL,'hdd_used',NULL,0);
/*!40000 ALTER TABLE `data_template_rrd` ENABLE KEYS */;
UNLOCK TABLES;

--
-- Table structure for table `graph_local`
--

DROP TABLE IF EXISTS `graph_local`;
/*!40101 SET @saved_cs_client     = @@character_set_client */;
/*!40101 SET character_set_client = utf8 */;
CREATE TABLE `graph_local` (
  `id` mediumint(8) unsigned NOT NULL AUTO_INCREMENT,
  `graph_template_id` mediumint(8) unsigned NOT NULL DEFAULT '0',
  `host_id` mediumint(8) unsigned NOT NULL DEFAULT '0',
  `snmp_query_id` mediumint(8) NOT NULL DEFAULT '0',
  `snmp_index` varchar(255) NOT NULL DEFAULT '',
  PRIMARY KEY (`id`),
  KEY `host_id` (`host_id`),
  KEY `graph_template_id` (`graph_template_id`),
  KEY `snmp_query_id` (`snmp_query_id`),
  KEY `snmp_index` (`snmp_index`)
) ENGINE=MyISAM AUTO_INCREMENT=113 DEFAULT CHARSET=latin1 COMMENT='Creates a relationship for each item in a custom graph.';
/*!40101 SET character_set_client = @saved_cs_client */;

--
-- Dumping data for table `graph_local`
--

LOCK TABLES `graph_local` WRITE;
/*!40000 ALTER TABLE `graph_local` DISABLE KEYS */;
INSERT INTO `graph_local` VALUES (21,13,4,0,''),(20,11,4,0,''),(19,4,4,0,''),(18,12,4,0,''),(5,12,2,0,''),(6,4,2,0,''),(7,11,2,0,''),(8,13,2,0,''),(9,9,2,0,''),(10,10,2,0,''),(11,8,2,0,''),(12,2,2,1,'1'),(13,2,2,1,'2'),(14,2,2,1,'3'),(15,2,2,1,'4'),(16,2,2,1,'5'),(17,21,2,6,'/dev/sda1'),(22,9,4,0,''),(23,10,4,0,''),(24,8,4,0,''),(25,2,4,1,'1'),(26,2,4,1,'2'),(27,2,4,1,'3'),(28,3,4,2,'1'),(29,3,4,2,'2'),(30,3,4,2,'3'),(31,3,4,2,'4'),(32,3,4,2,'5'),(33,3,4,2,'6'),(34,3,4,2,'7'),(35,3,4,2,'8'),(36,21,4,6,'/dev/sda1'),(37,12,3,0,''),(38,4,3,0,''),(39,11,3,0,''),(40,13,3,0,''),(41,9,3,0,''),(42,10,3,0,''),(43,8,3,0,''),(44,2,3,1,'1'),(45,2,3,1,'2'),(46,2,3,1,'3'),(47,3,3,2,'1'),(48,3,3,2,'2'),(49,3,3,2,'3'),(50,3,3,2,'4'),(51,3,3,2,'5'),(52,3,3,2,'6'),(53,3,3,2,'7'),(54,3,3,2,'8'),(55,21,3,6,'/dev/sda1'),(56,12,5,0,''),(57,4,5,0,''),(58,11,5,0,''),(59,13,5,0,''),(60,9,5,0,''),(61,10,5,0,''),(62,8,5,0,''),(63,2,5,1,'1'),(64,2,5,1,'2'),(65,2,5,1,'3'),(66,3,5,2,'1'),(67,3,5,2,'2'),(68,3,5,2,'3'),(69,3,5,2,'4'),(70,3,5,2,'5'),(71,3,5,2,'6'),(72,3,5,2,'7'),(73,3,5,2,'8'),(74,21,5,6,'/dev/sda1'),(75,12,7,0,''),(76,4,7,0,''),(77,11,7,0,''),(78,13,7,0,''),(79,9,7,0,''),(80,10,7,0,''),(81,8,7,0,''),(82,2,7,1,'1'),(83,2,7,1,'2'),(84,2,7,1,'3'),(85,3,7,2,'1'),(86,3,7,2,'2'),(87,3,7,2,'3'),(88,3,7,2,'4'),(89,3,7,2,'5'),(90,3,7,2,'6'),(91,3,7,2,'7'),(92,3,7,2,'8'),(93,21,7,6,'/dev/sda1'),(94,12,6,0,''),(95,4,6,0,''),(96,11,6,0,''),(97,13,6,0,''),(98,9,6,0,''),(99,10,6,0,''),(100,8,6,0,''),(101,2,6,1,'1'),(102,2,6,1,'2'),(103,2,6,1,'3'),(104,3,6,2,'1'),(105,3,6,2,'2'),(106,3,6,2,'3'),(107,3,6,2,'4'),(108,3,6,2,'5'),(109,3,6,2,'6'),(110,3,6,2,'7'),(111,3,6,2,'8'),(112,21,6,6,'/dev/sda1');
/*!40000 ALTER TABLE `graph_local` ENABLE KEYS */;
UNLOCK TABLES;

--
-- Table structure for table `graph_template_input`
--

DROP TABLE IF EXISTS `graph_template_input`;
/*!40101 SET @saved_cs_client     = @@character_set_client */;
/*!40101 SET character_set_client = utf8 */;
CREATE TABLE `graph_template_input` (
  `id` mediumint(8) unsigned NOT NULL AUTO_INCREMENT,
  `hash` varchar(32) NOT NULL DEFAULT '',
  `graph_template_id` mediumint(8) unsigned NOT NULL DEFAULT '0',
  `name` varchar(255) NOT NULL DEFAULT '',
  `description` text,
  `column_name` varchar(50) NOT NULL DEFAULT '',
  PRIMARY KEY (`id`)
) ENGINE=MyISAM AUTO_INCREMENT=84 DEFAULT CHARSET=latin1 COMMENT='Stores the names for graph item input groups.';
/*!40101 SET character_set_client = @saved_cs_client */;

--
-- Dumping data for table `graph_template_input`
--

LOCK TABLES `graph_template_input` WRITE;
/*!40000 ALTER TABLE `graph_template_input` DISABLE KEYS */;
INSERT INTO `graph_template_input` VALUES (3,'e9d4191277fdfd7d54171f153da57fb0',2,'Inbound Data Source','','task_item_id'),(4,'7b361722a11a03238ee8ab7ce44a1037',2,'Outbound Data Source','','task_item_id'),(5,'b33eb27833614056e06ee5952c3e0724',3,'Available Disk Space Data Source','','task_item_id'),(6,'ef8799e63ee00e8904bcc4228015784a',3,'Used Disk Space Data Source','','task_item_id'),(7,'2662ef4fbb0bf92317ffd42c7515af37',5,'Signal Level Data Source','','task_item_id'),(8,'a6edef6624c796d3a6055305e2e3d4bf',5,'Noise Level Data Source','','task_item_id'),(9,'b0e902db1875e392a9d7d69bfbb13515',5,'Signal Level Color','','color_id'),(10,'24632b1d4a561e937225d0a5fbe65e41',5,'Noise Level Color','','color_id'),(11,'6d078f1d58b70ad154a89eb80fe6ab75',6,'Transmissions Data Source','','task_item_id'),(12,'878241872dd81c68d78e6ff94871d97d',6,'Re-Transmissions Data Source','','task_item_id'),(13,'f8fcdc3a3f0e8ead33bd9751895a3462',6,'Transmissions Color','','color_id'),(14,'394ab4713a34198dddb5175aa40a2b4a',6,'Re-Transmissions Color','','color_id'),(15,'433f328369f9569446ddc59555a63eb8',7,'Ping Host Data Source','','task_item_id'),(16,'a1a91c1514c65152d8cb73522ea9d4e6',7,'Legend Color','','color_id'),(17,'2fb4deb1448379b27ddc64e30e70dc42',7,'Legend Text','','text_format'),(18,'592cedd465877bc61ab549df688b0b2a',8,'Processes Data Source','','task_item_id'),(19,'1d51dbabb200fcea5c4b157129a75410',8,'Legend Color','','color_id'),(20,'8cb8ed3378abec21a1819ea52dfee6a3',9,'1 Minute Data Source','','task_item_id'),(21,'5dfcaf9fd771deb8c5430bce1562e371',9,'5 Minute Data Source','','task_item_id'),(22,'6f3cc610315ee58bc8e0b1f272466324',9,'15 Minute Data Source','','task_item_id'),(23,'b457a982bf46c6760e6ef5f5d06d41fb',10,'Logged in Users Data Source','','task_item_id'),(24,'bd4a57adf93c884815b25a8036b67f98',10,'Legend Color','','color_id'),(25,'d7cdb63500c576e0f9f354de42c6cf3a',11,'1 Minute Data Source','','task_item_id'),(26,'a23152f5ec02e7762ca27608c0d89f6c',11,'5 Minute Data Source','','task_item_id'),(27,'2cc5d1818da577fba15115aa18f64d85',11,'15 Minute Data Source','','task_item_id'),(30,'6273c71cdb7ed4ac525cdbcf6180918c',12,'Free Data Source','','task_item_id'),(31,'5e62dbea1db699f1bda04c5863e7864d',12,'Swap Data Source','','task_item_id'),(32,'4d52e112a836d4c9d451f56602682606',4,'System CPU Data Source','','task_item_id'),(33,'f0310b066cc919d2f898b8d1ebf3b518',4,'User CPU Data Source','','task_item_id'),(34,'d9eb6b9eb3d7dd44fd14fdefb4096b54',4,'Nice CPU Data Source','','task_item_id'),(35,'f45def7cad112b450667aa67262258cb',13,'Memory Free Data Source','','task_item_id'),(36,'f8c361a8c8b7ad80e8be03ba7ea5d0d6',13,'Memory Buffers Data Source','','task_item_id'),(37,'03d11dce695963be30bd744bd6cbac69',14,'Cache Hits Data Source','','task_item_id'),(38,'9cbc515234779af4bf6cdf71a81c556a',14,'Cache Checks Data Source','','task_item_id'),(39,'2c4d561ee8132a8dda6de1104336a6ec',15,'CPU Utilization Data Source','','task_item_id'),(40,'6e1cf7addc0cc419aa903552e3eedbea',16,'File System Reads Data Source','','task_item_id'),(41,'7ea2aa0656f7064d25a36135dd0e9082',16,'File System Writes Data Source','','task_item_id'),(42,'63480bca78a38435f24a5b5d5ed050d7',17,'Current Logins Data Source','','task_item_id'),(44,'31fed1f9e139d4897d0460b10fb7be94',15,'Legend Color','','color_id'),(45,'bb9d83a02261583bc1f92d9e66ea705d',18,'CPU Usage Data Source','','task_item_id'),(46,'51196222ed37b44236d9958116028980',18,'Legend Color','','color_id'),(47,'fd26b0f437b75715d6dff983e7efa710',19,'Free Space Data Source','','task_item_id'),(48,'a463dd46862605c90ea60ccad74188db',19,'Total Space Data Source','','task_item_id'),(49,'9977dd7a41bcf0f0c02872b442c7492e',19,'Freeable Space Data Source','','task_item_id'),(51,'a7a69bbdf6890d6e6eaa7de16e815ec6',20,'Used Directory Entries Data Source','','task_item_id'),(52,'0072b613a33f1fae5ce3e5903dec8fdb',20,'Available Directory Entries Data Source','','task_item_id'),(53,'940beb0f0344e37f4c6cdfc17d2060bc',21,'Available Disk Space Data Source','','task_item_id'),(54,'7b0674dd447a9badf0d11bec688028a8',21,'Used Disk Space Data Source','','task_item_id'),(55,'fa83cd3a3b4271b644cb6459ea8c35dc',22,'Discards In Data Source','','task_item_id'),(56,'7946e8ee1e38a65462b85e31a15e35e5',22,'Errors In Data Source','','task_item_id'),(57,'00ae916640272f5aca54d73ae34c326b',23,'Unicast Packets Out Data Source','','task_item_id'),(58,'1bc1652f82488ebfb7242c65d2ffa9c7',23,'Unicast Packets In Data Source','','task_item_id'),(59,'e3177d0e56278de320db203f32fb803d',24,'Non-Unicast Packets In Data Source','','task_item_id'),(60,'4f20fba2839764707f1c3373648c5fef',24,'Non-Unicast Packets Out Data Source','','task_item_id'),(61,'e5acdd5368137c408d56ecf55b0e077c',22,'Discards Out Data Source','','task_item_id'),(62,'a028e586e5fae667127c655fe0ac67f0',22,'Errors Out Data Source','','task_item_id'),(63,'2764a4f142ba9fd95872106a1b43541e',25,'Inbound Data Source','','task_item_id'),(64,'f73f7ddc1f4349356908122093dbfca2',25,'Outbound Data Source','','task_item_id'),(65,'86bd8819d830a81d64267761e1fd8ec4',26,'Total Disk Space Data Source','','task_item_id'),(66,'6c8967850102202de166951e4411d426',26,'Used Disk Space Data Source','','task_item_id'),(67,'bdad718851a52b82eca0a310b0238450',27,'CPU Utilization Data Source','','task_item_id'),(68,'e7b578e12eb8a82627557b955fd6ebd4',27,'Legend Color','','color_id'),(69,'37d09fb7ce88ecec914728bdb20027f3',28,'Logged in Users Data Source','','task_item_id'),(70,'699bd7eff7ba0c3520db3692103a053d',28,'Legend Color','','color_id'),(71,'df905e159d13a5abed8a8a7710468831',29,'Processes Data Source','','task_item_id'),(72,'8ca9e3c65c080dbf74a59338d64b0c14',29,'Legend Color','','color_id'),(73,'69ad68fc53af03565aef501ed5f04744',30,'Open Files Data Source','','task_item_id'),(74,'562726cccdb67d5c6941e9e826ef4ef5',31,'Inbound Data Source','','task_item_id'),(75,'82426afec226f8189c8928e7f083f80f',31,'Outbound Data Source','','task_item_id'),(76,'69a23877302e7d142f254b208c58b596',32,'Inbound Data Source','','task_item_id'),(77,'f28013abf8e5813870df0f4111a5e695',32,'Outbound Data Source','','task_item_id'),(78,'8644b933b6a09dde6c32ff24655eeb9a',33,'Outbound Data Source','','task_item_id'),(79,'49c4b4800f3e638a6f6bb681919aea80',33,'Inbound Data Source','','task_item_id'),(80,'e0b395be8db4f7b938d16df7ae70065f',13,'Cache Memory Data Source','','task_item_id'),(81,'2dca37011521501b9c2b705d080db750',34,'Data Source [snmp_oid]',NULL,'task_item_id'),(82,'b8d8ade5f5f3dd7b12f8cc56bbb4083e',34,'Legend Color','','color_id'),(83,'ac2355b4895c37e14df827f969f31c12',34,'Legend Text','','text_format');
/*!40000 ALTER TABLE `graph_template_input` ENABLE KEYS */;
UNLOCK TABLES;

--
-- Table structure for table `graph_template_input_defs`
--

DROP TABLE IF EXISTS `graph_template_input_defs`;
/*!40101 SET @saved_cs_client     = @@character_set_client */;
/*!40101 SET character_set_client = utf8 */;
CREATE TABLE `graph_template_input_defs` (
  `graph_template_input_id` mediumint(8) unsigned NOT NULL DEFAULT '0',
  `graph_template_item_id` int(12) unsigned NOT NULL DEFAULT '0',
  PRIMARY KEY (`graph_template_input_id`,`graph_template_item_id`),
  KEY `graph_template_input_id` (`graph_template_input_id`)
) ENGINE=MyISAM DEFAULT CHARSET=latin1 COMMENT='Stores the relationship for what graph iitems are associated';
/*!40101 SET character_set_client = @saved_cs_client */;

--
-- Dumping data for table `graph_template_input_defs`
--

LOCK TABLES `graph_template_input_defs` WRITE;
/*!40000 ALTER TABLE `graph_template_input_defs` DISABLE KEYS */;
INSERT INTO `graph_template_input_defs` VALUES (3,9),(3,10),(3,11),(3,12),(4,13),(4,14),(4,15),(4,16),(5,21),(5,22),(5,23),(5,24),(6,17),(6,18),(6,19),(6,20),(7,45),(7,46),(7,47),(7,48),(8,49),(8,50),(8,51),(8,52),(9,45),(10,49),(11,53),(11,54),(11,55),(11,56),(12,57),(12,58),(12,59),(12,60),(13,53),(14,57),(15,61),(15,62),(15,63),(15,64),(16,61),(17,61),(18,65),(18,66),(18,67),(18,68),(19,65),(20,69),(20,70),(21,71),(21,72),(22,73),(22,74),(23,76),(23,77),(23,78),(23,79),(24,76),(25,80),(25,81),(26,82),(26,83),(27,84),(27,85),(30,95),(30,96),(30,97),(30,98),(31,99),(31,100),(31,101),(31,102),(32,29),(32,30),(32,31),(32,32),(33,33),(33,34),(33,35),(33,36),(34,37),(34,38),(34,39),(34,40),(35,103),(35,104),(35,105),(35,106),(36,107),(36,108),(36,109),(36,110),(37,111),(37,112),(37,113),(37,114),(38,115),(38,116),(38,117),(38,118),(39,119),(39,120),(39,121),(39,122),(40,123),(40,124),(40,125),(40,126),(41,127),(41,128),(41,129),(41,130),(42,131),(42,132),(42,133),(42,134),(44,119),(45,139),(45,140),(45,141),(45,142),(46,139),(47,143),(47,144),(47,145),(47,146),(48,147),(48,148),(48,149),(48,150),(49,151),(49,152),(49,153),(49,154),(51,159),(51,160),(51,161),(51,162),(52,163),(52,164),(52,165),(52,166),(53,172),(53,173),(53,174),(53,175),(54,167),(54,169),(54,170),(54,171),(55,180),(55,181),(55,182),(55,183),(56,184),(56,185),(56,186),(56,187),(57,188),(57,189),(57,190),(57,191),(58,192),(58,193),(58,194),(58,195),(59,196),(59,197),(59,198),(59,199),(60,200),(60,201),(60,202),(60,203),(61,204),(61,205),(61,206),(61,207),(62,208),(62,209),(62,210),(62,211),(63,212),(63,213),(63,214),(63,215),(64,216),(64,217),(64,218),(64,219),(65,307),(65,308),(65,309),(65,310),(66,303),(66,304),(66,305),(66,306),(67,315),(67,316),(67,317),(67,318),(68,315),(69,319),(69,320),(69,321),(69,322),(70,319),(71,323),(71,324),(71,325),(71,326),(72,323),(73,358),(73,359),(73,360),(73,361),(74,362),(74,363),(74,364),(74,365),(75,366),(75,367),(75,368),(75,369),(75,371),(75,372),(76,373),(76,374),(76,375),(76,376),(76,383),(77,377),(77,378),(77,379),(77,380),(77,384),(78,385),(78,386),(78,387),(78,388),(78,393),(79,389),(79,390),(79,391),(79,392),(79,394),(80,403),(80,404),(80,405),(80,406),(81,407),(81,408),(81,409),(81,410),(82,407),(83,407);
/*!40000 ALTER TABLE `graph_template_input_defs` ENABLE KEYS */;
UNLOCK TABLES;

--
-- Table structure for table `graph_templates`
--

DROP TABLE IF EXISTS `graph_templates`;
/*!40101 SET @saved_cs_client     = @@character_set_client */;
/*!40101 SET character_set_client = utf8 */;
CREATE TABLE `graph_templates` (
  `id` mediumint(8) unsigned NOT NULL AUTO_INCREMENT,
  `hash` char(32) NOT NULL DEFAULT '',
  `name` char(255) NOT NULL DEFAULT '',
  PRIMARY KEY (`id`),
  KEY `name` (`name`)
) ENGINE=MyISAM AUTO_INCREMENT=35 DEFAULT CHARSET=latin1 COMMENT='Contains each graph template name.';
/*!40101 SET character_set_client = @saved_cs_client */;

--
-- Dumping data for table `graph_templates`
--

LOCK TABLES `graph_templates` WRITE;
/*!40000 ALTER TABLE `graph_templates` DISABLE KEYS */;
INSERT INTO `graph_templates` VALUES (34,'010b90500e1fc6a05abfd542940584d0','SNMP - Generic OID Template'),(2,'5deb0d66c81262843dce5f3861be9966','Interface - Traffic (bits/sec)'),(3,'abb5e813c9f1e8cd6fc1e393092ef8cb','ucd/net - Available Disk Space'),(4,'e334bdcf821cd27270a4cc945e80915e','ucd/net - CPU Usage'),(5,'280e38336d77acde4672879a7db823f3','Karlnet - Wireless Levels'),(6,'3109d88e6806d2ce50c025541b542499','Karlnet - Wireless Transmissions'),(7,'cf96dfb22b58e08bf101ca825377fa4b','Unix - Ping Latency'),(8,'9fe8b4da353689d376b99b2ea526cc6b','Unix - Processes'),(9,'fe5edd777a76d48fc48c11aded5211ef','Unix - Load Average'),(10,'63610139d44d52b195cc375636653ebd','Unix - Logged in Users'),(11,'5107ec0206562e77d965ce6b852ef9d4','ucd/net - Load Average'),(12,'6992ed4df4b44f3d5595386b8298f0ec','Linux - Memory Usage'),(13,'be275639d5680e94c72c0ebb4e19056d','ucd/net - Memory Usage'),(14,'f17e4a77b8496725dc924b8c35b60036','Netware - File System Cache'),(15,'46bb77f4c0c69671980e3c60d3f22fa9','Netware - CPU Utilization'),(16,'8e77a3036312fd0fda32eaea2b5f141b','Netware - File System Activity'),(17,'5892c822b1bb2d38589b6c27934b9936','Netware - Logged In Users'),(18,'9a5e6d7781cc1bd6cf24f64dd6ffb423','Cisco - CPU Usage'),(19,'0dd0438d5e6cad6776f79ecaa96fb708','Netware - Volume Information'),(20,'b18a3742ebea48c6198412b392d757fc','Netware - Directory Information'),(21,'8e7c8a511652fe4a8e65c69f3d34779d','Unix - Available Disk Space'),(22,'06621cd4a9289417cadcb8f9b5cfba80','Interface - Errors/Discards'),(23,'e0d1625a1f4776a5294583659d5cee15','Interface - Unicast Packets'),(24,'10ca5530554da7b73dc69d291bf55d38','Interface - Non-Unicast Packets'),(25,'df244b337547b434b486662c3c5c7472','Interface - Traffic (bytes/sec)'),(26,'7489e44466abee8a7d8636cb2cb14a1a','Host MIB - Available Disk Space'),(27,'c6bb62bedec4ab97f9db9fd780bd85a6','Host MIB - CPU Utilization'),(28,'e8462bbe094e4e9e814d4e681671ea82','Host MIB - Logged in Users'),(29,'62205afbd4066e5c4700338841e3901e','Host MIB - Processes'),(30,'e3780a13b0f7a3f85a44b70cd4d2fd36','Netware - Open Files'),(31,'1742b2066384637022d178cc5072905a','Interface - Traffic (bits/sec, 95th Percentile)'),(32,'13b47e10b2d5db45707d61851f69c52b','Interface - Traffic (bits/sec, Total Bandwidth)'),(33,'8ad6790c22b693680e041f21d62537ac','Interface - Traffic (bytes/sec, Total Bandwidth)');
/*!40000 ALTER TABLE `graph_templates` ENABLE KEYS */;
UNLOCK TABLES;

--
-- Table structure for table `graph_templates_gprint`
--

DROP TABLE IF EXISTS `graph_templates_gprint`;
/*!40101 SET @saved_cs_client     = @@character_set_client */;
/*!40101 SET character_set_client = utf8 */;
CREATE TABLE `graph_templates_gprint` (
  `id` mediumint(8) unsigned NOT NULL AUTO_INCREMENT,
  `hash` varchar(32) NOT NULL DEFAULT '',
  `name` varchar(100) NOT NULL DEFAULT '',
  `gprint_text` varchar(255) DEFAULT NULL,
  PRIMARY KEY (`id`)
) ENGINE=MyISAM AUTO_INCREMENT=5 DEFAULT CHARSET=latin1;
/*!40101 SET character_set_client = @saved_cs_client */;

--
-- Dumping data for table `graph_templates_gprint`
--

LOCK TABLES `graph_templates_gprint` WRITE;
/*!40000 ALTER TABLE `graph_templates_gprint` DISABLE KEYS */;
INSERT INTO `graph_templates_gprint` VALUES (2,'e9c43831e54eca8069317a2ce8c6f751','Normal','%8.2lf %s'),(3,'19414480d6897c8731c7dc6c5310653e','Exact Numbers','%8.0lf'),(4,'304a778405392f878a6db435afffc1e9','Load Average','%8.2lf');
/*!40000 ALTER TABLE `graph_templates_gprint` ENABLE KEYS */;
UNLOCK TABLES;

--
-- Table structure for table `graph_templates_graph`
--

DROP TABLE IF EXISTS `graph_templates_graph`;
/*!40101 SET @saved_cs_client     = @@character_set_client */;
/*!40101 SET character_set_client = utf8 */;
CREATE TABLE `graph_templates_graph` (
  `id` mediumint(8) unsigned NOT NULL AUTO_INCREMENT,
  `local_graph_template_graph_id` mediumint(8) unsigned NOT NULL DEFAULT '0',
  `local_graph_id` mediumint(8) unsigned NOT NULL DEFAULT '0',
  `graph_template_id` mediumint(8) unsigned NOT NULL DEFAULT '0',
  `t_image_format_id` char(2) DEFAULT '0',
  `image_format_id` tinyint(1) NOT NULL DEFAULT '0',
  `t_title` char(2) DEFAULT '0',
  `title` varchar(255) NOT NULL DEFAULT '',
  `title_cache` varchar(255) NOT NULL DEFAULT '',
  `t_height` char(2) DEFAULT '0',
  `height` mediumint(8) NOT NULL DEFAULT '0',
  `t_width` char(2) DEFAULT '0',
  `width` mediumint(8) NOT NULL DEFAULT '0',
  `t_upper_limit` char(2) DEFAULT '0',
  `upper_limit` varchar(20) NOT NULL DEFAULT '0',
  `t_lower_limit` char(2) DEFAULT '0',
  `lower_limit` varchar(20) NOT NULL DEFAULT '0',
  `t_vertical_label` char(2) DEFAULT '0',
  `vertical_label` varchar(200) DEFAULT NULL,
  `t_slope_mode` char(2) DEFAULT '0',
  `slope_mode` char(2) DEFAULT 'on',
  `t_auto_scale` char(2) DEFAULT '0',
  `auto_scale` char(2) DEFAULT NULL,
  `t_auto_scale_opts` char(2) DEFAULT '0',
  `auto_scale_opts` tinyint(1) NOT NULL DEFAULT '0',
  `t_auto_scale_log` char(2) DEFAULT '0',
  `auto_scale_log` char(2) DEFAULT NULL,
  `t_scale_log_units` char(2) DEFAULT '0',
  `scale_log_units` char(2) DEFAULT NULL,
  `t_auto_scale_rigid` char(2) DEFAULT '0',
  `auto_scale_rigid` char(2) DEFAULT NULL,
  `t_auto_padding` char(2) DEFAULT '0',
  `auto_padding` char(2) DEFAULT NULL,
  `t_base_value` char(2) DEFAULT '0',
  `base_value` mediumint(8) NOT NULL DEFAULT '0',
  `t_grouping` char(2) DEFAULT '0',
  `grouping` char(2) NOT NULL DEFAULT '',
  `t_export` char(2) DEFAULT '0',
  `export` char(2) DEFAULT NULL,
  `t_unit_value` char(2) DEFAULT '0',
  `unit_value` varchar(20) DEFAULT NULL,
  `t_unit_exponent_value` char(2) DEFAULT '0',
  `unit_exponent_value` varchar(5) NOT NULL DEFAULT '',
  PRIMARY KEY (`id`),
  KEY `local_graph_id` (`local_graph_id`),
  KEY `graph_template_id` (`graph_template_id`),
  KEY `title_cache` (`title_cache`)
) ENGINE=MyISAM AUTO_INCREMENT=156 DEFAULT CHARSET=latin1 COMMENT='Stores the actual graph data.';
/*!40101 SET character_set_client = @saved_cs_client */;

--
-- Dumping data for table `graph_templates_graph`
--

LOCK TABLES `graph_templates_graph` WRITE;
/*!40000 ALTER TABLE `graph_templates_graph` DISABLE KEYS */;
INSERT INTO `graph_templates_graph` VALUES (2,0,0,2,'',1,'on','|host_description| - Traffic','','',120,'',500,'','100','','0','','bits per second','0','on','','on','',2,'','','0','','','on','','on','',1000,'0','','','on','','','',''),(3,0,0,3,'',1,'on','|host_description| - Hard Drive Space','','',120,'',500,'','100','','0','','bytes','0','on','','on','',2,'','','0','','','on','','on','',1024,'0','','','on','','','',''),(4,0,0,4,'',1,'','|host_description| - CPU Usage','','',120,'',500,'','100','','0','','percent','0','on','','on','',2,'','','0','','','on','','on','',1000,'0','','','on','','','',''),(5,0,0,5,'',1,'on','|host_description| - Wireless Levels','','',120,'',500,'','100','','0','','percent','0','on','','','',2,'','','0','','','on','','on','',1000,'0','','','on','','','',''),(6,0,0,6,'',1,'on','|host_description| - Wireless Transmissions','','',120,'',500,'','100','','0','','transmissions','0','on','','on','',2,'','','0','','','on','','on','',1000,'0','','','on','','','',''),(7,0,0,7,'',1,'','|host_description| - Ping Latency','','',120,'',500,'','100','','0','','milliseconds','0','on','','on','',2,'','','0','','','','','on','',1000,'0','','','on','','','',''),(8,0,0,8,'',1,'','|host_description| - Processes','','',120,'',500,'','100','','0','','processes','0','on','','on','',2,'','','0','','','','','on','',1000,'0','','','on','','','',''),(9,0,0,9,'',1,'','|host_description| - Load Average','','',120,'',500,'','100','','0','','processes in the run queue','0','on','','on','',2,'','','0','','','on','','on','',1000,'0','','','on','','','','0'),(10,0,0,10,'',1,'','|host_description| - Logged in Users','','',120,'',500,'','100','','0','','users','0','on','','on','',2,'','','0','','','on','','on','',1000,'0','','','on','','','',''),(11,0,0,11,'',1,'','|host_description| - Load Average','','',120,'',500,'','100','','0','','processes in the run queue','0','on','','on','',2,'','','0','','','on','','on','',1000,'0','','','on','','','','0'),(12,0,0,12,'',1,'','|host_description| - Memory Usage','','',120,'',500,'','100','','0','','kilobytes','0','on','','on','',2,'','','0','','','on','','on','',1000,'0','','','on','','','',''),(13,0,0,13,'',1,'','|host_description| - Memory Usage','','',120,'',500,'','100','','0','','bytes','0','on','','on','',2,'','','0','','','on','','on','',1000,'0','','','on','','','',''),(14,0,0,14,'',1,'','|host_description| - File System Cache','','',120,'',500,'','100','','0','','cache checks/hits','0','on','','on','',2,'','','0','','','on','','on','',1000,'0','','','on','','','',''),(15,0,0,15,'',1,'','|host_description| - CPU Utilization','','',120,'',500,'','100','','0','','percent','0','on','','on','',2,'','','0','','','on','','on','',1000,'0','','','on','','','',''),(16,0,0,16,'',1,'','|host_description| - File System Activity','','',120,'',500,'','100','','0','','reads/writes per sec','0','on','','on','',2,'','','0','','','on','','on','',1000,'0','','','on','','','',''),(17,0,0,17,'',1,'','|host_description| - Logged In Users','','',120,'',500,'','100','','0','','users','0','on','','on','',2,'','','0','','','on','','on','',1000,'0','','','on','','','',''),(18,0,0,18,'',1,'','|host_description| - CPU Usage','','',120,'',500,'','100','','0','','percent','0','on','','on','',2,'','','0','','','on','','on','',1000,'0','','','on','','','',''),(19,0,0,19,'',1,'on','|host_description| - Volume Information','','',120,'',500,'','100','','0','','bytes','0','on','','on','',2,'','','0','','','on','','on','',1000,'0','','','on','','','',''),(20,0,0,20,'',1,'','|host_description| - Directory Information','','',120,'',500,'','100','','0','','directory entries','0','on','','on','',2,'','','0','','','on','','on','',1000,'0','','','on','','','',''),(21,0,0,21,'',1,'on','|host_description| - Available Disk Space','','',120,'',500,'','100','','0','','bytes','0','on','','on','',2,'','','0','','','on','','on','',1024,'0','','','on','','','',''),(22,0,0,22,'',1,'on','|host_description| - Errors/Discards','','',120,'',500,'','100','','0','','errors/sec','0','on','','on','',2,'','','0','','','on','','on','',1000,'0','','','on','','','',''),(23,0,0,23,'',1,'on','|host_description| - Unicast Packets','','',120,'',500,'','100','','0','','packets/sec','0','on','','on','',2,'','','0','','','on','','on','',1000,'0','','','on','','','',''),(24,0,0,24,'',1,'on','|host_description| - Non-Unicast Packets','','',120,'',500,'','100','','0','','packets/sec','0','on','','on','',2,'','','0','','','on','','on','',1000,'0','','','on','','','',''),(25,0,0,25,'',1,'on','|host_description| - Traffic','','',120,'',500,'','100','','0','','bytes per second','0','on','','on','',2,'','','0','','','on','','on','',1000,'0','','','on','','','',''),(34,0,0,26,'',1,'on','|host_description| - Available Disk Space','','',120,'',500,'','100','','0','','bytes','0','on','','on','',2,'','','0','','','on','','on','',1024,'0','','','on','','','',''),(35,0,0,27,'',1,'on','|host_description| - CPU Utilization','','',120,'',500,'','100','','0','','percent','0','on','','on','',2,'','','0','','','on','','on','',1000,'0','','','on','','','',''),(36,0,0,28,'',1,'','|host_description| - Logged in Users','','',120,'',500,'','100','','0','','users','0','on','','on','',2,'','','0','','','on','','on','',1000,'0','','','on','','','',''),(37,0,0,29,'',1,'','|host_description| - Processes','','',120,'',500,'','100','','0','','processes','0','on','','on','',2,'','','0','','','','','on','',1000,'0','','','on','','','',''),(64,13,21,13,'0',1,'0','|host_description| - Memory Usage','helena - Memory Usage','0',120,'0',500,'0','100','0','0','0','bytes','0','on','0','on','0',2,'0','','0','','0','on','0','on','0',1000,'0','','0','on','0','','0',''),(63,11,20,11,'0',1,'0','|host_description| - Load Average','helena - Load Average','0',120,'0',500,'0','100','0','0','0','processes in the run queue','0','on','0','on','0',2,'0','','0','','0','on','0','on','0',1000,'0','','0','on','0','','0','0'),(62,4,19,4,'0',1,'0','|host_description| - CPU Usage','helena - CPU Usage','0',120,'0',500,'0','100','0','0','0','percent','0','on','0','on','0',2,'0','','0','','0','on','0','on','0',1000,'0','','0','on','0','','0',''),(61,12,18,12,'0',1,'0','|host_description| - Memory Usage','helena - Memory Usage','0',120,'0',500,'0','100','0','0','0','kilobytes','0','on','0','on','0',2,'0','','0','','0','on','0','on','0',1000,'0','','0','on','0','','0',''),(42,0,0,30,'',1,'','|host_description| - Open Files','','',120,'',500,'','100','','0','','files','0','on','','on','',2,'','','0','','','','','on','',1000,'0','','','on','','','',''),(43,0,0,31,'',1,'on','|host_description| - Traffic','','',120,'',500,'','100','','0','','bits per second','0','on','','on','',2,'','','0','','','on','','on','',1000,'0','','','on','','','',''),(44,0,0,32,'',1,'on','|host_description| - Traffic','','',120,'',500,'','100','','0','','bits per second','0','on','','on','',2,'','','0','','','on','','on','',1000,'0','','','on','','','',''),(45,0,0,33,'',1,'on','|host_description| - Traffic','','',120,'',500,'','100','','0','','bytes per second','0','on','','on','',2,'','','0','','','on','','on','',1000,'0','','','on','','','',''),(47,0,0,34,'',1,'on','|host_description| -','','',120,'',500,'','100','','0','on','','0','on','','on','',2,'','','0','','','','','on','',1000,'0','','','on','','','',''),(48,12,5,12,'0',1,'0','|host_description| - Memory Usage','beastie - Memory Usage','0',120,'0',500,'0','100','0','0','0','kilobytes','0','on','0','on','0',2,'0','','0','','0','on','0','on','0',1000,'0','','0','on','0','','0',''),(49,4,6,4,'0',1,'0','|host_description| - CPU Usage','beastie - CPU Usage','0',120,'0',500,'0','100','0','0','0','percent','0','on','0','on','0',2,'0','','0','','0','on','0','on','0',1000,'0','','0','on','0','','0',''),(50,11,7,11,'0',1,'0','|host_description| - Load Average','beastie - Load Average','0',120,'0',500,'0','100','0','0','0','processes in the run queue','0','on','0','on','0',2,'0','','0','','0','on','0','on','0',1000,'0','','0','on','0','','0','0'),(51,13,8,13,'0',1,'0','|host_description| - Memory Usage','beastie - Memory Usage','0',120,'0',500,'0','100','0','0','0','bytes','0','on','0','on','0',2,'0','','0','','0','on','0','on','0',1000,'0','','0','on','0','','0',''),(52,9,9,9,'0',1,'0','|host_description| - Load Average','beastie - Load Average','0',120,'0',500,'0','100','0','0','0','processes in the run queue','0','on','0','on','0',2,'0','','0','','0','on','0','on','0',1000,'0','','0','on','0','','0','0'),(53,10,10,10,'0',1,'0','|host_description| - Logged in Users','beastie - Logged in Users','0',120,'0',500,'0','100','0','0','0','users','0','on','0','on','0',2,'0','','0','','0','on','0','on','0',1000,'0','','0','on','0','','0',''),(54,8,11,8,'0',1,'0','|host_description| - Processes','beastie - Processes','0',120,'0',500,'0','100','0','0','0','processes','0','on','0','on','0',2,'0','','0','','0','','0','on','0',1000,'0','','0','on','0','','0',''),(55,2,12,2,'0',1,'0','|host_description| - Traffic - |query_ifName|','beastie - Traffic - lo','0',120,'0',500,'0','100','0','0','0','bits per second','0','on','0','on','0',2,'0','','0','','0','on','0','on','0',1000,'0','','0','on','0','','0',''),(56,2,13,2,'0',1,'0','|host_description| - Traffic - |query_ifName|','beastie - Traffic - eth0','0',120,'0',500,'0','100','0','0','0','bits per second','0','on','0','on','0',2,'0','','0','','0','on','0','on','0',1000,'0','','0','on','0','','0',''),(57,2,14,2,'0',1,'0','|host_description| - Traffic - |query_ifName|','beastie - Traffic - eth1','0',120,'0',500,'0','100','0','0','0','bits per second','0','on','0','on','0',2,'0','','0','','0','on','0','on','0',1000,'0','','0','on','0','','0',''),(58,2,15,2,'0',1,'0','|host_description| - Traffic - |query_ifName|','beastie - Traffic - eth2','0',120,'0',500,'0','100','0','0','0','bits per second','0','on','0','on','0',2,'0','','0','','0','on','0','on','0',1000,'0','','0','on','0','','0',''),(59,2,16,2,'0',1,'0','|host_description| - Traffic - |query_ifName|','beastie - Traffic - eth3','0',120,'0',500,'0','100','0','0','0','bits per second','0','on','0','on','0',2,'0','','0','','0','on','0','on','0',1000,'0','','0','on','0','','0',''),(60,21,17,21,'0',1,'0','|host_description| - Disk Space - |query_dskDevice|','beastie - Disk Space - /dev/sda1','0',120,'0',500,'0','100','0','0','0','bytes','0','on','0','on','0',2,'0','','0','','0','on','0','on','0',1024,'0','','0','on','0','','0',''),(65,9,22,9,'0',1,'0','|host_description| - Load Average','helena - Load Average','0',120,'0',500,'0','100','0','0','0','processes in the run queue','0','on','0','on','0',2,'0','','0','','0','on','0','on','0',1000,'0','','0','on','0','','0','0'),(66,10,23,10,'0',1,'0','|host_description| - Logged in Users','helena - Logged in Users','0',120,'0',500,'0','100','0','0','0','users','0','on','0','on','0',2,'0','','0','','0','on','0','on','0',1000,'0','','0','on','0','','0',''),(67,8,24,8,'0',1,'0','|host_description| - Processes','helena - Processes','0',120,'0',500,'0','100','0','0','0','processes','0','on','0','on','0',2,'0','','0','','0','','0','on','0',1000,'0','','0','on','0','','0',''),(68,2,25,2,'0',1,'0','|host_description| - Traffic - |query_ifName|','helena - Traffic - lo','0',120,'0',500,'0','100','0','0','0','bits per second','0','on','0','on','0',2,'0','','0','','0','on','0','on','0',1000,'0','','0','on','0','','0',''),(69,2,26,2,'0',1,'0','|host_description| - Traffic - |query_ifName|','helena - Traffic - eth0','0',120,'0',500,'0','100','0','0','0','bits per second','0','on','0','on','0',2,'0','','0','','0','on','0','on','0',1000,'0','','0','on','0','','0',''),(70,2,27,2,'0',1,'0','|host_description| - Traffic - |query_ifName|','helena - Traffic - eth1','0',120,'0',500,'0','100','0','0','0','bits per second','0','on','0','on','0',2,'0','','0','','0','on','0','on','0',1000,'0','','0','on','0','','0',''),(71,3,28,3,'0',1,'0','|host_description| - Disk Space - |query_dskPath|','helena - Disk Space - /','0',120,'0',500,'0','100','0','0','0','bytes','0','on','0','on','0',2,'0','','0','','0','on','0','on','0',1024,'0','','0','on','0','','0',''),(72,3,29,3,'0',1,'0','|host_description| - Disk Space - |query_dskPath|','helena - Disk Space - /var','0',120,'0',500,'0','100','0','0','0','bytes','0','on','0','on','0',2,'0','','0','','0','on','0','on','0',1024,'0','','0','on','0','','0',''),(73,3,30,3,'0',1,'0','|host_description| - Disk Space - |query_dskPath|','helena - Disk Space - /','0',120,'0',500,'0','100','0','0','0','bytes','0','on','0','on','0',2,'0','','0','','0','on','0','on','0',1024,'0','','0','on','0','','0',''),(74,3,31,3,'0',1,'0','|host_description| - Disk Space - |query_dskPath|','helena - Disk Space - /sys/fs/cgroup','0',120,'0',500,'0','100','0','0','0','bytes','0','on','0','on','0',2,'0','','0','','0','on','0','on','0',1024,'0','','0','on','0','','0',''),(75,3,32,3,'0',1,'0','|host_description| - Disk Space - |query_dskPath|','helena - Disk Space - /run','0',120,'0',500,'0','100','0','0','0','bytes','0','on','0','on','0',2,'0','','0','','0','on','0','on','0',1024,'0','','0','on','0','','0',''),(76,3,33,3,'0',1,'0','|host_description| - Disk Space - |query_dskPath|','helena - Disk Space - /run/lock','0',120,'0',500,'0','100','0','0','0','bytes','0','on','0','on','0',2,'0','','0','','0','on','0','on','0',1024,'0','','0','on','0','','0',''),(77,3,34,3,'0',1,'0','|host_description| - Disk Space - |query_dskPath|','helena - Disk Space - /run/shm','0',120,'0',500,'0','100','0','0','0','bytes','0','on','0','on','0',2,'0','','0','','0','on','0','on','0',1024,'0','','0','on','0','','0',''),(78,3,35,3,'0',1,'0','|host_description| - Disk Space - |query_dskPath|','helena - Disk Space - /run/user','0',120,'0',500,'0','100','0','0','0','bytes','0','on','0','on','0',2,'0','','0','','0','on','0','on','0',1024,'0','','0','on','0','','0',''),(79,21,36,21,'0',1,'0','|host_description| - Disk Space - |query_dskDevice|','helena - Disk Space - /dev/sda1','0',120,'0',500,'0','100','0','0','0','bytes','0','on','0','on','0',2,'0','','0','','0','on','0','on','0',1024,'0','','0','on','0','','0',''),(80,12,37,12,'0',1,'0','|host_description| - Memory Usage','maria - Memory Usage','0',120,'0',500,'0','100','0','0','0','kilobytes','0','on','0','on','0',2,'0','','0','','0','on','0','on','0',1000,'0','','0','on','0','','0',''),(81,4,38,4,'0',1,'0','|host_description| - CPU Usage','maria - CPU Usage','0',120,'0',500,'0','100','0','0','0','percent','0','on','0','on','0',2,'0','','0','','0','on','0','on','0',1000,'0','','0','on','0','','0',''),(82,11,39,11,'0',1,'0','|host_description| - Load Average','maria - Load Average','0',120,'0',500,'0','100','0','0','0','processes in the run queue','0','on','0','on','0',2,'0','','0','','0','on','0','on','0',1000,'0','','0','on','0','','0','0'),(83,13,40,13,'0',1,'0','|host_description| - Memory Usage','maria - Memory Usage','0',120,'0',500,'0','100','0','0','0','bytes','0','on','0','on','0',2,'0','','0','','0','on','0','on','0',1000,'0','','0','on','0','','0',''),(84,9,41,9,'0',1,'0','|host_description| - Load Average','maria - Load Average','0',120,'0',500,'0','100','0','0','0','processes in the run queue','0','on','0','on','0',2,'0','','0','','0','on','0','on','0',1000,'0','','0','on','0','','0','0'),(85,10,42,10,'0',1,'0','|host_description| - Logged in Users','maria - Logged in Users','0',120,'0',500,'0','100','0','0','0','users','0','on','0','on','0',2,'0','','0','','0','on','0','on','0',1000,'0','','0','on','0','','0',''),(86,8,43,8,'0',1,'0','|host_description| - Processes','maria - Processes','0',120,'0',500,'0','100','0','0','0','processes','0','on','0','on','0',2,'0','','0','','0','','0','on','0',1000,'0','','0','on','0','','0',''),(87,2,44,2,'0',1,'0','|host_description| - Traffic - |query_ifName|','maria - Traffic - lo','0',120,'0',500,'0','100','0','0','0','bits per second','0','on','0','on','0',2,'0','','0','','0','on','0','on','0',1000,'0','','0','on','0','','0',''),(88,2,45,2,'0',1,'0','|host_description| - Traffic - |query_ifName|','maria - Traffic - eth0','0',120,'0',500,'0','100','0','0','0','bits per second','0','on','0','on','0',2,'0','','0','','0','on','0','on','0',1000,'0','','0','on','0','','0',''),(89,2,46,2,'0',1,'0','|host_description| - Traffic - |query_ifName|','maria - Traffic - eth1','0',120,'0',500,'0','100','0','0','0','bits per second','0','on','0','on','0',2,'0','','0','','0','on','0','on','0',1000,'0','','0','on','0','','0',''),(90,3,47,3,'0',1,'0','|host_description| - Disk Space - |query_dskPath|','maria - Disk Space - /','0',120,'0',500,'0','100','0','0','0','bytes','0','on','0','on','0',2,'0','','0','','0','on','0','on','0',1024,'0','','0','on','0','','0',''),(91,3,48,3,'0',1,'0','|host_description| - Disk Space - |query_dskPath|','maria - Disk Space - /var','0',120,'0',500,'0','100','0','0','0','bytes','0','on','0','on','0',2,'0','','0','','0','on','0','on','0',1024,'0','','0','on','0','','0',''),(92,3,49,3,'0',1,'0','|host_description| - Disk Space - |query_dskPath|','maria - Disk Space - /','0',120,'0',500,'0','100','0','0','0','bytes','0','on','0','on','0',2,'0','','0','','0','on','0','on','0',1024,'0','','0','on','0','','0',''),(93,3,50,3,'0',1,'0','|host_description| - Disk Space - |query_dskPath|','maria - Disk Space - /sys/fs/cgroup','0',120,'0',500,'0','100','0','0','0','bytes','0','on','0','on','0',2,'0','','0','','0','on','0','on','0',1024,'0','','0','on','0','','0',''),(94,3,51,3,'0',1,'0','|host_description| - Disk Space - |query_dskPath|','maria - Disk Space - /run','0',120,'0',500,'0','100','0','0','0','bytes','0','on','0','on','0',2,'0','','0','','0','on','0','on','0',1024,'0','','0','on','0','','0',''),(95,3,52,3,'0',1,'0','|host_description| - Disk Space - |query_dskPath|','maria - Disk Space - /run/lock','0',120,'0',500,'0','100','0','0','0','bytes','0','on','0','on','0',2,'0','','0','','0','on','0','on','0',1024,'0','','0','on','0','','0',''),(96,3,53,3,'0',1,'0','|host_description| - Disk Space - |query_dskPath|','maria - Disk Space - /run/shm','0',120,'0',500,'0','100','0','0','0','bytes','0','on','0','on','0',2,'0','','0','','0','on','0','on','0',1024,'0','','0','on','0','','0',''),(97,3,54,3,'0',1,'0','|host_description| - Disk Space - |query_dskPath|','maria - Disk Space - /run/user','0',120,'0',500,'0','100','0','0','0','bytes','0','on','0','on','0',2,'0','','0','','0','on','0','on','0',1024,'0','','0','on','0','','0',''),(98,21,55,21,'0',1,'0','|host_description| - Disk Space - |query_dskDevice|','maria - Disk Space - /dev/sda1','0',120,'0',500,'0','100','0','0','0','bytes','0','on','0','on','0',2,'0','','0','','0','on','0','on','0',1024,'0','','0','on','0','','0',''),(99,12,56,12,'0',1,'0','|host_description| - Memory Usage','joaquina - Memory Usage','0',120,'0',500,'0','100','0','0','0','kilobytes','0','on','0','on','0',2,'0','','0','','0','on','0','on','0',1000,'0','','0','on','0','','0',''),(100,4,57,4,'0',1,'0','|host_description| - CPU Usage','joaquina - CPU Usage','0',120,'0',500,'0','100','0','0','0','percent','0','on','0','on','0',2,'0','','0','','0','on','0','on','0',1000,'0','','0','on','0','','0',''),(101,11,58,11,'0',1,'0','|host_description| - Load Average','joaquina - Load Average','0',120,'0',500,'0','100','0','0','0','processes in the run queue','0','on','0','on','0',2,'0','','0','','0','on','0','on','0',1000,'0','','0','on','0','','0','0'),(102,13,59,13,'0',1,'0','|host_description| - Memory Usage','joaquina - Memory Usage','0',120,'0',500,'0','100','0','0','0','bytes','0','on','0','on','0',2,'0','','0','','0','on','0','on','0',1000,'0','','0','on','0','','0',''),(103,9,60,9,'0',1,'0','|host_description| - Load Average','joaquina - Load Average','0',120,'0',500,'0','100','0','0','0','processes in the run queue','0','on','0','on','0',2,'0','','0','','0','on','0','on','0',1000,'0','','0','on','0','','0','0'),(104,10,61,10,'0',1,'0','|host_description| - Logged in Users','joaquina - Logged in Users','0',120,'0',500,'0','100','0','0','0','users','0','on','0','on','0',2,'0','','0','','0','on','0','on','0',1000,'0','','0','on','0','','0',''),(105,8,62,8,'0',1,'0','|host_description| - Processes','joaquina - Processes','0',120,'0',500,'0','100','0','0','0','processes','0','on','0','on','0',2,'0','','0','','0','','0','on','0',1000,'0','','0','on','0','','0',''),(106,2,63,2,'0',1,'0','|host_description| - Traffic - |query_ifName|','joaquina - Traffic - lo','0',120,'0',500,'0','100','0','0','0','bits per second','0','on','0','on','0',2,'0','','0','','0','on','0','on','0',1000,'0','','0','on','0','','0',''),(107,2,64,2,'0',1,'0','|host_description| - Traffic - |query_ifName|','joaquina - Traffic - eth0','0',120,'0',500,'0','100','0','0','0','bits per second','0','on','0','on','0',2,'0','','0','','0','on','0','on','0',1000,'0','','0','on','0','','0',''),(108,2,65,2,'0',1,'0','|host_description| - Traffic - |query_ifName|','joaquina - Traffic - eth1','0',120,'0',500,'0','100','0','0','0','bits per second','0','on','0','on','0',2,'0','','0','','0','on','0','on','0',1000,'0','','0','on','0','','0',''),(109,3,66,3,'0',1,'0','|host_description| - Disk Space - |query_dskPath|','joaquina - Disk Space - /','0',120,'0',500,'0','100','0','0','0','bytes','0','on','0','on','0',2,'0','','0','','0','on','0','on','0',1024,'0','','0','on','0','','0',''),(110,3,67,3,'0',1,'0','|host_description| - Disk Space - |query_dskPath|','joaquina - Disk Space - /var','0',120,'0',500,'0','100','0','0','0','bytes','0','on','0','on','0',2,'0','','0','','0','on','0','on','0',1024,'0','','0','on','0','','0',''),(111,3,68,3,'0',1,'0','|host_description| - Disk Space - |query_dskPath|','joaquina - Disk Space - /','0',120,'0',500,'0','100','0','0','0','bytes','0','on','0','on','0',2,'0','','0','','0','on','0','on','0',1024,'0','','0','on','0','','0',''),(112,3,69,3,'0',1,'0','|host_description| - Disk Space - |query_dskPath|','joaquina - Disk Space - /sys/fs/cgroup','0',120,'0',500,'0','100','0','0','0','bytes','0','on','0','on','0',2,'0','','0','','0','on','0','on','0',1024,'0','','0','on','0','','0',''),(113,3,70,3,'0',1,'0','|host_description| - Disk Space - |query_dskPath|','joaquina - Disk Space - /run','0',120,'0',500,'0','100','0','0','0','bytes','0','on','0','on','0',2,'0','','0','','0','on','0','on','0',1024,'0','','0','on','0','','0',''),(114,3,71,3,'0',1,'0','|host_description| - Disk Space - |query_dskPath|','joaquina - Disk Space - /run/lock','0',120,'0',500,'0','100','0','0','0','bytes','0','on','0','on','0',2,'0','','0','','0','on','0','on','0',1024,'0','','0','on','0','','0',''),(115,3,72,3,'0',1,'0','|host_description| - Disk Space - |query_dskPath|','joaquina - Disk Space - /run/shm','0',120,'0',500,'0','100','0','0','0','bytes','0','on','0','on','0',2,'0','','0','','0','on','0','on','0',1024,'0','','0','on','0','','0',''),(116,3,73,3,'0',1,'0','|host_description| - Disk Space - |query_dskPath|','joaquina - Disk Space - /run/user','0',120,'0',500,'0','100','0','0','0','bytes','0','on','0','on','0',2,'0','','0','','0','on','0','on','0',1024,'0','','0','on','0','','0',''),(117,21,74,21,'0',1,'0','|host_description| - Disk Space - |query_dskDevice|','joaquina - Disk Space - /dev/sda1','0',120,'0',500,'0','100','0','0','0','bytes','0','on','0','on','0',2,'0','','0','','0','on','0','on','0',1024,'0','','0','on','0','','0',''),(118,12,75,12,'0',1,'0','|host_description| - Memory Usage','rita - Memory Usage','0',120,'0',500,'0','100','0','0','0','kilobytes','0','on','0','on','0',2,'0','','0','','0','on','0','on','0',1000,'0','','0','on','0','','0',''),(119,4,76,4,'0',1,'0','|host_description| - CPU Usage','rita - CPU Usage','0',120,'0',500,'0','100','0','0','0','percent','0','on','0','on','0',2,'0','','0','','0','on','0','on','0',1000,'0','','0','on','0','','0',''),(120,11,77,11,'0',1,'0','|host_description| - Load Average','rita - Load Average','0',120,'0',500,'0','100','0','0','0','processes in the run queue','0','on','0','on','0',2,'0','','0','','0','on','0','on','0',1000,'0','','0','on','0','','0','0'),(121,13,78,13,'0',1,'0','|host_description| - Memory Usage','rita - Memory Usage','0',120,'0',500,'0','100','0','0','0','bytes','0','on','0','on','0',2,'0','','0','','0','on','0','on','0',1000,'0','','0','on','0','','0',''),(122,9,79,9,'0',1,'0','|host_description| - Load Average','rita - Load Average','0',120,'0',500,'0','100','0','0','0','processes in the run queue','0','on','0','on','0',2,'0','','0','','0','on','0','on','0',1000,'0','','0','on','0','','0','0'),(123,10,80,10,'0',1,'0','|host_description| - Logged in Users','rita - Logged in Users','0',120,'0',500,'0','100','0','0','0','users','0','on','0','on','0',2,'0','','0','','0','on','0','on','0',1000,'0','','0','on','0','','0',''),(124,8,81,8,'0',1,'0','|host_description| - Processes','rita - Processes','0',120,'0',500,'0','100','0','0','0','processes','0','on','0','on','0',2,'0','','0','','0','','0','on','0',1000,'0','','0','on','0','','0',''),(125,2,82,2,'0',1,'0','|host_description| - Traffic - |query_ifName|','rita - Traffic - lo','0',120,'0',500,'0','100','0','0','0','bits per second','0','on','0','on','0',2,'0','','0','','0','on','0','on','0',1000,'0','','0','on','0','','0',''),(126,2,83,2,'0',1,'0','|host_description| - Traffic - |query_ifName|','rita - Traffic - eth0','0',120,'0',500,'0','100','0','0','0','bits per second','0','on','0','on','0',2,'0','','0','','0','on','0','on','0',1000,'0','','0','on','0','','0',''),(127,2,84,2,'0',1,'0','|host_description| - Traffic - |query_ifName|','rita - Traffic - eth1','0',120,'0',500,'0','100','0','0','0','bits per second','0','on','0','on','0',2,'0','','0','','0','on','0','on','0',1000,'0','','0','on','0','','0',''),(128,3,85,3,'0',1,'0','|host_description| - Disk Space - |query_dskPath|','rita - Disk Space - /','0',120,'0',500,'0','100','0','0','0','bytes','0','on','0','on','0',2,'0','','0','','0','on','0','on','0',1024,'0','','0','on','0','','0',''),(129,3,86,3,'0',1,'0','|host_description| - Disk Space - |query_dskPath|','rita - Disk Space - /var','0',120,'0',500,'0','100','0','0','0','bytes','0','on','0','on','0',2,'0','','0','','0','on','0','on','0',1024,'0','','0','on','0','','0',''),(130,3,87,3,'0',1,'0','|host_description| - Disk Space - |query_dskPath|','rita - Disk Space - /','0',120,'0',500,'0','100','0','0','0','bytes','0','on','0','on','0',2,'0','','0','','0','on','0','on','0',1024,'0','','0','on','0','','0',''),(131,3,88,3,'0',1,'0','|host_description| - Disk Space - |query_dskPath|','rita - Disk Space - /sys/fs/cgroup','0',120,'0',500,'0','100','0','0','0','bytes','0','on','0','on','0',2,'0','','0','','0','on','0','on','0',1024,'0','','0','on','0','','0',''),(132,3,89,3,'0',1,'0','|host_description| - Disk Space - |query_dskPath|','rita - Disk Space - /run','0',120,'0',500,'0','100','0','0','0','bytes','0','on','0','on','0',2,'0','','0','','0','on','0','on','0',1024,'0','','0','on','0','','0',''),(133,3,90,3,'0',1,'0','|host_description| - Disk Space - |query_dskPath|','rita - Disk Space - /run/lock','0',120,'0',500,'0','100','0','0','0','bytes','0','on','0','on','0',2,'0','','0','','0','on','0','on','0',1024,'0','','0','on','0','','0',''),(134,3,91,3,'0',1,'0','|host_description| - Disk Space - |query_dskPath|','rita - Disk Space - /run/shm','0',120,'0',500,'0','100','0','0','0','bytes','0','on','0','on','0',2,'0','','0','','0','on','0','on','0',1024,'0','','0','on','0','','0',''),(135,3,92,3,'0',1,'0','|host_description| - Disk Space - |query_dskPath|','rita - Disk Space - /run/user','0',120,'0',500,'0','100','0','0','0','bytes','0','on','0','on','0',2,'0','','0','','0','on','0','on','0',1024,'0','','0','on','0','','0',''),(136,21,93,21,'0',1,'0','|host_description| - Disk Space - |query_dskDevice|','rita - Disk Space - /dev/sda1','0',120,'0',500,'0','100','0','0','0','bytes','0','on','0','on','0',2,'0','','0','','0','on','0','on','0',1024,'0','','0','on','0','','0',''),(137,12,94,12,'0',1,'0','|host_description| - Memory Usage','madalena - Memory Usage','0',120,'0',500,'0','100','0','0','0','kilobytes','0','on','0','on','0',2,'0','','0','','0','on','0','on','0',1000,'0','','0','on','0','','0',''),(138,4,95,4,'0',1,'0','|host_description| - CPU Usage','madalena - CPU Usage','0',120,'0',500,'0','100','0','0','0','percent','0','on','0','on','0',2,'0','','0','','0','on','0','on','0',1000,'0','','0','on','0','','0',''),(139,11,96,11,'0',1,'0','|host_description| - Load Average','madalena - Load Average','0',120,'0',500,'0','100','0','0','0','processes in the run queue','0','on','0','on','0',2,'0','','0','','0','on','0','on','0',1000,'0','','0','on','0','','0','0'),(140,13,97,13,'0',1,'0','|host_description| - Memory Usage','madalena - Memory Usage','0',120,'0',500,'0','100','0','0','0','bytes','0','on','0','on','0',2,'0','','0','','0','on','0','on','0',1000,'0','','0','on','0','','0',''),(141,9,98,9,'0',1,'0','|host_description| - Load Average','madalena - Load Average','0',120,'0',500,'0','100','0','0','0','processes in the run queue','0','on','0','on','0',2,'0','','0','','0','on','0','on','0',1000,'0','','0','on','0','','0','0'),(142,10,99,10,'0',1,'0','|host_description| - Logged in Users','madalena - Logged in Users','0',120,'0',500,'0','100','0','0','0','users','0','on','0','on','0',2,'0','','0','','0','on','0','on','0',1000,'0','','0','on','0','','0',''),(143,8,100,8,'0',1,'0','|host_description| - Processes','madalena - Processes','0',120,'0',500,'0','100','0','0','0','processes','0','on','0','on','0',2,'0','','0','','0','','0','on','0',1000,'0','','0','on','0','','0',''),(144,2,101,2,'0',1,'0','|host_description| - Traffic - |query_ifName|','madalena - Traffic - lo','0',120,'0',500,'0','100','0','0','0','bits per second','0','on','0','on','0',2,'0','','0','','0','on','0','on','0',1000,'0','','0','on','0','','0',''),(145,2,102,2,'0',1,'0','|host_description| - Traffic - |query_ifName|','madalena - Traffic - eth0','0',120,'0',500,'0','100','0','0','0','bits per second','0','on','0','on','0',2,'0','','0','','0','on','0','on','0',1000,'0','','0','on','0','','0',''),(146,2,103,2,'0',1,'0','|host_description| - Traffic - |query_ifName|','madalena - Traffic - eth1','0',120,'0',500,'0','100','0','0','0','bits per second','0','on','0','on','0',2,'0','','0','','0','on','0','on','0',1000,'0','','0','on','0','','0',''),(147,3,104,3,'0',1,'0','|host_description| - Disk Space - |query_dskPath|','madalena - Disk Space - /','0',120,'0',500,'0','100','0','0','0','bytes','0','on','0','on','0',2,'0','','0','','0','on','0','on','0',1024,'0','','0','on','0','','0',''),(148,3,105,3,'0',1,'0','|host_description| - Disk Space - |query_dskPath|','madalena - Disk Space - /var','0',120,'0',500,'0','100','0','0','0','bytes','0','on','0','on','0',2,'0','','0','','0','on','0','on','0',1024,'0','','0','on','0','','0',''),(149,3,106,3,'0',1,'0','|host_description| - Disk Space - |query_dskPath|','madalena - Disk Space - /','0',120,'0',500,'0','100','0','0','0','bytes','0','on','0','on','0',2,'0','','0','','0','on','0','on','0',1024,'0','','0','on','0','','0',''),(150,3,107,3,'0',1,'0','|host_description| - Disk Space - |query_dskPath|','madalena - Disk Space - /sys/fs/cgroup','0',120,'0',500,'0','100','0','0','0','bytes','0','on','0','on','0',2,'0','','0','','0','on','0','on','0',1024,'0','','0','on','0','','0',''),(151,3,108,3,'0',1,'0','|host_description| - Disk Space - |query_dskPath|','madalena - Disk Space - /run','0',120,'0',500,'0','100','0','0','0','bytes','0','on','0','on','0',2,'0','','0','','0','on','0','on','0',1024,'0','','0','on','0','','0',''),(152,3,109,3,'0',1,'0','|host_description| - Disk Space - |query_dskPath|','madalena - Disk Space - /run/lock','0',120,'0',500,'0','100','0','0','0','bytes','0','on','0','on','0',2,'0','','0','','0','on','0','on','0',1024,'0','','0','on','0','','0',''),(153,3,110,3,'0',1,'0','|host_description| - Disk Space - |query_dskPath|','madalena - Disk Space - /run/shm','0',120,'0',500,'0','100','0','0','0','bytes','0','on','0','on','0',2,'0','','0','','0','on','0','on','0',1024,'0','','0','on','0','','0',''),(154,3,111,3,'0',1,'0','|host_description| - Disk Space - |query_dskPath|','madalena - Disk Space - /run/user','0',120,'0',500,'0','100','0','0','0','bytes','0','on','0','on','0',2,'0','','0','','0','on','0','on','0',1024,'0','','0','on','0','','0',''),(155,21,112,21,'0',1,'0','|host_description| - Disk Space - |query_dskDevice|','madalena - Disk Space - /dev/sda1','0',120,'0',500,'0','100','0','0','0','bytes','0','on','0','on','0',2,'0','','0','','0','on','0','on','0',1024,'0','','0','on','0','','0','');
/*!40000 ALTER TABLE `graph_templates_graph` ENABLE KEYS */;
UNLOCK TABLES;

--
-- Table structure for table `graph_templates_item`
--

DROP TABLE IF EXISTS `graph_templates_item`;
/*!40101 SET @saved_cs_client     = @@character_set_client */;
/*!40101 SET character_set_client = utf8 */;
CREATE TABLE `graph_templates_item` (
  `id` int(12) unsigned NOT NULL AUTO_INCREMENT,
  `hash` varchar(32) NOT NULL DEFAULT '',
  `local_graph_template_item_id` int(12) unsigned NOT NULL DEFAULT '0',
  `local_graph_id` mediumint(8) unsigned NOT NULL DEFAULT '0',
  `graph_template_id` mediumint(8) unsigned NOT NULL DEFAULT '0',
  `task_item_id` mediumint(8) unsigned NOT NULL DEFAULT '0',
  `color_id` mediumint(8) unsigned NOT NULL DEFAULT '0',
  `alpha` char(2) DEFAULT 'FF',
  `graph_type_id` tinyint(3) NOT NULL DEFAULT '0',
  `cdef_id` mediumint(8) unsigned NOT NULL DEFAULT '0',
  `consolidation_function_id` tinyint(2) NOT NULL DEFAULT '0',
  `text_format` varchar(255) DEFAULT NULL,
  `value` varchar(255) DEFAULT NULL,
  `hard_return` char(2) DEFAULT NULL,
  `gprint_id` mediumint(8) unsigned NOT NULL DEFAULT '0',
  `sequence` mediumint(8) unsigned NOT NULL DEFAULT '0',
  PRIMARY KEY (`id`),
  KEY `graph_template_id` (`graph_template_id`),
  KEY `local_graph_id` (`local_graph_id`),
  KEY `task_item_id` (`task_item_id`)
) ENGINE=MyISAM AUTO_INCREMENT=1471 DEFAULT CHARSET=latin1 COMMENT='Stores the actual graph item data.';
/*!40101 SET character_set_client = @saved_cs_client */;

--
-- Dumping data for table `graph_templates_item`
--

LOCK TABLES `graph_templates_item` WRITE;
/*!40000 ALTER TABLE `graph_templates_item` DISABLE KEYS */;
INSERT INTO `graph_templates_item` VALUES (9,'0470b2427dbfadb6b8346e10a71268fa',0,0,2,54,22,'FF',7,2,1,'Inbound','','',2,1),(10,'84a5fe0db518550266309823f994ce9c',0,0,2,54,0,'FF',9,2,4,'Current:','','',2,2),(11,'2f222f28084085cd06a1f46e4449c793',0,0,2,54,0,'FF',9,2,1,'Average:','','',2,3),(12,'55acbcc33f46ee6d754e8e81d1b54808',0,0,2,54,0,'FF',9,2,3,'Maximum:','','on',2,4),(13,'fdaf2321fc890e355711c2bffc07d036',0,0,2,55,20,'FF',4,2,1,'Outbound','','',2,5),(14,'768318f42819217ed81196d2179d3e1b',0,0,2,55,0,'FF',9,2,4,'Current:','','',2,6),(15,'cb3aa6256dcb3acd50d4517b77a1a5c3',0,0,2,55,0,'FF',9,2,1,'Average:','','',2,7),(16,'671e989be7cbf12c623b4e79d91c7bed',0,0,2,55,0,'FF',9,2,3,'Maximum:','','on',2,8),(17,'b561ed15b3ba66d277e6d7c1640b86f7',0,0,3,4,48,'FF',7,14,1,'Used','','',2,1),(18,'99ef051057fa6adfa6834a7632e9d8a2',0,0,3,4,0,'FF',9,14,4,'Current:','','',2,2),(19,'3986695132d3f4716872df4c6fbccb65',0,0,3,4,0,'FF',9,14,1,'Average:','','',2,3),(20,'0444300017b368e6257f010dca8bbd0d',0,0,3,4,0,'FF',9,14,3,'Maximum:','','on',2,4),(21,'4d6a0b9063124ca60e2d1702b3e15e41',0,0,3,3,20,'FF',8,14,1,'Available','','',2,5),(22,'181b08325e4d00cd50b8cdc8f8ae8e77',0,0,3,3,0,'FF',9,14,4,'Current:','','',2,6),(23,'bba0a9ff1357c990df50429d64314340',0,0,3,3,0,'FF',9,14,1,'Average:','','',2,7),(24,'d4a67883d53bc1df8aead21c97c0bc52',0,0,3,3,0,'FF',9,14,3,'Maximum:','','on',2,8),(25,'253c9ec2d66905245149c1c2dc8e536e',0,0,3,0,1,'FF',5,15,1,'Total','','',2,9),(26,'ea9ea883383f4eb462fec6aa309ba7b5',0,0,3,0,0,'FF',9,15,4,'Current:','','',2,10),(27,'83b746bcaba029eeca170a9f77ec4864',0,0,3,0,0,'FF',9,15,1,'Average:','','',2,11),(28,'82e01dd92fd37887c0696192efe7af65',0,0,3,0,0,'FF',9,15,3,'Maximum:','','on',2,12),(29,'ff0a6125acbb029b814ed1f271ad2d38',0,0,4,5,9,'FF',7,0,1,'System','','',2,1),(30,'f0776f7d6638bba76c2c27f75a424f0f',0,0,4,5,0,'FF',9,0,4,'Current:','','',2,2),(31,'39f4e021aa3fed9207b5f45a82122b21',0,0,4,5,0,'FF',9,0,1,'Average:','','',2,3),(32,'800f0b067c06f4ec9c2316711ea83c1e',0,0,4,5,0,'FF',9,0,3,'Maximum:','','on',2,4),(33,'9419dd5dbf549ba4c5dc1462da6ee321',0,0,4,6,21,'FF',8,0,1,'User','','',2,5),(34,'e461dd263ae47657ea2bf3fd82bec096',0,0,4,6,0,'FF',9,0,4,'Current:','','',2,6),(35,'f2d1fbb8078a424ffc8a6c9d44d8caa0',0,0,4,6,0,'FF',9,0,1,'Average:','','',2,7),(36,'e70a5de639df5ba1705b5883da7fccfc',0,0,4,6,0,'FF',9,0,3,'Maximum:','','on',2,8),(37,'85fefb25ce9fd0317da2706a5463fc42',0,0,4,7,12,'FF',8,0,1,'Nice','','',2,9),(38,'a1cb26878776999db16f1de7577b3c2a',0,0,4,7,0,'FF',9,0,4,'Current:','','',2,10),(39,'7d0f9bf64a0898a0095f099674754273',0,0,4,7,0,'FF',9,0,1,'Average:','','',2,11),(40,'b2879248a522d9679333e1f29e9a87c3',0,0,4,7,0,'FF',9,0,3,'Maximum:','','on',2,12),(41,'d800aa59eee45383b3d6d35a11cdc864',0,0,4,0,1,'FF',4,12,1,'Total','','',2,13),(42,'cab4ae79a546826288e273ca1411c867',0,0,4,0,0,'FF',9,12,4,'Current:','','',2,14),(43,'d44306ae85622fec971507460be63f5c',0,0,4,0,0,'FF',9,12,1,'Average:','','',2,15),(44,'aa5c2118035bb83be497d4e099afcc0d',0,0,4,0,0,'FF',9,12,3,'Maximum:','','on',2,16),(45,'4aa34ea1b7542b770ace48e8bc395a22',0,0,5,9,48,'FF',7,0,1,'Signal Level','','',2,1),(46,'22f118a9d81d0a9c8d922efbbc8a9cc1',0,0,5,9,0,'FF',9,0,4,'Current:','','',2,2),(47,'229de0c4b490de9d20d8f8d41059f933',0,0,5,9,0,'FF',9,0,1,'Average:','','',2,3),(48,'cd17feb30c02fd8f21e4d4dcde04e024',0,0,5,9,0,'FF',9,0,3,'Maximum:','','on',2,4),(49,'8723600cfd0f8a7b3f7dc1361981aabd',0,0,5,8,25,'FF',5,0,1,'Noise Level','','',2,5),(50,'cb06be2601b5abfb7a42fc07586de1c2',0,0,5,8,0,'FF',9,0,4,'Current:','','',2,6),(51,'55a2ee0fd511e5210ed85759171de58f',0,0,5,8,0,'FF',9,0,1,'Average:','','',2,7),(52,'704459564c84e42462e106eef20db169',0,0,5,8,0,'FF',9,0,3,'Maximum:','','on',2,8),(53,'aaebb19ec522497eaaf8c87a631b7919',0,0,6,10,48,'FF',7,0,1,'Transmissions','','',2,1),(54,'8b54843ac9d41bce2fcedd023560ed64',0,0,6,10,0,'FF',9,0,4,'Current:','','',2,2),(55,'05927dc83e07c7d9cffef387d68f35c9',0,0,6,10,0,'FF',9,0,1,'Average:','','',2,3),(56,'d11e62225a7e7a0cdce89242002ca547',0,0,6,10,0,'FF',9,0,3,'Maximum:','','on',2,4),(57,'6397b92032486c476b0e13a35b727041',0,0,6,11,25,'FF',5,0,1,'Re-Transmissions','','',2,5),(58,'cdfa5f8f82f4c479ff7f6f54160703f6',0,0,6,11,0,'FF',9,0,4,'Current:','','',2,6),(59,'ce2a309fb9ef64f83f471895069a6f07',0,0,6,11,0,'FF',9,0,1,'Average:','','',2,7),(60,'9cbfbf57ebde435b27887f27c7d3caea',0,0,6,11,0,'FF',9,0,3,'Maximum:','','on',2,8),(61,'80e0aa956f50c261e5143273da58b8a3',0,0,7,21,25,'FF',7,0,1,'','','',2,1),(62,'48fdcae893a7b7496e1a61efc3453599',0,0,7,21,0,'FF',9,0,4,'Current:','','',2,2),(63,'22f43e5fa20f2716666ba9ed9a7d1727',0,0,7,21,0,'FF',9,0,1,'Average:','','',2,3),(64,'3e86d497bcded7af7ab8408e4908e0d8',0,0,7,21,0,'FF',9,0,3,'Maximum:','','on',2,4),(65,'ba00ecd28b9774348322ff70a96f2826',0,0,8,19,48,'FF',7,0,1,'Running Processes','','',2,1),(66,'8d76de808efd73c51e9a9cbd70579512',0,0,8,19,0,'FF',9,0,4,'Current:','','',3,2),(67,'304244ca63d5b09e62a94c8ec6fbda8d',0,0,8,19,0,'FF',9,0,1,'Average:','','',3,3),(68,'da1ba71a93d2ed4a2a00d54592b14157',0,0,8,19,0,'FF',9,0,3,'Maximum:','','on',3,4),(69,'93ad2f2803b5edace85d86896620b9da',0,0,9,12,15,'FF',7,0,1,'1 Minute Average','','',2,1),(70,'e28736bf63d3a3bda03ea9f1e6ecb0f1',0,0,9,12,0,'FF',9,0,4,'Current:','','on',4,2),(71,'bbdfa13adc00398eed132b1ccb4337d2',0,0,9,13,8,'FF',8,0,1,'5 Minute Average','','',2,3),(72,'2c14062c7d67712f16adde06132675d6',0,0,9,13,0,'FF',9,0,4,'Current:','','on',4,4),(73,'9cf6ed48a6a54b9644a1de8c9929bd4e',0,0,9,14,9,'FF',8,0,1,'15 Minute Average','','',2,5),(74,'c9824064305b797f38feaeed2352e0e5',0,0,9,14,0,'FF',9,0,4,'Current:','','on',4,6),(75,'fa1bc4eff128c4da70f5247d55b8a444',0,0,9,0,1,'FF',4,12,1,'','','on',2,7),(76,'5c94ac24bc0d6d2712cc028fa7d4c7d2',0,0,10,20,67,'FF',7,0,1,'Users','','',2,1),(77,'8bc7f905526f62df7d5c2d8c27c143c1',0,0,10,20,0,'FF',9,0,4,'Current:','','',3,2),(78,'cd074cd2b920aab70d480c020276d45b',0,0,10,20,0,'FF',9,0,1,'Average:','','',3,3),(79,'415630f25f5384ba0c82adbdb05fe98b',0,0,10,20,0,'FF',9,0,3,'Maximum:','','on',3,4),(80,'d77d2050be357ab067666a9485426e6b',0,0,11,33,15,'FF',7,0,1,'1 Minute Average','','',2,1),(81,'13d22f5a0eac6d97bf6c97d7966f0a00',0,0,11,33,0,'FF',9,0,4,'Current:','','on',4,2),(82,'8580230d31d2851ec667c296a665cbf9',0,0,11,34,8,'FF',8,0,1,'5 Minute Average','','',2,3),(83,'b5b7d9b64e7640aa51dbf58c69b86d15',0,0,11,34,0,'FF',9,0,4,'Current:','','on',4,4),(84,'2ec10edf4bfaa866b7efd544d4c3f446',0,0,11,35,9,'FF',8,0,1,'15 Minute Average','','',2,5),(85,'b65666f0506c0c70966f493c19607b93',0,0,11,35,0,'FF',9,0,4,'Current:','','on',4,6),(86,'6c73575c74506cfc75b89c4276ef3455',0,0,11,0,1,'FF',4,12,1,'Total','','on',2,7),(95,'5fa7c2317f19440b757ab2ea1cae6abc',0,0,12,16,41,'FF',7,14,1,'Free','','',2,9),(96,'b1d18060bfd3f68e812c508ff4ac94ed',0,0,12,16,0,'FF',9,14,4,'Current:','','',2,10),(97,'780b6f0850aaf9431d1c246c55143061',0,0,12,16,0,'FF',9,14,1,'Average:','','',2,11),(98,'2d54a7e7bb45e6c52d97a09e24b7fba7',0,0,12,16,0,'FF',9,14,3,'Maximum:','','on',2,12),(99,'40206367a3c192b836539f49801a0b15',0,0,12,18,30,'FF',8,14,1,'Swap','','',2,13),(100,'7ee72e2bb3722d4f8a7f9c564e0dd0d0',0,0,12,18,0,'FF',9,14,4,'Current:','','',2,14),(101,'c8af33b949e8f47133ee25e63c91d4d0',0,0,12,18,0,'FF',9,14,1,'Average:','','',2,15),(102,'568128a16723d1195ce6a234d353ce00',0,0,12,18,0,'FF',9,14,3,'Maximum:','','on',2,16),(103,'7517a40d478e28ed88ba2b2a65e16b57',0,0,13,37,52,'FF',7,14,1,'Memory Free','','',2,1),(104,'df0c8b353d26c334cb909dc6243957c5',0,0,13,37,0,'FF',9,14,4,'Current:','','',2,2),(105,'c41a4cf6fefaf756a24f0a9510580724',0,0,13,37,0,'FF',9,14,1,'Average:','','',2,3),(106,'9efa8f01c6ed11364a21710ff170f422',0,0,13,37,0,'FF',9,14,3,'Maximum:','','on',2,4),(107,'95d6e4e5110b456f34324f7941d08318',0,0,13,36,35,'FF',8,14,1,'Memory Buffers','','',2,5),(108,'0c631bfc0785a9cca68489ea87a6c3da',0,0,13,36,0,'FF',9,14,4,'Current:','','',2,6),(109,'3468579d3b671dfb788696df7dcc1ec9',0,0,13,36,0,'FF',9,14,1,'Average:','','',2,7),(110,'c3ddfdaa65449f99b7f1a735307f9abe',0,0,13,36,0,'FF',9,14,3,'Maximum:','','on',2,8),(111,'4c64d5c1ce8b5d8b94129c23b46a5fd6',0,0,14,28,41,'FF',7,0,1,'Cache Hits','','',2,1),(112,'5c1845c9bd1af684a3c0ad843df69e3e',0,0,14,28,0,'FF',9,0,4,'Current:','','',3,2),(113,'e5169563f3f361701902a8da3ac0c77f',0,0,14,28,0,'FF',9,0,1,'Average:','','',3,3),(114,'35e87262efa521edbb1fd27f09c036f5',0,0,14,28,0,'FF',9,0,3,'Maximum:','','on',3,4),(115,'53069d7dba4c31b338f609bea4cd16f3',0,0,14,27,66,'FF',8,0,1,'Cache Checks','','',2,5),(116,'d9c102579839c5575806334d342b50de',0,0,14,27,0,'FF',9,0,4,'Current:','','',3,6),(117,'dc1897c3249dbabe269af49cee92f8c0',0,0,14,27,0,'FF',9,0,1,'Average:','','',3,7),(118,'ccd21fe0b5a8c24057f1eff4a6b66391',0,0,14,27,0,'FF',9,0,3,'Maximum:','','on',3,8),(119,'ab09d41c358f6b8a9d0cad4eccc25529',0,0,15,76,9,'FF',7,0,1,'CPU Utilization','','',2,1),(120,'5d5b8d8fbe751dc9c86ee86f85d7433b',0,0,15,76,0,'FF',9,0,4,'Current:','','',3,2),(121,'4822a98464c6da2afff10c6d12df1831',0,0,15,76,0,'FF',9,0,1,'Average:','','',3,3),(122,'fc6fbf2a964bea0b3c88ed0f18616aa7',0,0,15,76,0,'FF',9,0,3,'Maximum:','','on',3,4),(123,'e4094625d5443b4c87f9a87ba616a469',0,0,16,25,67,'FF',7,0,1,'File System Reads','','',2,1),(124,'ae68425cd10e8a6623076b2e6859a6aa',0,0,16,25,0,'FF',9,0,4,'Current:','','',3,2),(125,'40b8e14c6568b3f6be6a5d89d6a9f061',0,0,16,25,0,'FF',9,0,1,'Average:','','',3,3),(126,'4afbdc3851c03e206672930746b1a5e2',0,0,16,25,0,'FF',9,0,3,'Maximum:','','on',3,4),(127,'ea47d2b5516e334bc5f6ce1698a3ae76',0,0,16,26,93,'FF',8,0,1,'File System Writes','','',2,5),(128,'899c48a2f79ea3ad4629aff130d0f371',0,0,16,26,0,'FF',9,0,4,'Current:','','',3,6),(129,'ab474d7da77e9ec1f6a1d45c602580cd',0,0,16,26,0,'FF',9,0,1,'Average:','','',3,7),(130,'e143f8b4c6d4eeb6a28b052e6b8ce5a9',0,0,16,26,0,'FF',9,0,3,'Maximum:','','on',3,8),(131,'facfeeb6fc2255ba2985b2d2f695d78a',0,0,17,23,30,'FF',7,0,1,'Current Logins','','',2,1),(132,'2470e43034a5560260d79084432ed14f',0,0,17,23,0,'FF',9,0,4,'Current:','','',3,2),(133,'e9e645f07bde92b52d93a7a1f65efb30',0,0,17,23,0,'FF',9,0,1,'Average:','','',3,3),(134,'bdfe0d66103211cfdaa267a44a98b092',0,0,17,23,0,'FF',9,0,3,'Maximum:','','on',3,4),(139,'098b10c13a5701ddb7d4d1d2e2b0fdb7',0,0,18,30,9,'FF',7,0,1,'CPU Usage','','',2,1),(140,'1dbda412a9926b0ee5c025aa08f3b230',0,0,18,30,0,'FF',9,0,4,'Current:','','',3,2),(141,'725c45917146807b6a4257fc351f2bae',0,0,18,30,0,'FF',9,0,1,'Average:','','',3,3),(142,'4e336fdfeb84ce65f81ded0e0159a5e0',0,0,18,30,0,'FF',9,0,3,'Maximum:','','on',3,4),(143,'7dab7a3ceae2addd1cebddee6c483e7c',0,0,19,39,25,'FF',7,14,1,'Free Space','','',2,5),(144,'aea239f3ceea8c63d02e453e536190b8',0,0,19,39,0,'FF',9,14,4,'Current:','','',2,6),(145,'a0efae92968a6d4ae099b676e0f1430e',0,0,19,39,0,'FF',9,14,1,'Average:','','',2,7),(146,'4fd5ba88be16e3d513c9231b78ccf0e1',0,0,19,39,0,'FF',9,14,3,'Maximum:','','on',2,8),(147,'d2e98e51189e1d9be8888c3d5c5a4029',0,0,19,38,69,'FF',7,14,1,'Total Space','','',2,1),(148,'12829294ee3958f4a31a58a61228e027',0,0,19,38,0,'FF',9,14,4,'Current:','','',2,2),(149,'4b7e8755b0f2253723c1e9fb21fd37b1',0,0,19,38,0,'FF',9,14,1,'Average:','','',2,3),(150,'cbb19ffd7a0ead2bf61512e86d51ee8e',0,0,19,38,0,'FF',9,14,3,'Maximum:','','on',2,4),(151,'37b4cbed68f9b77e49149343069843b4',0,0,19,40,95,'FF',5,14,1,'Freeable Space','','',2,9),(152,'5eb7532200f2b5cc93e13743a7db027c',0,0,19,40,0,'FF',9,14,4,'Current:','','',2,10),(153,'b0f9f602fbeaaff090ea3f930b46c1c7',0,0,19,40,0,'FF',9,14,1,'Average:','','',2,11),(154,'06477f7ea46c63272cee7253e7cd8760',0,0,19,40,0,'FF',9,14,3,'Maximum:','','on',2,12),(171,'a751838f87068e073b95be9555c57bde',0,0,21,56,0,'FF',9,14,3,'Maximum:','','on',2,4),(170,'3b13eb2e542fe006c9bf86947a6854fa',0,0,21,56,0,'FF',9,14,1,'Average:','','',2,3),(169,'8ef3e7fb7ce962183f489725939ea40f',0,0,21,56,0,'FF',9,14,4,'Current:','','',2,2),(167,'6ca2161c37b0118786dbdb46ad767e5d',0,0,21,56,48,'FF',7,14,1,'Used','','',2,1),(159,'6877a2a5362a9390565758b08b9b37f7',0,0,20,43,77,'FF',7,0,1,'Used Directory Entries','','',2,1),(160,'a978834f3d02d833d3d2def243503bf2',0,0,20,43,0,'FF',9,0,4,'Current:','','',3,2),(161,'7422d87bc82de20a4333bd2f6460b2d4',0,0,20,43,0,'FF',9,0,1,'Average:','','',3,3),(162,'4d52762859a3fec297ebda0e7fd760d9',0,0,20,43,0,'FF',9,0,3,'Maximum:','','on',3,4),(163,'999d4ed1128ff03edf8ea47e56d361dd',0,0,20,42,1,'FF',5,0,1,'Available Directory Entries','','',2,5),(164,'3dfcd7f8c7a760ac89d34398af79b979',0,0,20,42,0,'FF',9,0,4,'Current:','','',3,6),(165,'217be75e28505c8f8148dec6b71b9b63',0,0,20,42,0,'FF',9,0,1,'Average:','','',3,7),(166,'69b89e1c5d6fc6182c93285b967f970a',0,0,20,42,0,'FF',9,0,3,'Maximum:','','on',3,8),(172,'5d6dff9c14c71dc1ebf83e87f1c25695',0,0,21,44,20,'FF',8,14,1,'Available','','',2,5),(173,'b27cb9a158187d29d17abddc6fdf0f15',0,0,21,44,0,'FF',9,14,4,'Current:','','',2,6),(174,'6c0555013bb9b964e51d22f108dae9b0',0,0,21,44,0,'FF',9,14,1,'Average:','','',2,7),(175,'42ce58ec17ef5199145fbf9c6ee39869',0,0,21,44,0,'FF',9,14,3,'Maximum:','','on',2,8),(176,'9bdff98f2394f666deea028cbca685f3',0,0,21,0,1,'FF',5,15,1,'Total','','',2,9),(177,'fb831fefcf602bc31d9d24e8e456c2e6',0,0,21,0,0,'FF',9,15,4,'Current:','','',2,10),(178,'5a958d56785a606c08200ef8dbf8deef',0,0,21,0,0,'FF',9,15,1,'Average:','','',2,11),(179,'5ce67a658cec37f526dc84ac9e08d6e7',0,0,21,0,0,'FF',9,15,3,'Maximum:','','on',2,12),(180,'7e04a041721df1f8828381a9ea2f2154',0,0,22,47,31,'FF',4,0,1,'Discards In','','',2,1),(181,'afc8bca6b1b3030a6d71818272336c6c',0,0,22,47,0,'FF',9,0,4,'Current:','','',2,2),(182,'6ac169785f5aeaf1cc5cdfd38dfcfb6c',0,0,22,47,0,'FF',9,0,1,'Average:','','',2,3),(183,'178c0a0ce001d36a663ff6f213c07505',0,0,22,47,0,'FF',9,0,3,'Maximum:','','on',2,4),(184,'8e3268c0abde7550616bff719f10ee2f',0,0,22,46,48,'FF',4,0,1,'Errors In','','',2,5),(185,'18891392b149de63b62c4258a68d75f8',0,0,22,46,0,'FF',9,0,4,'Current:','','',2,6),(186,'dfc9d23de0182c9967ae3dabdfa55a16',0,0,22,46,0,'FF',9,0,1,'Average:','','',2,7),(187,'c47ba64e2e5ea8bf84aceec644513176',0,0,22,46,0,'FF',9,0,3,'Maximum:','','on',2,8),(188,'9d052e7d632c479737fbfaced0821f79',0,0,23,49,71,'FF',4,0,1,'Unicast Packets Out','','',2,5),(189,'9b9fa6268571b6a04fa4411d8e08c730',0,0,23,49,0,'FF',9,0,4,'Current:','','',2,6),(190,'8e8f2fbeb624029cbda1d2a6ddd991ba',0,0,23,49,0,'FF',9,0,1,'Average:','','',2,7),(191,'c76495beb1ed01f0799838eb8a893124',0,0,23,49,0,'FF',9,0,3,'Maximum:','','on',2,8),(192,'d4e5f253f01c3ea77182c5a46418fc44',0,0,23,48,25,'FF',7,0,1,'Unicast Packets In','','',2,1),(193,'526a96add143da021c5f00d8764a6c12',0,0,23,48,0,'FF',9,0,4,'Current:','','',2,2),(194,'81eeb46f451212f00fd7caee42a81c0b',0,0,23,48,0,'FF',9,0,1,'Average:','','',2,3),(195,'089e4d1c3faeb00fd5dcc9622b06d656',0,0,23,48,0,'FF',9,0,3,'Maximum:','','on',2,4),(196,'fe66cb973966d22250de073405664200',0,0,24,53,25,'FF',7,0,1,'Non-Unicast Packets In','','',2,1),(197,'1ba3fc3466ad32fdd2669cac6cad6faa',0,0,24,53,0,'FF',9,0,4,'Current:','','',2,2),(198,'f810154d3a934c723c21659e66199cdf',0,0,24,53,0,'FF',9,0,1,'Average:','','',2,3),(199,'98a161df359b01304346657ff1a9d787',0,0,24,53,0,'FF',9,0,3,'Maximum:','','on',2,4),(200,'d5e55eaf617ad1f0516f6343b3f07c5e',0,0,24,52,71,'FF',4,0,1,'Non-Unicast Packets Out','','',2,5),(201,'9fde6b8c84089b9f9044e681162e7567',0,0,24,52,0,'FF',9,0,4,'Current:','','',2,6),(202,'9a3510727c3d9fa7e2e7a015783a99b3',0,0,24,52,0,'FF',9,0,1,'Average:','','',2,7),(203,'451afd23f2cb59ab9b975fd6e2735815',0,0,24,52,0,'FF',9,0,3,'Maximum:','','on',2,8),(204,'617d10dff9bbc3edd9d733d9c254da76',0,0,22,50,18,'FF',4,0,1,'Discards Out','','',2,9),(205,'9269a66502c34d00ac3c8b1fcc329ac6',0,0,22,50,0,'FF',9,0,4,'Current:','','',2,10),(206,'d45deed7e1ad8350f3b46b537ae0a933',0,0,22,50,0,'FF',9,0,1,'Average:','','',2,11),(207,'2f64cf47dc156e8c800ae03c3b893e3c',0,0,22,50,0,'FF',9,0,3,'Maximum:','','on',2,12),(208,'57434bef8cb21283c1a73f055b0ada19',0,0,22,51,89,'FF',4,0,1,'Errors Out','','',2,13),(209,'660a1b9365ccbba356fd142faaec9f04',0,0,22,51,0,'FF',9,0,4,'Current:','','',2,14),(210,'28c5297bdaedcca29acf245ef4bbed9e',0,0,22,51,0,'FF',9,0,1,'Average:','','',2,15),(211,'99098604fd0c78fd7dabac8f40f1fb29',0,0,22,51,0,'FF',9,0,3,'Maximum:','','on',2,16),(212,'de3eefd6d6c58afabdabcaf6c0168378',0,0,25,54,22,'FF',7,0,1,'Inbound','','',2,1),(213,'1a80fa108f5c46eecb03090c65bc9a12',0,0,25,54,0,'FF',9,0,4,'Current:','','',2,2),(214,'fe458892e7faa9d232e343d911e845f3',0,0,25,54,0,'FF',9,0,1,'Average:','','',2,3),(215,'175c0a68689bebc38aad2fbc271047b3',0,0,25,54,0,'FF',9,0,3,'Maximum:','','on',2,4),(216,'1bf2283106510491ddf3b9c1376c0b31',0,0,25,55,20,'FF',4,0,1,'Outbound','','',2,5),(217,'c5202f1690ffe45600c0d31a4a804f67',0,0,25,55,0,'FF',9,0,4,'Current:','','',2,6),(218,'eb9794e3fdafc2b74f0819269569ed40',0,0,25,55,0,'FF',9,0,1,'Average:','','',2,7),(219,'6bcedd61e3ccf7518ca431940c93c439',0,0,25,55,0,'FF',9,0,3,'Maximum:','','on',2,8),(303,'b7b381d47972f836785d338a3bef6661',0,0,26,78,0,'FF',9,0,3,'Maximum:','','on',2,8),(304,'36fa8063df3b07cece878d54443db727',0,0,26,78,0,'FF',9,0,1,'Average:','','',2,7),(305,'2c35b5cae64c5f146a55fcb416dd14b5',0,0,26,78,0,'FF',9,0,4,'Current:','','',2,6),(306,'16d6a9a7f608762ad65b0841e5ef4e9c',0,0,26,78,48,'FF',7,0,1,'Used','','',2,5),(307,'d80e4a4901ab86ee39c9cc613e13532f',0,0,26,92,20,'FF',7,0,1,'Total','','',2,1),(308,'567c2214ee4753aa712c3d101ea49a5d',0,0,26,92,0,'FF',9,0,4,'Current:','','',2,2),(309,'ba0b6a9e316ef9be66abba68b80f7587',0,0,26,92,0,'FF',9,0,1,'Average:','','',2,3),(310,'4b8e4a6bf2757f04c3e3a088338a2f7a',0,0,26,92,0,'FF',9,0,3,'Maximum:','','on',2,4),(317,'8536e034ab5268a61473f1ff2f6bd88f',0,0,27,79,0,'FF',9,0,1,'Average:','','',3,3),(316,'d478a76de1df9edf896c9ce51506c483',0,0,27,79,0,'FF',9,0,4,'Current:','','',3,2),(315,'42537599b5fb8ea852240b58a58633de',0,0,27,79,9,'FF',7,0,1,'CPU Utilization','','',2,1),(318,'87e10f9942b625aa323a0f39b60058e7',0,0,27,79,0,'FF',9,0,3,'Maximum:','','on',3,4),(319,'38f6891b0db92aa8950b4ce7ae902741',0,0,28,81,67,'FF',7,0,1,'Users','','',2,1),(320,'af13152956a20aa894ef4a4067b88f63',0,0,28,81,0,'FF',9,0,4,'Current:','','',3,2),(321,'1b2388bbede4459930c57dc93645284e',0,0,28,81,0,'FF',9,0,1,'Average:','','',3,3),(322,'6407dc226db1d03be9730f4d6f3eeccf',0,0,28,81,0,'FF',9,0,3,'Maximum:','','on',3,4),(323,'fca6a530c8f37476b9004a90b42ee988',0,0,29,80,48,'FF',7,0,1,'Running Processes','','',2,1),(324,'5acebbde3dc65e02f8fda03955852fbe',0,0,29,80,0,'FF',9,0,4,'Current:','','',3,2),(325,'311079ffffac75efaab2837df8123122',0,0,29,80,0,'FF',9,0,1,'Average:','','',3,3),(326,'724d27007ebf31016cfa5530fee1b867',0,0,29,80,0,'FF',9,0,3,'Maximum:','','on',3,4),(373,'1995d8c23e7d8e1efa2b2c55daf3c5a7',0,0,32,54,22,'FF',7,2,1,'Inbound','','',2,1),(539,'',39,19,4,127,0,'FF',9,0,1,'Average:','','',2,11),(538,'',38,19,4,127,0,'FF',9,0,4,'Current:','','',2,10),(537,'',37,19,4,127,12,'FF',8,0,1,'Nice','','',2,9),(536,'',36,19,4,129,0,'FF',9,0,3,'Maximum:','','on',2,8),(535,'',35,19,4,129,0,'FF',9,0,1,'Average:','','',2,7),(534,'',34,19,4,129,0,'FF',9,0,4,'Current:','','',2,6),(533,'',33,19,4,129,21,'FF',8,0,1,'User','','',2,5),(532,'',32,19,4,128,0,'FF',9,0,3,'Maximum:','','on',2,4),(531,'',31,19,4,128,0,'FF',9,0,1,'Average:','','',2,3),(530,'',30,19,4,128,0,'FF',9,0,4,'Current:','','',2,2),(529,'',29,19,4,128,9,'FF',7,0,1,'System','','',2,1),(528,'',102,18,12,126,0,'FF',9,14,3,'Maximum:','','on',2,16),(527,'',101,18,12,126,0,'FF',9,14,1,'Average:','','',2,15),(526,'',100,18,12,126,0,'FF',9,14,4,'Current:','','',2,14),(525,'',99,18,12,126,30,'FF',8,14,1,'Swap','','',2,13),(524,'',98,18,12,125,0,'FF',9,14,3,'Maximum:','','on',2,12),(523,'',97,18,12,125,0,'FF',9,14,1,'Average:','','',2,11),(522,'',96,18,12,125,0,'FF',9,14,4,'Current:','','',2,10),(521,'',95,18,12,125,41,'FF',7,14,1,'Free','','',2,9),(358,'803b96bcaec33148901b4b562d9d2344',0,0,30,29,89,'FF',7,0,1,'Open Files','','',2,1),(359,'da26dd92666cb840f8a70e2ec5e90c07',0,0,30,29,0,'FF',9,0,4,'Current:','','',3,2),(360,'5258970186e4407ed31cca2782650c45',0,0,30,29,0,'FF',9,0,1,'Average:','','',3,3),(361,'7d08b996bde9cdc7efa650c7031137b4',0,0,30,29,0,'FF',9,0,3,'Maximum:','','on',3,4),(362,'918e6e7d41bb4bae0ea2937b461742a4',0,0,31,54,22,'FF',7,2,1,'Inbound','','',2,1),(363,'f19fbd06c989ea85acd6b4f926e4a456',0,0,31,54,0,'FF',9,2,4,'Current:','','',2,2),(364,'fc150a15e20c57e11e8d05feca557ef9',0,0,31,54,0,'FF',9,2,1,'Average:','','',2,3),(365,'ccbd86e03ccf07483b4d29e63612fb18',0,0,31,54,0,'FF',9,2,3,'Maximum:','','on',2,4),(366,'964c5c30cd05eaf5a49c0377d173de86',0,0,31,55,20,'FF',4,2,1,'Outbound','','',2,5),(367,'b1a6fb775cf62e79e1c4bc4933c7e4ce',0,0,31,55,0,'FF',9,2,4,'Current:','','',2,6),(368,'721038182a872ab266b5cf1bf7f7755c',0,0,31,55,0,'FF',9,2,1,'Average:','','',2,7),(369,'2302f80c2c70b897d12182a1fc11ecd6',0,0,31,55,0,'FF',9,2,3,'Maximum:','','on',2,8),(370,'4ffc7af8533d103748316752b70f8e3c',0,0,31,0,0,'FF',1,0,1,'','','',2,9),(371,'64527c4b6eeeaf627acc5117ff2180fd',0,0,31,55,9,'FF',2,0,1,'95th Percentile','|95:bits:0:max:2|','',2,10),(372,'d5bbcbdbf83ae858862611ac6de8fc62',0,0,31,55,0,'FF',1,0,1,'(|95:bits:6:max:2| mbit in+out)','','on',2,11),(374,'55083351cd728b82cc4dde68eb935700',0,0,32,54,0,'FF',9,2,4,'Current:','','',2,2),(375,'54782f71929e7d1734ed5ad4b8dda50d',0,0,32,54,0,'FF',9,2,1,'Average:','','',2,3),(376,'88d3094d5dc2164cbf2f974aeb92f051',0,0,32,54,0,'FF',9,2,3,'Maximum:','','on',2,4),(377,'4a381a8e87d4db1ac99cf8d9078266d3',0,0,32,55,20,'FF',4,2,1,'Outbound','','',2,6),(378,'5bff63207c7bf076d76ff3036b5dad54',0,0,32,55,0,'FF',9,2,4,'Current:','','',2,7),(379,'979fff9d691ca35e3f4b3383d9cae43f',0,0,32,55,0,'FF',9,2,1,'Average:','','',2,8),(380,'0e715933830112c23c15f7e3463f77b6',0,0,32,55,0,'FF',9,2,3,'Maximum:','','on',2,11),(383,'5b43e4102600ad75379c5afd235099c4',0,0,32,54,0,'FF',1,0,1,'Total In:  |sum:auto:current:2:auto|','','on',2,5),(384,'db7c15d253ca666601b3296f2574edc9',0,0,32,55,0,'FF',1,0,1,'Total Out: |sum:auto:current:2:auto|','','on',2,12),(385,'fdaec5b9227522c758ad55882c483a83',0,0,33,55,0,'FF',9,0,3,'Maximum:','','on',2,11),(386,'6824d29c3f13fe1e849f1dbb8377d3f1',0,0,33,55,0,'FF',9,0,1,'Average:','','',2,8),(387,'54e3971b3dd751dd2509f62721c12b41',0,0,33,55,0,'FF',9,0,4,'Current:','','',2,7),(388,'cf8c9f69878f0f595d583eac109a9be1',0,0,33,55,20,'FF',4,0,1,'Outbound','','',2,6),(389,'de265acbbfa99eb4b3e9f7e90c7feeda',0,0,33,54,0,'FF',9,0,3,'Maximum:','','on',2,4),(390,'777aa88fb0a79b60d081e0e3759f1cf7',0,0,33,54,0,'FF',9,0,1,'Average:','','',2,3),(391,'66bfdb701c8eeadffe55e926d6e77e71',0,0,33,54,0,'FF',9,0,4,'Current:','','',2,2),(392,'3ff8dba1ca6279692b3fcabed0bc2631',0,0,33,54,22,'FF',7,0,1,'Inbound','','',2,1),(393,'d6041d14f9c8fb9b7ddcf3556f763c03',0,0,33,55,0,'FF',1,0,1,'Total Out: |sum:auto:current:2:auto|','','on',2,12),(394,'76ae747365553a02313a2d8a0dd55c8a',0,0,33,54,0,'FF',1,0,1,'Total In:  |sum:auto:current:2:auto|','','on',2,5),(403,'8a1b44ab97d3b56207d0e9e77a035d25',0,0,13,95,30,'FF',8,14,1,'Cache Memory','','',2,9),(404,'6db3f439e9764941ff43fbaae348f5dc',0,0,13,95,0,'FF',9,14,4,'Current:','','',2,10),(405,'cc9b2fe7acf0820caa61c1519193f65e',0,0,13,95,0,'FF',9,14,1,'Average:','','',2,11),(406,'9eea140bdfeaa40d50c5cdcd1f23f72d',0,0,13,95,0,'FF',9,14,3,'Maximum:','','on',2,12),(407,'41316670b1a36171de2bda91a0cc2364',0,0,34,96,98,'FF',7,0,1,'','','',2,1),(408,'c9e8cbdca0215b434c902e68755903ea',0,0,34,96,0,'FF',9,0,4,'Current:','','',2,2),(409,'dab91d7093e720841393feea5bdcba85',0,0,34,96,0,'FF',9,0,1,'Average:','','',2,3),(410,'03e5bd2151fea3c90843eb1130b84458',0,0,34,96,0,'FF',9,0,3,'Maximum:','','on',2,4),(411,'',95,5,12,97,41,'FF',7,14,1,'Free','','',2,9),(412,'',96,5,12,97,0,'FF',9,14,4,'Current:','','',2,10),(413,'',97,5,12,97,0,'FF',9,14,1,'Average:','','',2,11),(414,'',98,5,12,97,0,'FF',9,14,3,'Maximum:','','on',2,12),(415,'',99,5,12,98,30,'FF',8,14,1,'Swap','','',2,13),(416,'',100,5,12,98,0,'FF',9,14,4,'Current:','','',2,14),(417,'',101,5,12,98,0,'FF',9,14,1,'Average:','','',2,15),(418,'',102,5,12,98,0,'FF',9,14,3,'Maximum:','','on',2,16),(419,'',29,6,4,100,9,'FF',7,0,1,'System','','',2,1),(420,'',30,6,4,100,0,'FF',9,0,4,'Current:','','',2,2),(421,'',31,6,4,100,0,'FF',9,0,1,'Average:','','',2,3),(422,'',32,6,4,100,0,'FF',9,0,3,'Maximum:','','on',2,4),(423,'',33,6,4,101,21,'FF',8,0,1,'User','','',2,5),(424,'',34,6,4,101,0,'FF',9,0,4,'Current:','','',2,6),(425,'',35,6,4,101,0,'FF',9,0,1,'Average:','','',2,7),(426,'',36,6,4,101,0,'FF',9,0,3,'Maximum:','','on',2,8),(427,'',37,6,4,99,12,'FF',8,0,1,'Nice','','',2,9),(428,'',38,6,4,99,0,'FF',9,0,4,'Current:','','',2,10),(429,'',39,6,4,99,0,'FF',9,0,1,'Average:','','',2,11),(430,'',40,6,4,99,0,'FF',9,0,3,'Maximum:','','on',2,12),(431,'',41,6,4,0,1,'FF',4,12,1,'Total','','',2,13),(432,'',42,6,4,0,0,'FF',9,12,4,'Current:','','',2,14),(433,'',43,6,4,0,0,'FF',9,12,1,'Average:','','',2,15),(434,'',44,6,4,0,0,'FF',9,12,3,'Maximum:','','on',2,16),(435,'',80,7,11,102,15,'FF',7,0,1,'1 Minute Average','','',2,1),(436,'',81,7,11,102,0,'FF',9,0,4,'Current:','','on',4,2),(437,'',82,7,11,104,8,'FF',8,0,1,'5 Minute Average','','',2,3),(438,'',83,7,11,104,0,'FF',9,0,4,'Current:','','on',4,4),(439,'',84,7,11,103,9,'FF',8,0,1,'15 Minute Average','','',2,5),(440,'',85,7,11,103,0,'FF',9,0,4,'Current:','','on',4,6),(441,'',86,7,11,0,1,'FF',4,12,1,'Total','','on',2,7),(442,'',103,8,13,107,52,'FF',7,14,1,'Memory Free','','',2,1),(443,'',104,8,13,107,0,'FF',9,14,4,'Current:','','',2,2),(444,'',105,8,13,107,0,'FF',9,14,1,'Average:','','',2,3),(445,'',106,8,13,107,0,'FF',9,14,3,'Maximum:','','on',2,4),(446,'',107,8,13,105,35,'FF',8,14,1,'Memory Buffers','','',2,5),(447,'',108,8,13,105,0,'FF',9,14,4,'Current:','','',2,6),(448,'',109,8,13,105,0,'FF',9,14,1,'Average:','','',2,7),(449,'',110,8,13,105,0,'FF',9,14,3,'Maximum:','','on',2,8),(450,'',403,8,13,106,30,'FF',8,14,1,'Cache Memory','','',2,9),(451,'',404,8,13,106,0,'FF',9,14,4,'Current:','','',2,10),(452,'',405,8,13,106,0,'FF',9,14,1,'Average:','','',2,11),(453,'',406,8,13,106,0,'FF',9,14,3,'Maximum:','','on',2,12),(454,'',69,9,9,108,15,'FF',7,0,1,'1 Minute Average','','',2,1),(455,'',70,9,9,108,0,'FF',9,0,4,'Current:','','on',4,2),(456,'',71,9,9,109,8,'FF',8,0,1,'5 Minute Average','','',2,3),(457,'',72,9,9,109,0,'FF',9,0,4,'Current:','','on',4,4),(458,'',73,9,9,110,9,'FF',8,0,1,'15 Minute Average','','',2,5),(459,'',74,9,9,110,0,'FF',9,0,4,'Current:','','on',4,6),(460,'',75,9,9,0,1,'FF',4,12,1,'','','on',2,7),(461,'',76,10,10,111,67,'FF',7,0,1,'Users','','',2,1),(462,'',77,10,10,111,0,'FF',9,0,4,'Current:','','',3,2),(463,'',78,10,10,111,0,'FF',9,0,1,'Average:','','',3,3),(464,'',79,10,10,111,0,'FF',9,0,3,'Maximum:','','on',3,4),(465,'',65,11,8,112,48,'FF',7,0,1,'Running Processes','','',2,1),(466,'',66,11,8,112,0,'FF',9,0,4,'Current:','','',3,2),(467,'',67,11,8,112,0,'FF',9,0,1,'Average:','','',3,3),(468,'',68,11,8,112,0,'FF',9,0,3,'Maximum:','','on',3,4),(469,'',9,12,2,113,22,'FF',7,2,1,'Inbound','','',2,1),(470,'',10,12,2,113,0,'FF',9,2,4,'Current:','','',2,2),(471,'',11,12,2,113,0,'FF',9,2,1,'Average:','','',2,3),(472,'',12,12,2,113,0,'FF',9,2,3,'Maximum:','','on',2,4),(473,'',13,12,2,114,20,'FF',4,2,1,'Outbound','','',2,5),(474,'',14,12,2,114,0,'FF',9,2,4,'Current:','','',2,6),(475,'',15,12,2,114,0,'FF',9,2,1,'Average:','','',2,7),(476,'',16,12,2,114,0,'FF',9,2,3,'Maximum:','','on',2,8),(477,'',9,13,2,115,22,'FF',7,2,1,'Inbound','','',2,1),(478,'',10,13,2,115,0,'FF',9,2,4,'Current:','','',2,2),(479,'',11,13,2,115,0,'FF',9,2,1,'Average:','','',2,3),(480,'',12,13,2,115,0,'FF',9,2,3,'Maximum:','','on',2,4),(481,'',13,13,2,116,20,'FF',4,2,1,'Outbound','','',2,5),(482,'',14,13,2,116,0,'FF',9,2,4,'Current:','','',2,6),(483,'',15,13,2,116,0,'FF',9,2,1,'Average:','','',2,7),(484,'',16,13,2,116,0,'FF',9,2,3,'Maximum:','','on',2,8),(485,'',9,14,2,117,22,'FF',7,2,1,'Inbound','','',2,1),(486,'',10,14,2,117,0,'FF',9,2,4,'Current:','','',2,2),(487,'',11,14,2,117,0,'FF',9,2,1,'Average:','','',2,3),(488,'',12,14,2,117,0,'FF',9,2,3,'Maximum:','','on',2,4),(489,'',13,14,2,118,20,'FF',4,2,1,'Outbound','','',2,5),(490,'',14,14,2,118,0,'FF',9,2,4,'Current:','','',2,6),(491,'',15,14,2,118,0,'FF',9,2,1,'Average:','','',2,7),(492,'',16,14,2,118,0,'FF',9,2,3,'Maximum:','','on',2,8),(493,'',9,15,2,119,22,'FF',7,2,1,'Inbound','','',2,1),(494,'',10,15,2,119,0,'FF',9,2,4,'Current:','','',2,2),(495,'',11,15,2,119,0,'FF',9,2,1,'Average:','','',2,3),(496,'',12,15,2,119,0,'FF',9,2,3,'Maximum:','','on',2,4),(497,'',13,15,2,120,20,'FF',4,2,1,'Outbound','','',2,5),(498,'',14,15,2,120,0,'FF',9,2,4,'Current:','','',2,6),(499,'',15,15,2,120,0,'FF',9,2,1,'Average:','','',2,7),(500,'',16,15,2,120,0,'FF',9,2,3,'Maximum:','','on',2,8),(501,'',9,16,2,121,22,'FF',7,2,1,'Inbound','','',2,1),(502,'',10,16,2,121,0,'FF',9,2,4,'Current:','','',2,2),(503,'',11,16,2,121,0,'FF',9,2,1,'Average:','','',2,3),(504,'',12,16,2,121,0,'FF',9,2,3,'Maximum:','','on',2,4),(505,'',13,16,2,122,20,'FF',4,2,1,'Outbound','','',2,5),(506,'',14,16,2,122,0,'FF',9,2,4,'Current:','','',2,6),(507,'',15,16,2,122,0,'FF',9,2,1,'Average:','','',2,7),(508,'',16,16,2,122,0,'FF',9,2,3,'Maximum:','','on',2,8),(509,'',167,17,21,124,48,'FF',7,14,1,'Used','','',2,1),(510,'',169,17,21,124,0,'FF',9,14,4,'Current:','','',2,2),(511,'',170,17,21,124,0,'FF',9,14,1,'Average:','','',2,3),(512,'',171,17,21,124,0,'FF',9,14,3,'Maximum:','','on',2,4),(513,'',172,17,21,123,20,'FF',8,14,1,'Available','','',2,5),(514,'',173,17,21,123,0,'FF',9,14,4,'Current:','','',2,6),(515,'',174,17,21,123,0,'FF',9,14,1,'Average:','','',2,7),(516,'',175,17,21,123,0,'FF',9,14,3,'Maximum:','','on',2,8),(517,'',176,17,21,0,1,'FF',5,15,1,'Total','','',2,9),(518,'',177,17,21,0,0,'FF',9,15,4,'Current:','','',2,10),(519,'',178,17,21,0,0,'FF',9,15,1,'Average:','','',2,11),(520,'',179,17,21,0,0,'FF',9,15,3,'Maximum:','','on',2,12),(540,'',40,19,4,127,0,'FF',9,0,3,'Maximum:','','on',2,12),(541,'',41,19,4,0,1,'FF',4,12,1,'Total','','',2,13),(542,'',42,19,4,0,0,'FF',9,12,4,'Current:','','',2,14),(543,'',43,19,4,0,0,'FF',9,12,1,'Average:','','',2,15),(544,'',44,19,4,0,0,'FF',9,12,3,'Maximum:','','on',2,16),(545,'',80,20,11,130,15,'FF',7,0,1,'1 Minute Average','','',2,1),(546,'',81,20,11,130,0,'FF',9,0,4,'Current:','','on',4,2),(547,'',82,20,11,132,8,'FF',8,0,1,'5 Minute Average','','',2,3),(548,'',83,20,11,132,0,'FF',9,0,4,'Current:','','on',4,4),(549,'',84,20,11,131,9,'FF',8,0,1,'15 Minute Average','','',2,5),(550,'',85,20,11,131,0,'FF',9,0,4,'Current:','','on',4,6),(551,'',86,20,11,0,1,'FF',4,12,1,'Total','','on',2,7),(552,'',103,21,13,135,52,'FF',7,14,1,'Memory Free','','',2,1),(553,'',104,21,13,135,0,'FF',9,14,4,'Current:','','',2,2),(554,'',105,21,13,135,0,'FF',9,14,1,'Average:','','',2,3),(555,'',106,21,13,135,0,'FF',9,14,3,'Maximum:','','on',2,4),(556,'',107,21,13,133,35,'FF',8,14,1,'Memory Buffers','','',2,5),(557,'',108,21,13,133,0,'FF',9,14,4,'Current:','','',2,6),(558,'',109,21,13,133,0,'FF',9,14,1,'Average:','','',2,7),(559,'',110,21,13,133,0,'FF',9,14,3,'Maximum:','','on',2,8),(560,'',403,21,13,134,30,'FF',8,14,1,'Cache Memory','','',2,9),(561,'',404,21,13,134,0,'FF',9,14,4,'Current:','','',2,10),(562,'',405,21,13,134,0,'FF',9,14,1,'Average:','','',2,11),(563,'',406,21,13,134,0,'FF',9,14,3,'Maximum:','','on',2,12),(564,'',69,22,9,136,15,'FF',7,0,1,'1 Minute Average','','',2,1),(565,'',70,22,9,136,0,'FF',9,0,4,'Current:','','on',4,2),(566,'',71,22,9,137,8,'FF',8,0,1,'5 Minute Average','','',2,3),(567,'',72,22,9,137,0,'FF',9,0,4,'Current:','','on',4,4),(568,'',73,22,9,138,9,'FF',8,0,1,'15 Minute Average','','',2,5),(569,'',74,22,9,138,0,'FF',9,0,4,'Current:','','on',4,6),(570,'',75,22,9,0,1,'FF',4,12,1,'','','on',2,7),(571,'',76,23,10,139,67,'FF',7,0,1,'Users','','',2,1),(572,'',77,23,10,139,0,'FF',9,0,4,'Current:','','',3,2),(573,'',78,23,10,139,0,'FF',9,0,1,'Average:','','',3,3),(574,'',79,23,10,139,0,'FF',9,0,3,'Maximum:','','on',3,4),(575,'',65,24,8,140,48,'FF',7,0,1,'Running Processes','','',2,1),(576,'',66,24,8,140,0,'FF',9,0,4,'Current:','','',3,2),(577,'',67,24,8,140,0,'FF',9,0,1,'Average:','','',3,3),(578,'',68,24,8,140,0,'FF',9,0,3,'Maximum:','','on',3,4),(579,'',9,25,2,141,22,'FF',7,2,1,'Inbound','','',2,1),(580,'',10,25,2,141,0,'FF',9,2,4,'Current:','','',2,2),(581,'',11,25,2,141,0,'FF',9,2,1,'Average:','','',2,3),(582,'',12,25,2,141,0,'FF',9,2,3,'Maximum:','','on',2,4),(583,'',13,25,2,142,20,'FF',4,2,1,'Outbound','','',2,5),(584,'',14,25,2,142,0,'FF',9,2,4,'Current:','','',2,6),(585,'',15,25,2,142,0,'FF',9,2,1,'Average:','','',2,7),(586,'',16,25,2,142,0,'FF',9,2,3,'Maximum:','','on',2,8),(587,'',9,26,2,143,22,'FF',7,2,1,'Inbound','','',2,1),(588,'',10,26,2,143,0,'FF',9,2,4,'Current:','','',2,2),(589,'',11,26,2,143,0,'FF',9,2,1,'Average:','','',2,3),(590,'',12,26,2,143,0,'FF',9,2,3,'Maximum:','','on',2,4),(591,'',13,26,2,144,20,'FF',4,2,1,'Outbound','','',2,5),(592,'',14,26,2,144,0,'FF',9,2,4,'Current:','','',2,6),(593,'',15,26,2,144,0,'FF',9,2,1,'Average:','','',2,7),(594,'',16,26,2,144,0,'FF',9,2,3,'Maximum:','','on',2,8),(595,'',9,27,2,145,22,'FF',7,2,1,'Inbound','','',2,1),(596,'',10,27,2,145,0,'FF',9,2,4,'Current:','','',2,2),(597,'',11,27,2,145,0,'FF',9,2,1,'Average:','','',2,3),(598,'',12,27,2,145,0,'FF',9,2,3,'Maximum:','','on',2,4),(599,'',13,27,2,146,20,'FF',4,2,1,'Outbound','','',2,5),(600,'',14,27,2,146,0,'FF',9,2,4,'Current:','','',2,6),(601,'',15,27,2,146,0,'FF',9,2,1,'Average:','','',2,7),(602,'',16,27,2,146,0,'FF',9,2,3,'Maximum:','','on',2,8),(603,'',17,28,3,148,48,'FF',7,14,1,'Used','','',2,1),(604,'',18,28,3,148,0,'FF',9,14,4,'Current:','','',2,2),(605,'',19,28,3,148,0,'FF',9,14,1,'Average:','','',2,3),(606,'',20,28,3,148,0,'FF',9,14,3,'Maximum:','','on',2,4),(607,'',21,28,3,147,20,'FF',8,14,1,'Available','','',2,5),(608,'',22,28,3,147,0,'FF',9,14,4,'Current:','','',2,6),(609,'',23,28,3,147,0,'FF',9,14,1,'Average:','','',2,7),(610,'',24,28,3,147,0,'FF',9,14,3,'Maximum:','','on',2,8),(611,'',25,28,3,0,1,'FF',5,15,1,'Total','','',2,9),(612,'',26,28,3,0,0,'FF',9,15,4,'Current:','','',2,10),(613,'',27,28,3,0,0,'FF',9,15,1,'Average:','','',2,11),(614,'',28,28,3,0,0,'FF',9,15,3,'Maximum:','','on',2,12),(615,'',17,29,3,150,48,'FF',7,14,1,'Used','','',2,1),(616,'',18,29,3,150,0,'FF',9,14,4,'Current:','','',2,2),(617,'',19,29,3,150,0,'FF',9,14,1,'Average:','','',2,3),(618,'',20,29,3,150,0,'FF',9,14,3,'Maximum:','','on',2,4),(619,'',21,29,3,149,20,'FF',8,14,1,'Available','','',2,5),(620,'',22,29,3,149,0,'FF',9,14,4,'Current:','','',2,6),(621,'',23,29,3,149,0,'FF',9,14,1,'Average:','','',2,7),(622,'',24,29,3,149,0,'FF',9,14,3,'Maximum:','','on',2,8),(623,'',25,29,3,0,1,'FF',5,15,1,'Total','','',2,9),(624,'',26,29,3,0,0,'FF',9,15,4,'Current:','','',2,10),(625,'',27,29,3,0,0,'FF',9,15,1,'Average:','','',2,11),(626,'',28,29,3,0,0,'FF',9,15,3,'Maximum:','','on',2,12),(627,'',17,30,3,152,48,'FF',7,14,1,'Used','','',2,1),(628,'',18,30,3,152,0,'FF',9,14,4,'Current:','','',2,2),(629,'',19,30,3,152,0,'FF',9,14,1,'Average:','','',2,3),(630,'',20,30,3,152,0,'FF',9,14,3,'Maximum:','','on',2,4),(631,'',21,30,3,151,20,'FF',8,14,1,'Available','','',2,5),(632,'',22,30,3,151,0,'FF',9,14,4,'Current:','','',2,6),(633,'',23,30,3,151,0,'FF',9,14,1,'Average:','','',2,7),(634,'',24,30,3,151,0,'FF',9,14,3,'Maximum:','','on',2,8),(635,'',25,30,3,0,1,'FF',5,15,1,'Total','','',2,9),(636,'',26,30,3,0,0,'FF',9,15,4,'Current:','','',2,10),(637,'',27,30,3,0,0,'FF',9,15,1,'Average:','','',2,11),(638,'',28,30,3,0,0,'FF',9,15,3,'Maximum:','','on',2,12),(639,'',17,31,3,154,48,'FF',7,14,1,'Used','','',2,1),(640,'',18,31,3,154,0,'FF',9,14,4,'Current:','','',2,2),(641,'',19,31,3,154,0,'FF',9,14,1,'Average:','','',2,3),(642,'',20,31,3,154,0,'FF',9,14,3,'Maximum:','','on',2,4),(643,'',21,31,3,153,20,'FF',8,14,1,'Available','','',2,5),(644,'',22,31,3,153,0,'FF',9,14,4,'Current:','','',2,6),(645,'',23,31,3,153,0,'FF',9,14,1,'Average:','','',2,7),(646,'',24,31,3,153,0,'FF',9,14,3,'Maximum:','','on',2,8),(647,'',25,31,3,0,1,'FF',5,15,1,'Total','','',2,9),(648,'',26,31,3,0,0,'FF',9,15,4,'Current:','','',2,10),(649,'',27,31,3,0,0,'FF',9,15,1,'Average:','','',2,11),(650,'',28,31,3,0,0,'FF',9,15,3,'Maximum:','','on',2,12),(651,'',17,32,3,156,48,'FF',7,14,1,'Used','','',2,1),(652,'',18,32,3,156,0,'FF',9,14,4,'Current:','','',2,2),(653,'',19,32,3,156,0,'FF',9,14,1,'Average:','','',2,3),(654,'',20,32,3,156,0,'FF',9,14,3,'Maximum:','','on',2,4),(655,'',21,32,3,155,20,'FF',8,14,1,'Available','','',2,5),(656,'',22,32,3,155,0,'FF',9,14,4,'Current:','','',2,6),(657,'',23,32,3,155,0,'FF',9,14,1,'Average:','','',2,7),(658,'',24,32,3,155,0,'FF',9,14,3,'Maximum:','','on',2,8),(659,'',25,32,3,0,1,'FF',5,15,1,'Total','','',2,9),(660,'',26,32,3,0,0,'FF',9,15,4,'Current:','','',2,10),(661,'',27,32,3,0,0,'FF',9,15,1,'Average:','','',2,11),(662,'',28,32,3,0,0,'FF',9,15,3,'Maximum:','','on',2,12),(663,'',17,33,3,158,48,'FF',7,14,1,'Used','','',2,1),(664,'',18,33,3,158,0,'FF',9,14,4,'Current:','','',2,2),(665,'',19,33,3,158,0,'FF',9,14,1,'Average:','','',2,3),(666,'',20,33,3,158,0,'FF',9,14,3,'Maximum:','','on',2,4),(667,'',21,33,3,157,20,'FF',8,14,1,'Available','','',2,5),(668,'',22,33,3,157,0,'FF',9,14,4,'Current:','','',2,6),(669,'',23,33,3,157,0,'FF',9,14,1,'Average:','','',2,7),(670,'',24,33,3,157,0,'FF',9,14,3,'Maximum:','','on',2,8),(671,'',25,33,3,0,1,'FF',5,15,1,'Total','','',2,9),(672,'',26,33,3,0,0,'FF',9,15,4,'Current:','','',2,10),(673,'',27,33,3,0,0,'FF',9,15,1,'Average:','','',2,11),(674,'',28,33,3,0,0,'FF',9,15,3,'Maximum:','','on',2,12),(675,'',17,34,3,160,48,'FF',7,14,1,'Used','','',2,1),(676,'',18,34,3,160,0,'FF',9,14,4,'Current:','','',2,2),(677,'',19,34,3,160,0,'FF',9,14,1,'Average:','','',2,3),(678,'',20,34,3,160,0,'FF',9,14,3,'Maximum:','','on',2,4),(679,'',21,34,3,159,20,'FF',8,14,1,'Available','','',2,5),(680,'',22,34,3,159,0,'FF',9,14,4,'Current:','','',2,6),(681,'',23,34,3,159,0,'FF',9,14,1,'Average:','','',2,7),(682,'',24,34,3,159,0,'FF',9,14,3,'Maximum:','','on',2,8),(683,'',25,34,3,0,1,'FF',5,15,1,'Total','','',2,9),(684,'',26,34,3,0,0,'FF',9,15,4,'Current:','','',2,10),(685,'',27,34,3,0,0,'FF',9,15,1,'Average:','','',2,11),(686,'',28,34,3,0,0,'FF',9,15,3,'Maximum:','','on',2,12),(687,'',17,35,3,162,48,'FF',7,14,1,'Used','','',2,1),(688,'',18,35,3,162,0,'FF',9,14,4,'Current:','','',2,2),(689,'',19,35,3,162,0,'FF',9,14,1,'Average:','','',2,3),(690,'',20,35,3,162,0,'FF',9,14,3,'Maximum:','','on',2,4),(691,'',21,35,3,161,20,'FF',8,14,1,'Available','','',2,5),(692,'',22,35,3,161,0,'FF',9,14,4,'Current:','','',2,6),(693,'',23,35,3,161,0,'FF',9,14,1,'Average:','','',2,7),(694,'',24,35,3,161,0,'FF',9,14,3,'Maximum:','','on',2,8),(695,'',25,35,3,0,1,'FF',5,15,1,'Total','','',2,9),(696,'',26,35,3,0,0,'FF',9,15,4,'Current:','','',2,10),(697,'',27,35,3,0,0,'FF',9,15,1,'Average:','','',2,11),(698,'',28,35,3,0,0,'FF',9,15,3,'Maximum:','','on',2,12),(699,'',167,36,21,164,48,'FF',7,14,1,'Used','','',2,1),(700,'',169,36,21,164,0,'FF',9,14,4,'Current:','','',2,2),(701,'',170,36,21,164,0,'FF',9,14,1,'Average:','','',2,3),(702,'',171,36,21,164,0,'FF',9,14,3,'Maximum:','','on',2,4),(703,'',172,36,21,163,20,'FF',8,14,1,'Available','','',2,5),(704,'',173,36,21,163,0,'FF',9,14,4,'Current:','','',2,6),(705,'',174,36,21,163,0,'FF',9,14,1,'Average:','','',2,7),(706,'',175,36,21,163,0,'FF',9,14,3,'Maximum:','','on',2,8),(707,'',176,36,21,0,1,'FF',5,15,1,'Total','','',2,9),(708,'',177,36,21,0,0,'FF',9,15,4,'Current:','','',2,10),(709,'',178,36,21,0,0,'FF',9,15,1,'Average:','','',2,11),(710,'',179,36,21,0,0,'FF',9,15,3,'Maximum:','','on',2,12),(711,'',95,37,12,165,41,'FF',7,14,1,'Free','','',2,9),(712,'',96,37,12,165,0,'FF',9,14,4,'Current:','','',2,10),(713,'',97,37,12,165,0,'FF',9,14,1,'Average:','','',2,11),(714,'',98,37,12,165,0,'FF',9,14,3,'Maximum:','','on',2,12),(715,'',99,37,12,166,30,'FF',8,14,1,'Swap','','',2,13),(716,'',100,37,12,166,0,'FF',9,14,4,'Current:','','',2,14),(717,'',101,37,12,166,0,'FF',9,14,1,'Average:','','',2,15),(718,'',102,37,12,166,0,'FF',9,14,3,'Maximum:','','on',2,16),(719,'',29,38,4,168,9,'FF',7,0,1,'System','','',2,1),(720,'',30,38,4,168,0,'FF',9,0,4,'Current:','','',2,2),(721,'',31,38,4,168,0,'FF',9,0,1,'Average:','','',2,3),(722,'',32,38,4,168,0,'FF',9,0,3,'Maximum:','','on',2,4),(723,'',33,38,4,169,21,'FF',8,0,1,'User','','',2,5),(724,'',34,38,4,169,0,'FF',9,0,4,'Current:','','',2,6),(725,'',35,38,4,169,0,'FF',9,0,1,'Average:','','',2,7),(726,'',36,38,4,169,0,'FF',9,0,3,'Maximum:','','on',2,8),(727,'',37,38,4,167,12,'FF',8,0,1,'Nice','','',2,9),(728,'',38,38,4,167,0,'FF',9,0,4,'Current:','','',2,10),(729,'',39,38,4,167,0,'FF',9,0,1,'Average:','','',2,11),(730,'',40,38,4,167,0,'FF',9,0,3,'Maximum:','','on',2,12),(731,'',41,38,4,0,1,'FF',4,12,1,'Total','','',2,13),(732,'',42,38,4,0,0,'FF',9,12,4,'Current:','','',2,14),(733,'',43,38,4,0,0,'FF',9,12,1,'Average:','','',2,15),(734,'',44,38,4,0,0,'FF',9,12,3,'Maximum:','','on',2,16),(735,'',80,39,11,170,15,'FF',7,0,1,'1 Minute Average','','',2,1),(736,'',81,39,11,170,0,'FF',9,0,4,'Current:','','on',4,2),(737,'',82,39,11,172,8,'FF',8,0,1,'5 Minute Average','','',2,3),(738,'',83,39,11,172,0,'FF',9,0,4,'Current:','','on',4,4),(739,'',84,39,11,171,9,'FF',8,0,1,'15 Minute Average','','',2,5),(740,'',85,39,11,171,0,'FF',9,0,4,'Current:','','on',4,6),(741,'',86,39,11,0,1,'FF',4,12,1,'Total','','on',2,7),(742,'',103,40,13,175,52,'FF',7,14,1,'Memory Free','','',2,1),(743,'',104,40,13,175,0,'FF',9,14,4,'Current:','','',2,2),(744,'',105,40,13,175,0,'FF',9,14,1,'Average:','','',2,3),(745,'',106,40,13,175,0,'FF',9,14,3,'Maximum:','','on',2,4),(746,'',107,40,13,173,35,'FF',8,14,1,'Memory Buffers','','',2,5),(747,'',108,40,13,173,0,'FF',9,14,4,'Current:','','',2,6),(748,'',109,40,13,173,0,'FF',9,14,1,'Average:','','',2,7),(749,'',110,40,13,173,0,'FF',9,14,3,'Maximum:','','on',2,8),(750,'',403,40,13,174,30,'FF',8,14,1,'Cache Memory','','',2,9),(751,'',404,40,13,174,0,'FF',9,14,4,'Current:','','',2,10),(752,'',405,40,13,174,0,'FF',9,14,1,'Average:','','',2,11),(753,'',406,40,13,174,0,'FF',9,14,3,'Maximum:','','on',2,12),(754,'',69,41,9,176,15,'FF',7,0,1,'1 Minute Average','','',2,1),(755,'',70,41,9,176,0,'FF',9,0,4,'Current:','','on',4,2),(756,'',71,41,9,177,8,'FF',8,0,1,'5 Minute Average','','',2,3),(757,'',72,41,9,177,0,'FF',9,0,4,'Current:','','on',4,4),(758,'',73,41,9,178,9,'FF',8,0,1,'15 Minute Average','','',2,5),(759,'',74,41,9,178,0,'FF',9,0,4,'Current:','','on',4,6),(760,'',75,41,9,0,1,'FF',4,12,1,'','','on',2,7),(761,'',76,42,10,179,67,'FF',7,0,1,'Users','','',2,1),(762,'',77,42,10,179,0,'FF',9,0,4,'Current:','','',3,2),(763,'',78,42,10,179,0,'FF',9,0,1,'Average:','','',3,3),(764,'',79,42,10,179,0,'FF',9,0,3,'Maximum:','','on',3,4),(765,'',65,43,8,180,48,'FF',7,0,1,'Running Processes','','',2,1),(766,'',66,43,8,180,0,'FF',9,0,4,'Current:','','',3,2),(767,'',67,43,8,180,0,'FF',9,0,1,'Average:','','',3,3),(768,'',68,43,8,180,0,'FF',9,0,3,'Maximum:','','on',3,4),(769,'',9,44,2,181,22,'FF',7,2,1,'Inbound','','',2,1),(770,'',10,44,2,181,0,'FF',9,2,4,'Current:','','',2,2),(771,'',11,44,2,181,0,'FF',9,2,1,'Average:','','',2,3),(772,'',12,44,2,181,0,'FF',9,2,3,'Maximum:','','on',2,4),(773,'',13,44,2,182,20,'FF',4,2,1,'Outbound','','',2,5),(774,'',14,44,2,182,0,'FF',9,2,4,'Current:','','',2,6),(775,'',15,44,2,182,0,'FF',9,2,1,'Average:','','',2,7),(776,'',16,44,2,182,0,'FF',9,2,3,'Maximum:','','on',2,8),(777,'',9,45,2,183,22,'FF',7,2,1,'Inbound','','',2,1),(778,'',10,45,2,183,0,'FF',9,2,4,'Current:','','',2,2),(779,'',11,45,2,183,0,'FF',9,2,1,'Average:','','',2,3),(780,'',12,45,2,183,0,'FF',9,2,3,'Maximum:','','on',2,4),(781,'',13,45,2,184,20,'FF',4,2,1,'Outbound','','',2,5),(782,'',14,45,2,184,0,'FF',9,2,4,'Current:','','',2,6),(783,'',15,45,2,184,0,'FF',9,2,1,'Average:','','',2,7),(784,'',16,45,2,184,0,'FF',9,2,3,'Maximum:','','on',2,8),(785,'',9,46,2,185,22,'FF',7,2,1,'Inbound','','',2,1),(786,'',10,46,2,185,0,'FF',9,2,4,'Current:','','',2,2),(787,'',11,46,2,185,0,'FF',9,2,1,'Average:','','',2,3),(788,'',12,46,2,185,0,'FF',9,2,3,'Maximum:','','on',2,4),(789,'',13,46,2,186,20,'FF',4,2,1,'Outbound','','',2,5),(790,'',14,46,2,186,0,'FF',9,2,4,'Current:','','',2,6),(791,'',15,46,2,186,0,'FF',9,2,1,'Average:','','',2,7),(792,'',16,46,2,186,0,'FF',9,2,3,'Maximum:','','on',2,8),(793,'',17,47,3,188,48,'FF',7,14,1,'Used','','',2,1),(794,'',18,47,3,188,0,'FF',9,14,4,'Current:','','',2,2),(795,'',19,47,3,188,0,'FF',9,14,1,'Average:','','',2,3),(796,'',20,47,3,188,0,'FF',9,14,3,'Maximum:','','on',2,4),(797,'',21,47,3,187,20,'FF',8,14,1,'Available','','',2,5),(798,'',22,47,3,187,0,'FF',9,14,4,'Current:','','',2,6),(799,'',23,47,3,187,0,'FF',9,14,1,'Average:','','',2,7),(800,'',24,47,3,187,0,'FF',9,14,3,'Maximum:','','on',2,8),(801,'',25,47,3,0,1,'FF',5,15,1,'Total','','',2,9),(802,'',26,47,3,0,0,'FF',9,15,4,'Current:','','',2,10),(803,'',27,47,3,0,0,'FF',9,15,1,'Average:','','',2,11),(804,'',28,47,3,0,0,'FF',9,15,3,'Maximum:','','on',2,12),(805,'',17,48,3,190,48,'FF',7,14,1,'Used','','',2,1),(806,'',18,48,3,190,0,'FF',9,14,4,'Current:','','',2,2),(807,'',19,48,3,190,0,'FF',9,14,1,'Average:','','',2,3),(808,'',20,48,3,190,0,'FF',9,14,3,'Maximum:','','on',2,4),(809,'',21,48,3,189,20,'FF',8,14,1,'Available','','',2,5),(810,'',22,48,3,189,0,'FF',9,14,4,'Current:','','',2,6),(811,'',23,48,3,189,0,'FF',9,14,1,'Average:','','',2,7),(812,'',24,48,3,189,0,'FF',9,14,3,'Maximum:','','on',2,8),(813,'',25,48,3,0,1,'FF',5,15,1,'Total','','',2,9),(814,'',26,48,3,0,0,'FF',9,15,4,'Current:','','',2,10),(815,'',27,48,3,0,0,'FF',9,15,1,'Average:','','',2,11),(816,'',28,48,3,0,0,'FF',9,15,3,'Maximum:','','on',2,12),(817,'',17,49,3,192,48,'FF',7,14,1,'Used','','',2,1),(818,'',18,49,3,192,0,'FF',9,14,4,'Current:','','',2,2),(819,'',19,49,3,192,0,'FF',9,14,1,'Average:','','',2,3),(820,'',20,49,3,192,0,'FF',9,14,3,'Maximum:','','on',2,4),(821,'',21,49,3,191,20,'FF',8,14,1,'Available','','',2,5),(822,'',22,49,3,191,0,'FF',9,14,4,'Current:','','',2,6),(823,'',23,49,3,191,0,'FF',9,14,1,'Average:','','',2,7),(824,'',24,49,3,191,0,'FF',9,14,3,'Maximum:','','on',2,8),(825,'',25,49,3,0,1,'FF',5,15,1,'Total','','',2,9),(826,'',26,49,3,0,0,'FF',9,15,4,'Current:','','',2,10),(827,'',27,49,3,0,0,'FF',9,15,1,'Average:','','',2,11),(828,'',28,49,3,0,0,'FF',9,15,3,'Maximum:','','on',2,12),(829,'',17,50,3,194,48,'FF',7,14,1,'Used','','',2,1),(830,'',18,50,3,194,0,'FF',9,14,4,'Current:','','',2,2),(831,'',19,50,3,194,0,'FF',9,14,1,'Average:','','',2,3),(832,'',20,50,3,194,0,'FF',9,14,3,'Maximum:','','on',2,4),(833,'',21,50,3,193,20,'FF',8,14,1,'Available','','',2,5),(834,'',22,50,3,193,0,'FF',9,14,4,'Current:','','',2,6),(835,'',23,50,3,193,0,'FF',9,14,1,'Average:','','',2,7),(836,'',24,50,3,193,0,'FF',9,14,3,'Maximum:','','on',2,8),(837,'',25,50,3,0,1,'FF',5,15,1,'Total','','',2,9),(838,'',26,50,3,0,0,'FF',9,15,4,'Current:','','',2,10),(839,'',27,50,3,0,0,'FF',9,15,1,'Average:','','',2,11),(840,'',28,50,3,0,0,'FF',9,15,3,'Maximum:','','on',2,12),(841,'',17,51,3,196,48,'FF',7,14,1,'Used','','',2,1),(842,'',18,51,3,196,0,'FF',9,14,4,'Current:','','',2,2),(843,'',19,51,3,196,0,'FF',9,14,1,'Average:','','',2,3),(844,'',20,51,3,196,0,'FF',9,14,3,'Maximum:','','on',2,4),(845,'',21,51,3,195,20,'FF',8,14,1,'Available','','',2,5),(846,'',22,51,3,195,0,'FF',9,14,4,'Current:','','',2,6),(847,'',23,51,3,195,0,'FF',9,14,1,'Average:','','',2,7),(848,'',24,51,3,195,0,'FF',9,14,3,'Maximum:','','on',2,8),(849,'',25,51,3,0,1,'FF',5,15,1,'Total','','',2,9),(850,'',26,51,3,0,0,'FF',9,15,4,'Current:','','',2,10),(851,'',27,51,3,0,0,'FF',9,15,1,'Average:','','',2,11),(852,'',28,51,3,0,0,'FF',9,15,3,'Maximum:','','on',2,12),(853,'',17,52,3,198,48,'FF',7,14,1,'Used','','',2,1),(854,'',18,52,3,198,0,'FF',9,14,4,'Current:','','',2,2),(855,'',19,52,3,198,0,'FF',9,14,1,'Average:','','',2,3),(856,'',20,52,3,198,0,'FF',9,14,3,'Maximum:','','on',2,4),(857,'',21,52,3,197,20,'FF',8,14,1,'Available','','',2,5),(858,'',22,52,3,197,0,'FF',9,14,4,'Current:','','',2,6),(859,'',23,52,3,197,0,'FF',9,14,1,'Average:','','',2,7),(860,'',24,52,3,197,0,'FF',9,14,3,'Maximum:','','on',2,8),(861,'',25,52,3,0,1,'FF',5,15,1,'Total','','',2,9),(862,'',26,52,3,0,0,'FF',9,15,4,'Current:','','',2,10),(863,'',27,52,3,0,0,'FF',9,15,1,'Average:','','',2,11),(864,'',28,52,3,0,0,'FF',9,15,3,'Maximum:','','on',2,12),(865,'',17,53,3,200,48,'FF',7,14,1,'Used','','',2,1),(866,'',18,53,3,200,0,'FF',9,14,4,'Current:','','',2,2),(867,'',19,53,3,200,0,'FF',9,14,1,'Average:','','',2,3),(868,'',20,53,3,200,0,'FF',9,14,3,'Maximum:','','on',2,4),(869,'',21,53,3,199,20,'FF',8,14,1,'Available','','',2,5),(870,'',22,53,3,199,0,'FF',9,14,4,'Current:','','',2,6),(871,'',23,53,3,199,0,'FF',9,14,1,'Average:','','',2,7),(872,'',24,53,3,199,0,'FF',9,14,3,'Maximum:','','on',2,8),(873,'',25,53,3,0,1,'FF',5,15,1,'Total','','',2,9),(874,'',26,53,3,0,0,'FF',9,15,4,'Current:','','',2,10),(875,'',27,53,3,0,0,'FF',9,15,1,'Average:','','',2,11),(876,'',28,53,3,0,0,'FF',9,15,3,'Maximum:','','on',2,12),(877,'',17,54,3,202,48,'FF',7,14,1,'Used','','',2,1),(878,'',18,54,3,202,0,'FF',9,14,4,'Current:','','',2,2),(879,'',19,54,3,202,0,'FF',9,14,1,'Average:','','',2,3),(880,'',20,54,3,202,0,'FF',9,14,3,'Maximum:','','on',2,4),(881,'',21,54,3,201,20,'FF',8,14,1,'Available','','',2,5),(882,'',22,54,3,201,0,'FF',9,14,4,'Current:','','',2,6),(883,'',23,54,3,201,0,'FF',9,14,1,'Average:','','',2,7),(884,'',24,54,3,201,0,'FF',9,14,3,'Maximum:','','on',2,8),(885,'',25,54,3,0,1,'FF',5,15,1,'Total','','',2,9),(886,'',26,54,3,0,0,'FF',9,15,4,'Current:','','',2,10),(887,'',27,54,3,0,0,'FF',9,15,1,'Average:','','',2,11),(888,'',28,54,3,0,0,'FF',9,15,3,'Maximum:','','on',2,12),(889,'',167,55,21,204,48,'FF',7,14,1,'Used','','',2,1),(890,'',169,55,21,204,0,'FF',9,14,4,'Current:','','',2,2),(891,'',170,55,21,204,0,'FF',9,14,1,'Average:','','',2,3),(892,'',171,55,21,204,0,'FF',9,14,3,'Maximum:','','on',2,4),(893,'',172,55,21,203,20,'FF',8,14,1,'Available','','',2,5),(894,'',173,55,21,203,0,'FF',9,14,4,'Current:','','',2,6),(895,'',174,55,21,203,0,'FF',9,14,1,'Average:','','',2,7),(896,'',175,55,21,203,0,'FF',9,14,3,'Maximum:','','on',2,8),(897,'',176,55,21,0,1,'FF',5,15,1,'Total','','',2,9),(898,'',177,55,21,0,0,'FF',9,15,4,'Current:','','',2,10),(899,'',178,55,21,0,0,'FF',9,15,1,'Average:','','',2,11),(900,'',179,55,21,0,0,'FF',9,15,3,'Maximum:','','on',2,12),(901,'',95,56,12,205,41,'FF',7,14,1,'Free','','',2,9),(902,'',96,56,12,205,0,'FF',9,14,4,'Current:','','',2,10),(903,'',97,56,12,205,0,'FF',9,14,1,'Average:','','',2,11),(904,'',98,56,12,205,0,'FF',9,14,3,'Maximum:','','on',2,12),(905,'',99,56,12,206,30,'FF',8,14,1,'Swap','','',2,13),(906,'',100,56,12,206,0,'FF',9,14,4,'Current:','','',2,14),(907,'',101,56,12,206,0,'FF',9,14,1,'Average:','','',2,15),(908,'',102,56,12,206,0,'FF',9,14,3,'Maximum:','','on',2,16),(909,'',29,57,4,208,9,'FF',7,0,1,'System','','',2,1),(910,'',30,57,4,208,0,'FF',9,0,4,'Current:','','',2,2),(911,'',31,57,4,208,0,'FF',9,0,1,'Average:','','',2,3),(912,'',32,57,4,208,0,'FF',9,0,3,'Maximum:','','on',2,4),(913,'',33,57,4,209,21,'FF',8,0,1,'User','','',2,5),(914,'',34,57,4,209,0,'FF',9,0,4,'Current:','','',2,6),(915,'',35,57,4,209,0,'FF',9,0,1,'Average:','','',2,7),(916,'',36,57,4,209,0,'FF',9,0,3,'Maximum:','','on',2,8),(917,'',37,57,4,207,12,'FF',8,0,1,'Nice','','',2,9),(918,'',38,57,4,207,0,'FF',9,0,4,'Current:','','',2,10),(919,'',39,57,4,207,0,'FF',9,0,1,'Average:','','',2,11),(920,'',40,57,4,207,0,'FF',9,0,3,'Maximum:','','on',2,12),(921,'',41,57,4,0,1,'FF',4,12,1,'Total','','',2,13),(922,'',42,57,4,0,0,'FF',9,12,4,'Current:','','',2,14),(923,'',43,57,4,0,0,'FF',9,12,1,'Average:','','',2,15),(924,'',44,57,4,0,0,'FF',9,12,3,'Maximum:','','on',2,16),(925,'',80,58,11,210,15,'FF',7,0,1,'1 Minute Average','','',2,1),(926,'',81,58,11,210,0,'FF',9,0,4,'Current:','','on',4,2),(927,'',82,58,11,212,8,'FF',8,0,1,'5 Minute Average','','',2,3),(928,'',83,58,11,212,0,'FF',9,0,4,'Current:','','on',4,4),(929,'',84,58,11,211,9,'FF',8,0,1,'15 Minute Average','','',2,5),(930,'',85,58,11,211,0,'FF',9,0,4,'Current:','','on',4,6),(931,'',86,58,11,0,1,'FF',4,12,1,'Total','','on',2,7),(932,'',103,59,13,215,52,'FF',7,14,1,'Memory Free','','',2,1),(933,'',104,59,13,215,0,'FF',9,14,4,'Current:','','',2,2),(934,'',105,59,13,215,0,'FF',9,14,1,'Average:','','',2,3),(935,'',106,59,13,215,0,'FF',9,14,3,'Maximum:','','on',2,4),(936,'',107,59,13,213,35,'FF',8,14,1,'Memory Buffers','','',2,5),(937,'',108,59,13,213,0,'FF',9,14,4,'Current:','','',2,6),(938,'',109,59,13,213,0,'FF',9,14,1,'Average:','','',2,7),(939,'',110,59,13,213,0,'FF',9,14,3,'Maximum:','','on',2,8),(940,'',403,59,13,214,30,'FF',8,14,1,'Cache Memory','','',2,9),(941,'',404,59,13,214,0,'FF',9,14,4,'Current:','','',2,10),(942,'',405,59,13,214,0,'FF',9,14,1,'Average:','','',2,11),(943,'',406,59,13,214,0,'FF',9,14,3,'Maximum:','','on',2,12),(944,'',69,60,9,216,15,'FF',7,0,1,'1 Minute Average','','',2,1),(945,'',70,60,9,216,0,'FF',9,0,4,'Current:','','on',4,2),(946,'',71,60,9,217,8,'FF',8,0,1,'5 Minute Average','','',2,3),(947,'',72,60,9,217,0,'FF',9,0,4,'Current:','','on',4,4),(948,'',73,60,9,218,9,'FF',8,0,1,'15 Minute Average','','',2,5),(949,'',74,60,9,218,0,'FF',9,0,4,'Current:','','on',4,6),(950,'',75,60,9,0,1,'FF',4,12,1,'','','on',2,7),(951,'',76,61,10,219,67,'FF',7,0,1,'Users','','',2,1),(952,'',77,61,10,219,0,'FF',9,0,4,'Current:','','',3,2),(953,'',78,61,10,219,0,'FF',9,0,1,'Average:','','',3,3),(954,'',79,61,10,219,0,'FF',9,0,3,'Maximum:','','on',3,4),(955,'',65,62,8,220,48,'FF',7,0,1,'Running Processes','','',2,1),(956,'',66,62,8,220,0,'FF',9,0,4,'Current:','','',3,2),(957,'',67,62,8,220,0,'FF',9,0,1,'Average:','','',3,3),(958,'',68,62,8,220,0,'FF',9,0,3,'Maximum:','','on',3,4),(959,'',9,63,2,221,22,'FF',7,2,1,'Inbound','','',2,1),(960,'',10,63,2,221,0,'FF',9,2,4,'Current:','','',2,2),(961,'',11,63,2,221,0,'FF',9,2,1,'Average:','','',2,3),(962,'',12,63,2,221,0,'FF',9,2,3,'Maximum:','','on',2,4),(963,'',13,63,2,222,20,'FF',4,2,1,'Outbound','','',2,5),(964,'',14,63,2,222,0,'FF',9,2,4,'Current:','','',2,6),(965,'',15,63,2,222,0,'FF',9,2,1,'Average:','','',2,7),(966,'',16,63,2,222,0,'FF',9,2,3,'Maximum:','','on',2,8),(967,'',9,64,2,223,22,'FF',7,2,1,'Inbound','','',2,1),(968,'',10,64,2,223,0,'FF',9,2,4,'Current:','','',2,2),(969,'',11,64,2,223,0,'FF',9,2,1,'Average:','','',2,3),(970,'',12,64,2,223,0,'FF',9,2,3,'Maximum:','','on',2,4),(971,'',13,64,2,224,20,'FF',4,2,1,'Outbound','','',2,5),(972,'',14,64,2,224,0,'FF',9,2,4,'Current:','','',2,6),(973,'',15,64,2,224,0,'FF',9,2,1,'Average:','','',2,7),(974,'',16,64,2,224,0,'FF',9,2,3,'Maximum:','','on',2,8),(975,'',9,65,2,225,22,'FF',7,2,1,'Inbound','','',2,1),(976,'',10,65,2,225,0,'FF',9,2,4,'Current:','','',2,2),(977,'',11,65,2,225,0,'FF',9,2,1,'Average:','','',2,3),(978,'',12,65,2,225,0,'FF',9,2,3,'Maximum:','','on',2,4),(979,'',13,65,2,226,20,'FF',4,2,1,'Outbound','','',2,5),(980,'',14,65,2,226,0,'FF',9,2,4,'Current:','','',2,6),(981,'',15,65,2,226,0,'FF',9,2,1,'Average:','','',2,7),(982,'',16,65,2,226,0,'FF',9,2,3,'Maximum:','','on',2,8),(983,'',17,66,3,228,48,'FF',7,14,1,'Used','','',2,1),(984,'',18,66,3,228,0,'FF',9,14,4,'Current:','','',2,2),(985,'',19,66,3,228,0,'FF',9,14,1,'Average:','','',2,3),(986,'',20,66,3,228,0,'FF',9,14,3,'Maximum:','','on',2,4),(987,'',21,66,3,227,20,'FF',8,14,1,'Available','','',2,5),(988,'',22,66,3,227,0,'FF',9,14,4,'Current:','','',2,6),(989,'',23,66,3,227,0,'FF',9,14,1,'Average:','','',2,7),(990,'',24,66,3,227,0,'FF',9,14,3,'Maximum:','','on',2,8),(991,'',25,66,3,0,1,'FF',5,15,1,'Total','','',2,9),(992,'',26,66,3,0,0,'FF',9,15,4,'Current:','','',2,10),(993,'',27,66,3,0,0,'FF',9,15,1,'Average:','','',2,11),(994,'',28,66,3,0,0,'FF',9,15,3,'Maximum:','','on',2,12),(995,'',17,67,3,230,48,'FF',7,14,1,'Used','','',2,1),(996,'',18,67,3,230,0,'FF',9,14,4,'Current:','','',2,2),(997,'',19,67,3,230,0,'FF',9,14,1,'Average:','','',2,3),(998,'',20,67,3,230,0,'FF',9,14,3,'Maximum:','','on',2,4),(999,'',21,67,3,229,20,'FF',8,14,1,'Available','','',2,5),(1000,'',22,67,3,229,0,'FF',9,14,4,'Current:','','',2,6),(1001,'',23,67,3,229,0,'FF',9,14,1,'Average:','','',2,7),(1002,'',24,67,3,229,0,'FF',9,14,3,'Maximum:','','on',2,8),(1003,'',25,67,3,0,1,'FF',5,15,1,'Total','','',2,9),(1004,'',26,67,3,0,0,'FF',9,15,4,'Current:','','',2,10),(1005,'',27,67,3,0,0,'FF',9,15,1,'Average:','','',2,11),(1006,'',28,67,3,0,0,'FF',9,15,3,'Maximum:','','on',2,12),(1007,'',17,68,3,232,48,'FF',7,14,1,'Used','','',2,1),(1008,'',18,68,3,232,0,'FF',9,14,4,'Current:','','',2,2),(1009,'',19,68,3,232,0,'FF',9,14,1,'Average:','','',2,3),(1010,'',20,68,3,232,0,'FF',9,14,3,'Maximum:','','on',2,4),(1011,'',21,68,3,231,20,'FF',8,14,1,'Available','','',2,5),(1012,'',22,68,3,231,0,'FF',9,14,4,'Current:','','',2,6),(1013,'',23,68,3,231,0,'FF',9,14,1,'Average:','','',2,7),(1014,'',24,68,3,231,0,'FF',9,14,3,'Maximum:','','on',2,8),(1015,'',25,68,3,0,1,'FF',5,15,1,'Total','','',2,9),(1016,'',26,68,3,0,0,'FF',9,15,4,'Current:','','',2,10),(1017,'',27,68,3,0,0,'FF',9,15,1,'Average:','','',2,11),(1018,'',28,68,3,0,0,'FF',9,15,3,'Maximum:','','on',2,12),(1019,'',17,69,3,234,48,'FF',7,14,1,'Used','','',2,1),(1020,'',18,69,3,234,0,'FF',9,14,4,'Current:','','',2,2),(1021,'',19,69,3,234,0,'FF',9,14,1,'Average:','','',2,3),(1022,'',20,69,3,234,0,'FF',9,14,3,'Maximum:','','on',2,4),(1023,'',21,69,3,233,20,'FF',8,14,1,'Available','','',2,5),(1024,'',22,69,3,233,0,'FF',9,14,4,'Current:','','',2,6),(1025,'',23,69,3,233,0,'FF',9,14,1,'Average:','','',2,7),(1026,'',24,69,3,233,0,'FF',9,14,3,'Maximum:','','on',2,8),(1027,'',25,69,3,0,1,'FF',5,15,1,'Total','','',2,9),(1028,'',26,69,3,0,0,'FF',9,15,4,'Current:','','',2,10),(1029,'',27,69,3,0,0,'FF',9,15,1,'Average:','','',2,11),(1030,'',28,69,3,0,0,'FF',9,15,3,'Maximum:','','on',2,12),(1031,'',17,70,3,236,48,'FF',7,14,1,'Used','','',2,1),(1032,'',18,70,3,236,0,'FF',9,14,4,'Current:','','',2,2),(1033,'',19,70,3,236,0,'FF',9,14,1,'Average:','','',2,3),(1034,'',20,70,3,236,0,'FF',9,14,3,'Maximum:','','on',2,4),(1035,'',21,70,3,235,20,'FF',8,14,1,'Available','','',2,5),(1036,'',22,70,3,235,0,'FF',9,14,4,'Current:','','',2,6),(1037,'',23,70,3,235,0,'FF',9,14,1,'Average:','','',2,7),(1038,'',24,70,3,235,0,'FF',9,14,3,'Maximum:','','on',2,8),(1039,'',25,70,3,0,1,'FF',5,15,1,'Total','','',2,9),(1040,'',26,70,3,0,0,'FF',9,15,4,'Current:','','',2,10),(1041,'',27,70,3,0,0,'FF',9,15,1,'Average:','','',2,11),(1042,'',28,70,3,0,0,'FF',9,15,3,'Maximum:','','on',2,12),(1043,'',17,71,3,238,48,'FF',7,14,1,'Used','','',2,1),(1044,'',18,71,3,238,0,'FF',9,14,4,'Current:','','',2,2),(1045,'',19,71,3,238,0,'FF',9,14,1,'Average:','','',2,3),(1046,'',20,71,3,238,0,'FF',9,14,3,'Maximum:','','on',2,4),(1047,'',21,71,3,237,20,'FF',8,14,1,'Available','','',2,5),(1048,'',22,71,3,237,0,'FF',9,14,4,'Current:','','',2,6),(1049,'',23,71,3,237,0,'FF',9,14,1,'Average:','','',2,7),(1050,'',24,71,3,237,0,'FF',9,14,3,'Maximum:','','on',2,8),(1051,'',25,71,3,0,1,'FF',5,15,1,'Total','','',2,9),(1052,'',26,71,3,0,0,'FF',9,15,4,'Current:','','',2,10),(1053,'',27,71,3,0,0,'FF',9,15,1,'Average:','','',2,11),(1054,'',28,71,3,0,0,'FF',9,15,3,'Maximum:','','on',2,12),(1055,'',17,72,3,240,48,'FF',7,14,1,'Used','','',2,1),(1056,'',18,72,3,240,0,'FF',9,14,4,'Current:','','',2,2),(1057,'',19,72,3,240,0,'FF',9,14,1,'Average:','','',2,3),(1058,'',20,72,3,240,0,'FF',9,14,3,'Maximum:','','on',2,4),(1059,'',21,72,3,239,20,'FF',8,14,1,'Available','','',2,5),(1060,'',22,72,3,239,0,'FF',9,14,4,'Current:','','',2,6),(1061,'',23,72,3,239,0,'FF',9,14,1,'Average:','','',2,7),(1062,'',24,72,3,239,0,'FF',9,14,3,'Maximum:','','on',2,8),(1063,'',25,72,3,0,1,'FF',5,15,1,'Total','','',2,9),(1064,'',26,72,3,0,0,'FF',9,15,4,'Current:','','',2,10),(1065,'',27,72,3,0,0,'FF',9,15,1,'Average:','','',2,11),(1066,'',28,72,3,0,0,'FF',9,15,3,'Maximum:','','on',2,12),(1067,'',17,73,3,242,48,'FF',7,14,1,'Used','','',2,1),(1068,'',18,73,3,242,0,'FF',9,14,4,'Current:','','',2,2),(1069,'',19,73,3,242,0,'FF',9,14,1,'Average:','','',2,3),(1070,'',20,73,3,242,0,'FF',9,14,3,'Maximum:','','on',2,4),(1071,'',21,73,3,241,20,'FF',8,14,1,'Available','','',2,5),(1072,'',22,73,3,241,0,'FF',9,14,4,'Current:','','',2,6),(1073,'',23,73,3,241,0,'FF',9,14,1,'Average:','','',2,7),(1074,'',24,73,3,241,0,'FF',9,14,3,'Maximum:','','on',2,8),(1075,'',25,73,3,0,1,'FF',5,15,1,'Total','','',2,9),(1076,'',26,73,3,0,0,'FF',9,15,4,'Current:','','',2,10),(1077,'',27,73,3,0,0,'FF',9,15,1,'Average:','','',2,11),(1078,'',28,73,3,0,0,'FF',9,15,3,'Maximum:','','on',2,12),(1079,'',167,74,21,244,48,'FF',7,14,1,'Used','','',2,1),(1080,'',169,74,21,244,0,'FF',9,14,4,'Current:','','',2,2),(1081,'',170,74,21,244,0,'FF',9,14,1,'Average:','','',2,3),(1082,'',171,74,21,244,0,'FF',9,14,3,'Maximum:','','on',2,4),(1083,'',172,74,21,243,20,'FF',8,14,1,'Available','','',2,5),(1084,'',173,74,21,243,0,'FF',9,14,4,'Current:','','',2,6),(1085,'',174,74,21,243,0,'FF',9,14,1,'Average:','','',2,7),(1086,'',175,74,21,243,0,'FF',9,14,3,'Maximum:','','on',2,8),(1087,'',176,74,21,0,1,'FF',5,15,1,'Total','','',2,9),(1088,'',177,74,21,0,0,'FF',9,15,4,'Current:','','',2,10),(1089,'',178,74,21,0,0,'FF',9,15,1,'Average:','','',2,11),(1090,'',179,74,21,0,0,'FF',9,15,3,'Maximum:','','on',2,12),(1091,'',95,75,12,245,41,'FF',7,14,1,'Free','','',2,9),(1092,'',96,75,12,245,0,'FF',9,14,4,'Current:','','',2,10),(1093,'',97,75,12,245,0,'FF',9,14,1,'Average:','','',2,11),(1094,'',98,75,12,245,0,'FF',9,14,3,'Maximum:','','on',2,12),(1095,'',99,75,12,246,30,'FF',8,14,1,'Swap','','',2,13),(1096,'',100,75,12,246,0,'FF',9,14,4,'Current:','','',2,14),(1097,'',101,75,12,246,0,'FF',9,14,1,'Average:','','',2,15),(1098,'',102,75,12,246,0,'FF',9,14,3,'Maximum:','','on',2,16),(1099,'',29,76,4,248,9,'FF',7,0,1,'System','','',2,1),(1100,'',30,76,4,248,0,'FF',9,0,4,'Current:','','',2,2),(1101,'',31,76,4,248,0,'FF',9,0,1,'Average:','','',2,3),(1102,'',32,76,4,248,0,'FF',9,0,3,'Maximum:','','on',2,4),(1103,'',33,76,4,249,21,'FF',8,0,1,'User','','',2,5),(1104,'',34,76,4,249,0,'FF',9,0,4,'Current:','','',2,6),(1105,'',35,76,4,249,0,'FF',9,0,1,'Average:','','',2,7),(1106,'',36,76,4,249,0,'FF',9,0,3,'Maximum:','','on',2,8),(1107,'',37,76,4,247,12,'FF',8,0,1,'Nice','','',2,9),(1108,'',38,76,4,247,0,'FF',9,0,4,'Current:','','',2,10),(1109,'',39,76,4,247,0,'FF',9,0,1,'Average:','','',2,11),(1110,'',40,76,4,247,0,'FF',9,0,3,'Maximum:','','on',2,12),(1111,'',41,76,4,0,1,'FF',4,12,1,'Total','','',2,13),(1112,'',42,76,4,0,0,'FF',9,12,4,'Current:','','',2,14),(1113,'',43,76,4,0,0,'FF',9,12,1,'Average:','','',2,15),(1114,'',44,76,4,0,0,'FF',9,12,3,'Maximum:','','on',2,16),(1115,'',80,77,11,250,15,'FF',7,0,1,'1 Minute Average','','',2,1),(1116,'',81,77,11,250,0,'FF',9,0,4,'Current:','','on',4,2),(1117,'',82,77,11,252,8,'FF',8,0,1,'5 Minute Average','','',2,3),(1118,'',83,77,11,252,0,'FF',9,0,4,'Current:','','on',4,4),(1119,'',84,77,11,251,9,'FF',8,0,1,'15 Minute Average','','',2,5),(1120,'',85,77,11,251,0,'FF',9,0,4,'Current:','','on',4,6),(1121,'',86,77,11,0,1,'FF',4,12,1,'Total','','on',2,7),(1122,'',103,78,13,255,52,'FF',7,14,1,'Memory Free','','',2,1),(1123,'',104,78,13,255,0,'FF',9,14,4,'Current:','','',2,2),(1124,'',105,78,13,255,0,'FF',9,14,1,'Average:','','',2,3),(1125,'',106,78,13,255,0,'FF',9,14,3,'Maximum:','','on',2,4),(1126,'',107,78,13,253,35,'FF',8,14,1,'Memory Buffers','','',2,5),(1127,'',108,78,13,253,0,'FF',9,14,4,'Current:','','',2,6),(1128,'',109,78,13,253,0,'FF',9,14,1,'Average:','','',2,7),(1129,'',110,78,13,253,0,'FF',9,14,3,'Maximum:','','on',2,8),(1130,'',403,78,13,254,30,'FF',8,14,1,'Cache Memory','','',2,9),(1131,'',404,78,13,254,0,'FF',9,14,4,'Current:','','',2,10),(1132,'',405,78,13,254,0,'FF',9,14,1,'Average:','','',2,11),(1133,'',406,78,13,254,0,'FF',9,14,3,'Maximum:','','on',2,12),(1134,'',69,79,9,256,15,'FF',7,0,1,'1 Minute Average','','',2,1),(1135,'',70,79,9,256,0,'FF',9,0,4,'Current:','','on',4,2),(1136,'',71,79,9,257,8,'FF',8,0,1,'5 Minute Average','','',2,3),(1137,'',72,79,9,257,0,'FF',9,0,4,'Current:','','on',4,4),(1138,'',73,79,9,258,9,'FF',8,0,1,'15 Minute Average','','',2,5),(1139,'',74,79,9,258,0,'FF',9,0,4,'Current:','','on',4,6),(1140,'',75,79,9,0,1,'FF',4,12,1,'','','on',2,7),(1141,'',76,80,10,259,67,'FF',7,0,1,'Users','','',2,1),(1142,'',77,80,10,259,0,'FF',9,0,4,'Current:','','',3,2),(1143,'',78,80,10,259,0,'FF',9,0,1,'Average:','','',3,3),(1144,'',79,80,10,259,0,'FF',9,0,3,'Maximum:','','on',3,4),(1145,'',65,81,8,260,48,'FF',7,0,1,'Running Processes','','',2,1),(1146,'',66,81,8,260,0,'FF',9,0,4,'Current:','','',3,2),(1147,'',67,81,8,260,0,'FF',9,0,1,'Average:','','',3,3),(1148,'',68,81,8,260,0,'FF',9,0,3,'Maximum:','','on',3,4),(1149,'',9,82,2,261,22,'FF',7,2,1,'Inbound','','',2,1),(1150,'',10,82,2,261,0,'FF',9,2,4,'Current:','','',2,2),(1151,'',11,82,2,261,0,'FF',9,2,1,'Average:','','',2,3),(1152,'',12,82,2,261,0,'FF',9,2,3,'Maximum:','','on',2,4),(1153,'',13,82,2,262,20,'FF',4,2,1,'Outbound','','',2,5),(1154,'',14,82,2,262,0,'FF',9,2,4,'Current:','','',2,6),(1155,'',15,82,2,262,0,'FF',9,2,1,'Average:','','',2,7),(1156,'',16,82,2,262,0,'FF',9,2,3,'Maximum:','','on',2,8),(1157,'',9,83,2,263,22,'FF',7,2,1,'Inbound','','',2,1),(1158,'',10,83,2,263,0,'FF',9,2,4,'Current:','','',2,2),(1159,'',11,83,2,263,0,'FF',9,2,1,'Average:','','',2,3),(1160,'',12,83,2,263,0,'FF',9,2,3,'Maximum:','','on',2,4),(1161,'',13,83,2,264,20,'FF',4,2,1,'Outbound','','',2,5),(1162,'',14,83,2,264,0,'FF',9,2,4,'Current:','','',2,6),(1163,'',15,83,2,264,0,'FF',9,2,1,'Average:','','',2,7),(1164,'',16,83,2,264,0,'FF',9,2,3,'Maximum:','','on',2,8),(1165,'',9,84,2,265,22,'FF',7,2,1,'Inbound','','',2,1),(1166,'',10,84,2,265,0,'FF',9,2,4,'Current:','','',2,2),(1167,'',11,84,2,265,0,'FF',9,2,1,'Average:','','',2,3),(1168,'',12,84,2,265,0,'FF',9,2,3,'Maximum:','','on',2,4),(1169,'',13,84,2,266,20,'FF',4,2,1,'Outbound','','',2,5),(1170,'',14,84,2,266,0,'FF',9,2,4,'Current:','','',2,6),(1171,'',15,84,2,266,0,'FF',9,2,1,'Average:','','',2,7),(1172,'',16,84,2,266,0,'FF',9,2,3,'Maximum:','','on',2,8),(1173,'',17,85,3,268,48,'FF',7,14,1,'Used','','',2,1),(1174,'',18,85,3,268,0,'FF',9,14,4,'Current:','','',2,2),(1175,'',19,85,3,268,0,'FF',9,14,1,'Average:','','',2,3),(1176,'',20,85,3,268,0,'FF',9,14,3,'Maximum:','','on',2,4),(1177,'',21,85,3,267,20,'FF',8,14,1,'Available','','',2,5),(1178,'',22,85,3,267,0,'FF',9,14,4,'Current:','','',2,6),(1179,'',23,85,3,267,0,'FF',9,14,1,'Average:','','',2,7),(1180,'',24,85,3,267,0,'FF',9,14,3,'Maximum:','','on',2,8),(1181,'',25,85,3,0,1,'FF',5,15,1,'Total','','',2,9),(1182,'',26,85,3,0,0,'FF',9,15,4,'Current:','','',2,10),(1183,'',27,85,3,0,0,'FF',9,15,1,'Average:','','',2,11),(1184,'',28,85,3,0,0,'FF',9,15,3,'Maximum:','','on',2,12),(1185,'',17,86,3,270,48,'FF',7,14,1,'Used','','',2,1),(1186,'',18,86,3,270,0,'FF',9,14,4,'Current:','','',2,2),(1187,'',19,86,3,270,0,'FF',9,14,1,'Average:','','',2,3),(1188,'',20,86,3,270,0,'FF',9,14,3,'Maximum:','','on',2,4),(1189,'',21,86,3,269,20,'FF',8,14,1,'Available','','',2,5),(1190,'',22,86,3,269,0,'FF',9,14,4,'Current:','','',2,6),(1191,'',23,86,3,269,0,'FF',9,14,1,'Average:','','',2,7),(1192,'',24,86,3,269,0,'FF',9,14,3,'Maximum:','','on',2,8),(1193,'',25,86,3,0,1,'FF',5,15,1,'Total','','',2,9),(1194,'',26,86,3,0,0,'FF',9,15,4,'Current:','','',2,10),(1195,'',27,86,3,0,0,'FF',9,15,1,'Average:','','',2,11),(1196,'',28,86,3,0,0,'FF',9,15,3,'Maximum:','','on',2,12),(1197,'',17,87,3,272,48,'FF',7,14,1,'Used','','',2,1),(1198,'',18,87,3,272,0,'FF',9,14,4,'Current:','','',2,2),(1199,'',19,87,3,272,0,'FF',9,14,1,'Average:','','',2,3),(1200,'',20,87,3,272,0,'FF',9,14,3,'Maximum:','','on',2,4),(1201,'',21,87,3,271,20,'FF',8,14,1,'Available','','',2,5),(1202,'',22,87,3,271,0,'FF',9,14,4,'Current:','','',2,6),(1203,'',23,87,3,271,0,'FF',9,14,1,'Average:','','',2,7),(1204,'',24,87,3,271,0,'FF',9,14,3,'Maximum:','','on',2,8),(1205,'',25,87,3,0,1,'FF',5,15,1,'Total','','',2,9),(1206,'',26,87,3,0,0,'FF',9,15,4,'Current:','','',2,10),(1207,'',27,87,3,0,0,'FF',9,15,1,'Average:','','',2,11),(1208,'',28,87,3,0,0,'FF',9,15,3,'Maximum:','','on',2,12),(1209,'',17,88,3,274,48,'FF',7,14,1,'Used','','',2,1),(1210,'',18,88,3,274,0,'FF',9,14,4,'Current:','','',2,2),(1211,'',19,88,3,274,0,'FF',9,14,1,'Average:','','',2,3),(1212,'',20,88,3,274,0,'FF',9,14,3,'Maximum:','','on',2,4),(1213,'',21,88,3,273,20,'FF',8,14,1,'Available','','',2,5),(1214,'',22,88,3,273,0,'FF',9,14,4,'Current:','','',2,6),(1215,'',23,88,3,273,0,'FF',9,14,1,'Average:','','',2,7),(1216,'',24,88,3,273,0,'FF',9,14,3,'Maximum:','','on',2,8),(1217,'',25,88,3,0,1,'FF',5,15,1,'Total','','',2,9),(1218,'',26,88,3,0,0,'FF',9,15,4,'Current:','','',2,10),(1219,'',27,88,3,0,0,'FF',9,15,1,'Average:','','',2,11),(1220,'',28,88,3,0,0,'FF',9,15,3,'Maximum:','','on',2,12),(1221,'',17,89,3,276,48,'FF',7,14,1,'Used','','',2,1),(1222,'',18,89,3,276,0,'FF',9,14,4,'Current:','','',2,2),(1223,'',19,89,3,276,0,'FF',9,14,1,'Average:','','',2,3),(1224,'',20,89,3,276,0,'FF',9,14,3,'Maximum:','','on',2,4),(1225,'',21,89,3,275,20,'FF',8,14,1,'Available','','',2,5),(1226,'',22,89,3,275,0,'FF',9,14,4,'Current:','','',2,6),(1227,'',23,89,3,275,0,'FF',9,14,1,'Average:','','',2,7),(1228,'',24,89,3,275,0,'FF',9,14,3,'Maximum:','','on',2,8),(1229,'',25,89,3,0,1,'FF',5,15,1,'Total','','',2,9),(1230,'',26,89,3,0,0,'FF',9,15,4,'Current:','','',2,10),(1231,'',27,89,3,0,0,'FF',9,15,1,'Average:','','',2,11),(1232,'',28,89,3,0,0,'FF',9,15,3,'Maximum:','','on',2,12),(1233,'',17,90,3,278,48,'FF',7,14,1,'Used','','',2,1),(1234,'',18,90,3,278,0,'FF',9,14,4,'Current:','','',2,2),(1235,'',19,90,3,278,0,'FF',9,14,1,'Average:','','',2,3),(1236,'',20,90,3,278,0,'FF',9,14,3,'Maximum:','','on',2,4),(1237,'',21,90,3,277,20,'FF',8,14,1,'Available','','',2,5),(1238,'',22,90,3,277,0,'FF',9,14,4,'Current:','','',2,6),(1239,'',23,90,3,277,0,'FF',9,14,1,'Average:','','',2,7),(1240,'',24,90,3,277,0,'FF',9,14,3,'Maximum:','','on',2,8),(1241,'',25,90,3,0,1,'FF',5,15,1,'Total','','',2,9),(1242,'',26,90,3,0,0,'FF',9,15,4,'Current:','','',2,10),(1243,'',27,90,3,0,0,'FF',9,15,1,'Average:','','',2,11),(1244,'',28,90,3,0,0,'FF',9,15,3,'Maximum:','','on',2,12),(1245,'',17,91,3,280,48,'FF',7,14,1,'Used','','',2,1),(1246,'',18,91,3,280,0,'FF',9,14,4,'Current:','','',2,2),(1247,'',19,91,3,280,0,'FF',9,14,1,'Average:','','',2,3),(1248,'',20,91,3,280,0,'FF',9,14,3,'Maximum:','','on',2,4),(1249,'',21,91,3,279,20,'FF',8,14,1,'Available','','',2,5),(1250,'',22,91,3,279,0,'FF',9,14,4,'Current:','','',2,6),(1251,'',23,91,3,279,0,'FF',9,14,1,'Average:','','',2,7),(1252,'',24,91,3,279,0,'FF',9,14,3,'Maximum:','','on',2,8),(1253,'',25,91,3,0,1,'FF',5,15,1,'Total','','',2,9),(1254,'',26,91,3,0,0,'FF',9,15,4,'Current:','','',2,10),(1255,'',27,91,3,0,0,'FF',9,15,1,'Average:','','',2,11),(1256,'',28,91,3,0,0,'FF',9,15,3,'Maximum:','','on',2,12),(1257,'',17,92,3,282,48,'FF',7,14,1,'Used','','',2,1),(1258,'',18,92,3,282,0,'FF',9,14,4,'Current:','','',2,2),(1259,'',19,92,3,282,0,'FF',9,14,1,'Average:','','',2,3),(1260,'',20,92,3,282,0,'FF',9,14,3,'Maximum:','','on',2,4),(1261,'',21,92,3,281,20,'FF',8,14,1,'Available','','',2,5),(1262,'',22,92,3,281,0,'FF',9,14,4,'Current:','','',2,6),(1263,'',23,92,3,281,0,'FF',9,14,1,'Average:','','',2,7),(1264,'',24,92,3,281,0,'FF',9,14,3,'Maximum:','','on',2,8),(1265,'',25,92,3,0,1,'FF',5,15,1,'Total','','',2,9),(1266,'',26,92,3,0,0,'FF',9,15,4,'Current:','','',2,10),(1267,'',27,92,3,0,0,'FF',9,15,1,'Average:','','',2,11),(1268,'',28,92,3,0,0,'FF',9,15,3,'Maximum:','','on',2,12),(1269,'',167,93,21,284,48,'FF',7,14,1,'Used','','',2,1),(1270,'',169,93,21,284,0,'FF',9,14,4,'Current:','','',2,2),(1271,'',170,93,21,284,0,'FF',9,14,1,'Average:','','',2,3),(1272,'',171,93,21,284,0,'FF',9,14,3,'Maximum:','','on',2,4),(1273,'',172,93,21,283,20,'FF',8,14,1,'Available','','',2,5),(1274,'',173,93,21,283,0,'FF',9,14,4,'Current:','','',2,6),(1275,'',174,93,21,283,0,'FF',9,14,1,'Average:','','',2,7),(1276,'',175,93,21,283,0,'FF',9,14,3,'Maximum:','','on',2,8),(1277,'',176,93,21,0,1,'FF',5,15,1,'Total','','',2,9),(1278,'',177,93,21,0,0,'FF',9,15,4,'Current:','','',2,10),(1279,'',178,93,21,0,0,'FF',9,15,1,'Average:','','',2,11),(1280,'',179,93,21,0,0,'FF',9,15,3,'Maximum:','','on',2,12),(1281,'',95,94,12,285,41,'FF',7,14,1,'Free','','',2,9),(1282,'',96,94,12,285,0,'FF',9,14,4,'Current:','','',2,10),(1283,'',97,94,12,285,0,'FF',9,14,1,'Average:','','',2,11),(1284,'',98,94,12,285,0,'FF',9,14,3,'Maximum:','','on',2,12),(1285,'',99,94,12,286,30,'FF',8,14,1,'Swap','','',2,13),(1286,'',100,94,12,286,0,'FF',9,14,4,'Current:','','',2,14),(1287,'',101,94,12,286,0,'FF',9,14,1,'Average:','','',2,15),(1288,'',102,94,12,286,0,'FF',9,14,3,'Maximum:','','on',2,16),(1289,'',29,95,4,288,9,'FF',7,0,1,'System','','',2,1),(1290,'',30,95,4,288,0,'FF',9,0,4,'Current:','','',2,2),(1291,'',31,95,4,288,0,'FF',9,0,1,'Average:','','',2,3),(1292,'',32,95,4,288,0,'FF',9,0,3,'Maximum:','','on',2,4),(1293,'',33,95,4,289,21,'FF',8,0,1,'User','','',2,5),(1294,'',34,95,4,289,0,'FF',9,0,4,'Current:','','',2,6),(1295,'',35,95,4,289,0,'FF',9,0,1,'Average:','','',2,7),(1296,'',36,95,4,289,0,'FF',9,0,3,'Maximum:','','on',2,8),(1297,'',37,95,4,287,12,'FF',8,0,1,'Nice','','',2,9),(1298,'',38,95,4,287,0,'FF',9,0,4,'Current:','','',2,10),(1299,'',39,95,4,287,0,'FF',9,0,1,'Average:','','',2,11),(1300,'',40,95,4,287,0,'FF',9,0,3,'Maximum:','','on',2,12),(1301,'',41,95,4,0,1,'FF',4,12,1,'Total','','',2,13),(1302,'',42,95,4,0,0,'FF',9,12,4,'Current:','','',2,14),(1303,'',43,95,4,0,0,'FF',9,12,1,'Average:','','',2,15),(1304,'',44,95,4,0,0,'FF',9,12,3,'Maximum:','','on',2,16),(1305,'',80,96,11,290,15,'FF',7,0,1,'1 Minute Average','','',2,1),(1306,'',81,96,11,290,0,'FF',9,0,4,'Current:','','on',4,2),(1307,'',82,96,11,292,8,'FF',8,0,1,'5 Minute Average','','',2,3),(1308,'',83,96,11,292,0,'FF',9,0,4,'Current:','','on',4,4),(1309,'',84,96,11,291,9,'FF',8,0,1,'15 Minute Average','','',2,5),(1310,'',85,96,11,291,0,'FF',9,0,4,'Current:','','on',4,6),(1311,'',86,96,11,0,1,'FF',4,12,1,'Total','','on',2,7),(1312,'',103,97,13,295,52,'FF',7,14,1,'Memory Free','','',2,1),(1313,'',104,97,13,295,0,'FF',9,14,4,'Current:','','',2,2),(1314,'',105,97,13,295,0,'FF',9,14,1,'Average:','','',2,3),(1315,'',106,97,13,295,0,'FF',9,14,3,'Maximum:','','on',2,4),(1316,'',107,97,13,293,35,'FF',8,14,1,'Memory Buffers','','',2,5),(1317,'',108,97,13,293,0,'FF',9,14,4,'Current:','','',2,6),(1318,'',109,97,13,293,0,'FF',9,14,1,'Average:','','',2,7),(1319,'',110,97,13,293,0,'FF',9,14,3,'Maximum:','','on',2,8),(1320,'',403,97,13,294,30,'FF',8,14,1,'Cache Memory','','',2,9),(1321,'',404,97,13,294,0,'FF',9,14,4,'Current:','','',2,10),(1322,'',405,97,13,294,0,'FF',9,14,1,'Average:','','',2,11),(1323,'',406,97,13,294,0,'FF',9,14,3,'Maximum:','','on',2,12),(1324,'',69,98,9,296,15,'FF',7,0,1,'1 Minute Average','','',2,1),(1325,'',70,98,9,296,0,'FF',9,0,4,'Current:','','on',4,2),(1326,'',71,98,9,297,8,'FF',8,0,1,'5 Minute Average','','',2,3),(1327,'',72,98,9,297,0,'FF',9,0,4,'Current:','','on',4,4),(1328,'',73,98,9,298,9,'FF',8,0,1,'15 Minute Average','','',2,5),(1329,'',74,98,9,298,0,'FF',9,0,4,'Current:','','on',4,6),(1330,'',75,98,9,0,1,'FF',4,12,1,'','','on',2,7),(1331,'',76,99,10,299,67,'FF',7,0,1,'Users','','',2,1),(1332,'',77,99,10,299,0,'FF',9,0,4,'Current:','','',3,2),(1333,'',78,99,10,299,0,'FF',9,0,1,'Average:','','',3,3),(1334,'',79,99,10,299,0,'FF',9,0,3,'Maximum:','','on',3,4),(1335,'',65,100,8,300,48,'FF',7,0,1,'Running Processes','','',2,1),(1336,'',66,100,8,300,0,'FF',9,0,4,'Current:','','',3,2),(1337,'',67,100,8,300,0,'FF',9,0,1,'Average:','','',3,3),(1338,'',68,100,8,300,0,'FF',9,0,3,'Maximum:','','on',3,4),(1339,'',9,101,2,301,22,'FF',7,2,1,'Inbound','','',2,1),(1340,'',10,101,2,301,0,'FF',9,2,4,'Current:','','',2,2),(1341,'',11,101,2,301,0,'FF',9,2,1,'Average:','','',2,3),(1342,'',12,101,2,301,0,'FF',9,2,3,'Maximum:','','on',2,4),(1343,'',13,101,2,302,20,'FF',4,2,1,'Outbound','','',2,5),(1344,'',14,101,2,302,0,'FF',9,2,4,'Current:','','',2,6),(1345,'',15,101,2,302,0,'FF',9,2,1,'Average:','','',2,7),(1346,'',16,101,2,302,0,'FF',9,2,3,'Maximum:','','on',2,8),(1347,'',9,102,2,303,22,'FF',7,2,1,'Inbound','','',2,1),(1348,'',10,102,2,303,0,'FF',9,2,4,'Current:','','',2,2),(1349,'',11,102,2,303,0,'FF',9,2,1,'Average:','','',2,3),(1350,'',12,102,2,303,0,'FF',9,2,3,'Maximum:','','on',2,4),(1351,'',13,102,2,304,20,'FF',4,2,1,'Outbound','','',2,5),(1352,'',14,102,2,304,0,'FF',9,2,4,'Current:','','',2,6),(1353,'',15,102,2,304,0,'FF',9,2,1,'Average:','','',2,7),(1354,'',16,102,2,304,0,'FF',9,2,3,'Maximum:','','on',2,8),(1355,'',9,103,2,305,22,'FF',7,2,1,'Inbound','','',2,1),(1356,'',10,103,2,305,0,'FF',9,2,4,'Current:','','',2,2),(1357,'',11,103,2,305,0,'FF',9,2,1,'Average:','','',2,3),(1358,'',12,103,2,305,0,'FF',9,2,3,'Maximum:','','on',2,4),(1359,'',13,103,2,306,20,'FF',4,2,1,'Outbound','','',2,5),(1360,'',14,103,2,306,0,'FF',9,2,4,'Current:','','',2,6),(1361,'',15,103,2,306,0,'FF',9,2,1,'Average:','','',2,7),(1362,'',16,103,2,306,0,'FF',9,2,3,'Maximum:','','on',2,8),(1363,'',17,104,3,308,48,'FF',7,14,1,'Used','','',2,1),(1364,'',18,104,3,308,0,'FF',9,14,4,'Current:','','',2,2),(1365,'',19,104,3,308,0,'FF',9,14,1,'Average:','','',2,3),(1366,'',20,104,3,308,0,'FF',9,14,3,'Maximum:','','on',2,4),(1367,'',21,104,3,307,20,'FF',8,14,1,'Available','','',2,5),(1368,'',22,104,3,307,0,'FF',9,14,4,'Current:','','',2,6),(1369,'',23,104,3,307,0,'FF',9,14,1,'Average:','','',2,7),(1370,'',24,104,3,307,0,'FF',9,14,3,'Maximum:','','on',2,8),(1371,'',25,104,3,0,1,'FF',5,15,1,'Total','','',2,9),(1372,'',26,104,3,0,0,'FF',9,15,4,'Current:','','',2,10),(1373,'',27,104,3,0,0,'FF',9,15,1,'Average:','','',2,11),(1374,'',28,104,3,0,0,'FF',9,15,3,'Maximum:','','on',2,12),(1375,'',17,105,3,310,48,'FF',7,14,1,'Used','','',2,1),(1376,'',18,105,3,310,0,'FF',9,14,4,'Current:','','',2,2),(1377,'',19,105,3,310,0,'FF',9,14,1,'Average:','','',2,3),(1378,'',20,105,3,310,0,'FF',9,14,3,'Maximum:','','on',2,4),(1379,'',21,105,3,309,20,'FF',8,14,1,'Available','','',2,5),(1380,'',22,105,3,309,0,'FF',9,14,4,'Current:','','',2,6),(1381,'',23,105,3,309,0,'FF',9,14,1,'Average:','','',2,7),(1382,'',24,105,3,309,0,'FF',9,14,3,'Maximum:','','on',2,8),(1383,'',25,105,3,0,1,'FF',5,15,1,'Total','','',2,9),(1384,'',26,105,3,0,0,'FF',9,15,4,'Current:','','',2,10),(1385,'',27,105,3,0,0,'FF',9,15,1,'Average:','','',2,11),(1386,'',28,105,3,0,0,'FF',9,15,3,'Maximum:','','on',2,12),(1387,'',17,106,3,312,48,'FF',7,14,1,'Used','','',2,1),(1388,'',18,106,3,312,0,'FF',9,14,4,'Current:','','',2,2),(1389,'',19,106,3,312,0,'FF',9,14,1,'Average:','','',2,3),(1390,'',20,106,3,312,0,'FF',9,14,3,'Maximum:','','on',2,4),(1391,'',21,106,3,311,20,'FF',8,14,1,'Available','','',2,5),(1392,'',22,106,3,311,0,'FF',9,14,4,'Current:','','',2,6),(1393,'',23,106,3,311,0,'FF',9,14,1,'Average:','','',2,7),(1394,'',24,106,3,311,0,'FF',9,14,3,'Maximum:','','on',2,8),(1395,'',25,106,3,0,1,'FF',5,15,1,'Total','','',2,9),(1396,'',26,106,3,0,0,'FF',9,15,4,'Current:','','',2,10),(1397,'',27,106,3,0,0,'FF',9,15,1,'Average:','','',2,11),(1398,'',28,106,3,0,0,'FF',9,15,3,'Maximum:','','on',2,12),(1399,'',17,107,3,314,48,'FF',7,14,1,'Used','','',2,1),(1400,'',18,107,3,314,0,'FF',9,14,4,'Current:','','',2,2),(1401,'',19,107,3,314,0,'FF',9,14,1,'Average:','','',2,3),(1402,'',20,107,3,314,0,'FF',9,14,3,'Maximum:','','on',2,4),(1403,'',21,107,3,313,20,'FF',8,14,1,'Available','','',2,5),(1404,'',22,107,3,313,0,'FF',9,14,4,'Current:','','',2,6),(1405,'',23,107,3,313,0,'FF',9,14,1,'Average:','','',2,7),(1406,'',24,107,3,313,0,'FF',9,14,3,'Maximum:','','on',2,8),(1407,'',25,107,3,0,1,'FF',5,15,1,'Total','','',2,9),(1408,'',26,107,3,0,0,'FF',9,15,4,'Current:','','',2,10),(1409,'',27,107,3,0,0,'FF',9,15,1,'Average:','','',2,11),(1410,'',28,107,3,0,0,'FF',9,15,3,'Maximum:','','on',2,12),(1411,'',17,108,3,316,48,'FF',7,14,1,'Used','','',2,1),(1412,'',18,108,3,316,0,'FF',9,14,4,'Current:','','',2,2),(1413,'',19,108,3,316,0,'FF',9,14,1,'Average:','','',2,3),(1414,'',20,108,3,316,0,'FF',9,14,3,'Maximum:','','on',2,4),(1415,'',21,108,3,315,20,'FF',8,14,1,'Available','','',2,5),(1416,'',22,108,3,315,0,'FF',9,14,4,'Current:','','',2,6),(1417,'',23,108,3,315,0,'FF',9,14,1,'Average:','','',2,7),(1418,'',24,108,3,315,0,'FF',9,14,3,'Maximum:','','on',2,8),(1419,'',25,108,3,0,1,'FF',5,15,1,'Total','','',2,9),(1420,'',26,108,3,0,0,'FF',9,15,4,'Current:','','',2,10),(1421,'',27,108,3,0,0,'FF',9,15,1,'Average:','','',2,11),(1422,'',28,108,3,0,0,'FF',9,15,3,'Maximum:','','on',2,12),(1423,'',17,109,3,318,48,'FF',7,14,1,'Used','','',2,1),(1424,'',18,109,3,318,0,'FF',9,14,4,'Current:','','',2,2),(1425,'',19,109,3,318,0,'FF',9,14,1,'Average:','','',2,3),(1426,'',20,109,3,318,0,'FF',9,14,3,'Maximum:','','on',2,4),(1427,'',21,109,3,317,20,'FF',8,14,1,'Available','','',2,5),(1428,'',22,109,3,317,0,'FF',9,14,4,'Current:','','',2,6),(1429,'',23,109,3,317,0,'FF',9,14,1,'Average:','','',2,7),(1430,'',24,109,3,317,0,'FF',9,14,3,'Maximum:','','on',2,8),(1431,'',25,109,3,0,1,'FF',5,15,1,'Total','','',2,9),(1432,'',26,109,3,0,0,'FF',9,15,4,'Current:','','',2,10),(1433,'',27,109,3,0,0,'FF',9,15,1,'Average:','','',2,11),(1434,'',28,109,3,0,0,'FF',9,15,3,'Maximum:','','on',2,12),(1435,'',17,110,3,320,48,'FF',7,14,1,'Used','','',2,1),(1436,'',18,110,3,320,0,'FF',9,14,4,'Current:','','',2,2),(1437,'',19,110,3,320,0,'FF',9,14,1,'Average:','','',2,3),(1438,'',20,110,3,320,0,'FF',9,14,3,'Maximum:','','on',2,4),(1439,'',21,110,3,319,20,'FF',8,14,1,'Available','','',2,5),(1440,'',22,110,3,319,0,'FF',9,14,4,'Current:','','',2,6),(1441,'',23,110,3,319,0,'FF',9,14,1,'Average:','','',2,7),(1442,'',24,110,3,319,0,'FF',9,14,3,'Maximum:','','on',2,8),(1443,'',25,110,3,0,1,'FF',5,15,1,'Total','','',2,9),(1444,'',26,110,3,0,0,'FF',9,15,4,'Current:','','',2,10),(1445,'',27,110,3,0,0,'FF',9,15,1,'Average:','','',2,11),(1446,'',28,110,3,0,0,'FF',9,15,3,'Maximum:','','on',2,12),(1447,'',17,111,3,322,48,'FF',7,14,1,'Used','','',2,1),(1448,'',18,111,3,322,0,'FF',9,14,4,'Current:','','',2,2),(1449,'',19,111,3,322,0,'FF',9,14,1,'Average:','','',2,3),(1450,'',20,111,3,322,0,'FF',9,14,3,'Maximum:','','on',2,4),(1451,'',21,111,3,321,20,'FF',8,14,1,'Available','','',2,5),(1452,'',22,111,3,321,0,'FF',9,14,4,'Current:','','',2,6),(1453,'',23,111,3,321,0,'FF',9,14,1,'Average:','','',2,7),(1454,'',24,111,3,321,0,'FF',9,14,3,'Maximum:','','on',2,8),(1455,'',25,111,3,0,1,'FF',5,15,1,'Total','','',2,9),(1456,'',26,111,3,0,0,'FF',9,15,4,'Current:','','',2,10),(1457,'',27,111,3,0,0,'FF',9,15,1,'Average:','','',2,11),(1458,'',28,111,3,0,0,'FF',9,15,3,'Maximum:','','on',2,12),(1459,'',167,112,21,324,48,'FF',7,14,1,'Used','','',2,1),(1460,'',169,112,21,324,0,'FF',9,14,4,'Current:','','',2,2),(1461,'',170,112,21,324,0,'FF',9,14,1,'Average:','','',2,3),(1462,'',171,112,21,324,0,'FF',9,14,3,'Maximum:','','on',2,4),(1463,'',172,112,21,323,20,'FF',8,14,1,'Available','','',2,5),(1464,'',173,112,21,323,0,'FF',9,14,4,'Current:','','',2,6),(1465,'',174,112,21,323,0,'FF',9,14,1,'Average:','','',2,7),(1466,'',175,112,21,323,0,'FF',9,14,3,'Maximum:','','on',2,8),(1467,'',176,112,21,0,1,'FF',5,15,1,'Total','','',2,9),(1468,'',177,112,21,0,0,'FF',9,15,4,'Current:','','',2,10),(1469,'',178,112,21,0,0,'FF',9,15,1,'Average:','','',2,11),(1470,'',179,112,21,0,0,'FF',9,15,3,'Maximum:','','on',2,12);
/*!40000 ALTER TABLE `graph_templates_item` ENABLE KEYS */;
UNLOCK TABLES;

--
-- Table structure for table `graph_tree`
--

DROP TABLE IF EXISTS `graph_tree`;
/*!40101 SET @saved_cs_client     = @@character_set_client */;
/*!40101 SET character_set_client = utf8 */;
CREATE TABLE `graph_tree` (
  `id` smallint(5) unsigned NOT NULL AUTO_INCREMENT,
  `sort_type` tinyint(3) unsigned NOT NULL DEFAULT '1',
  `name` varchar(255) NOT NULL DEFAULT '',
  PRIMARY KEY (`id`)
) ENGINE=MyISAM AUTO_INCREMENT=2 DEFAULT CHARSET=latin1;
/*!40101 SET character_set_client = @saved_cs_client */;

--
-- Dumping data for table `graph_tree`
--

LOCK TABLES `graph_tree` WRITE;
/*!40000 ALTER TABLE `graph_tree` DISABLE KEYS */;
INSERT INTO `graph_tree` VALUES (1,1,'Graph Tree');
/*!40000 ALTER TABLE `graph_tree` ENABLE KEYS */;
UNLOCK TABLES;

--
-- Table structure for table `graph_tree_items`
--

DROP TABLE IF EXISTS `graph_tree_items`;
/*!40101 SET @saved_cs_client     = @@character_set_client */;
/*!40101 SET character_set_client = utf8 */;
CREATE TABLE `graph_tree_items` (
  `id` mediumint(8) unsigned NOT NULL AUTO_INCREMENT,
  `graph_tree_id` smallint(5) unsigned NOT NULL DEFAULT '0',
  `local_graph_id` mediumint(8) unsigned NOT NULL DEFAULT '0',
  `rra_id` smallint(8) unsigned NOT NULL DEFAULT '0',
  `title` varchar(255) DEFAULT NULL,
  `host_id` mediumint(8) unsigned NOT NULL DEFAULT '0',
  `order_key` varchar(100) NOT NULL DEFAULT '0',
  `host_grouping_type` tinyint(3) unsigned NOT NULL DEFAULT '1',
  `sort_children_type` tinyint(3) unsigned NOT NULL DEFAULT '1',
  PRIMARY KEY (`id`),
  KEY `graph_tree_id` (`graph_tree_id`),
  KEY `host_id` (`host_id`),
  KEY `local_graph_id` (`local_graph_id`),
  KEY `order_key` (`order_key`)
) ENGINE=MyISAM AUTO_INCREMENT=14 DEFAULT CHARSET=latin1;
/*!40101 SET character_set_client = @saved_cs_client */;

--
-- Dumping data for table `graph_tree_items`
--

LOCK TABLES `graph_tree_items` WRITE;
/*!40000 ALTER TABLE `graph_tree_items` DISABLE KEYS */;
INSERT INTO `graph_tree_items` VALUES (9,1,0,1,'',4,'003000000000000000000000000000000000000000000000000000000000000000000000000000000000000000',1,1),(8,1,0,1,'',2,'002000000000000000000000000000000000000000000000000000000000000000000000000000000000000000',1,1),(10,1,0,1,'',3,'004000000000000000000000000000000000000000000000000000000000000000000000000000000000000000',1,1),(11,1,0,1,'',5,'005000000000000000000000000000000000000000000000000000000000000000000000000000000000000000',1,1),(12,1,0,1,'',7,'006000000000000000000000000000000000000000000000000000000000000000000000000000000000000000',1,1),(13,1,0,1,'',6,'007000000000000000000000000000000000000000000000000000000000000000000000000000000000000000',1,1);
/*!40000 ALTER TABLE `graph_tree_items` ENABLE KEYS */;
UNLOCK TABLES;

--
-- Table structure for table `host`
--

DROP TABLE IF EXISTS `host`;
/*!40101 SET @saved_cs_client     = @@character_set_client */;
/*!40101 SET character_set_client = utf8 */;
CREATE TABLE `host` (
  `id` mediumint(8) unsigned NOT NULL AUTO_INCREMENT,
  `host_template_id` mediumint(8) unsigned NOT NULL DEFAULT '0',
  `description` varchar(150) NOT NULL DEFAULT '',
  `hostname` varchar(250) DEFAULT NULL,
  `notes` text,
  `snmp_community` varchar(100) DEFAULT NULL,
  `snmp_version` tinyint(1) unsigned NOT NULL DEFAULT '1',
  `snmp_username` varchar(50) DEFAULT NULL,
  `snmp_password` varchar(50) DEFAULT NULL,
  `snmp_auth_protocol` char(5) DEFAULT '',
  `snmp_priv_passphrase` varchar(200) DEFAULT '',
  `snmp_priv_protocol` char(6) DEFAULT '',
  `snmp_context` varchar(64) DEFAULT '',
  `snmp_port` mediumint(5) unsigned NOT NULL DEFAULT '161',
  `snmp_timeout` mediumint(8) unsigned NOT NULL DEFAULT '500',
  `availability_method` smallint(5) unsigned NOT NULL DEFAULT '1',
  `ping_method` smallint(5) unsigned DEFAULT '0',
  `ping_port` int(12) unsigned DEFAULT '0',
  `ping_timeout` int(12) unsigned DEFAULT '500',
  `ping_retries` int(12) unsigned DEFAULT '2',
  `max_oids` int(12) unsigned DEFAULT '10',
  `device_threads` tinyint(2) unsigned NOT NULL DEFAULT '1',
  `disabled` char(2) DEFAULT NULL,
  `status` tinyint(2) NOT NULL DEFAULT '0',
  `status_event_count` mediumint(8) unsigned NOT NULL DEFAULT '0',
  `status_fail_date` datetime NOT NULL DEFAULT '0000-00-00 00:00:00',
  `status_rec_date` datetime NOT NULL DEFAULT '0000-00-00 00:00:00',
  `status_last_error` varchar(255) DEFAULT '',
  `min_time` decimal(10,5) DEFAULT '9.99999',
  `max_time` decimal(10,5) DEFAULT '0.00000',
  `cur_time` decimal(10,5) DEFAULT '0.00000',
  `avg_time` decimal(10,5) DEFAULT '0.00000',
  `total_polls` int(12) unsigned DEFAULT '0',
  `failed_polls` int(12) unsigned DEFAULT '0',
  `availability` decimal(8,5) NOT NULL DEFAULT '100.00000',
  PRIMARY KEY (`id`),
  KEY `disabled` (`disabled`)
) ENGINE=MyISAM AUTO_INCREMENT=8 DEFAULT CHARSET=latin1;
/*!40101 SET character_set_client = @saved_cs_client */;

--
-- Dumping data for table `host`
--

LOCK TABLES `host` WRITE;
/*!40000 ALTER TABLE `host` DISABLE KEYS */;
INSERT INTO `host` VALUES (3,8,'maria','10.0.69.3','','inf520',2,'','','','','','',161,500,2,2,23,400,1,10,1,'',3,0,'0000-00-00 00:00:00','0000-00-00 00:00:00','Host did not respond to SNMP',0.40000,2.30000,0.85000,0.81131,60,6,90.00000),(2,1,'beastie','10.0.69.1','','inf520',2,'','','','','','',161,500,2,2,23,400,1,10,1,'',3,0,'0000-00-00 00:00:00','0000-00-00 00:00:00','Host did not respond to SNMP',0.83000,4.08000,1.75000,1.50091,63,9,85.71429),(4,1,'helena','10.0.69.6','','inf520',2,'','','','','','',161,500,2,2,23,400,1,10,1,'',2,2,'0000-00-00 00:00:00','0000-00-00 00:00:00','Host did not respond to SNMP',0.87000,3.06000,1.38000,1.74834,60,48,20.00000),(5,3,'joaquina','10.0.69.5','','inf520',2,'','','','','','',161,500,2,2,23,400,1,10,1,'',2,2,'0000-00-00 00:00:00','0000-00-00 00:00:00','Host did not respond to SNMP',0.55000,3.38000,1.40000,1.66079,52,27,48.07692),(6,3,'madalena','10.0.69.4','','cacti',2,'','','','','','',161,500,2,2,23,400,1,10,1,'',3,0,'0000-00-00 00:00:00','0000-00-00 00:00:00','',0.67000,1.30000,0.67000,0.94667,3,0,100.00000),(7,3,'rita','10.0.69.2','','cacti',2,'','','','','','',161,500,2,2,23,400,1,10,1,'',3,0,'0000-00-00 00:00:00','0000-00-00 00:00:00','',0.48000,2.10000,0.75000,1.11000,3,0,100.00000);
/*!40000 ALTER TABLE `host` ENABLE KEYS */;
UNLOCK TABLES;

--
-- Table structure for table `host_graph`
--

DROP TABLE IF EXISTS `host_graph`;
/*!40101 SET @saved_cs_client     = @@character_set_client */;
/*!40101 SET character_set_client = utf8 */;
CREATE TABLE `host_graph` (
  `host_id` mediumint(8) unsigned NOT NULL DEFAULT '0',
  `graph_template_id` mediumint(8) unsigned NOT NULL DEFAULT '0',
  PRIMARY KEY (`host_id`,`graph_template_id`)
) ENGINE=MyISAM DEFAULT CHARSET=latin1;
/*!40101 SET character_set_client = @saved_cs_client */;

--
-- Dumping data for table `host_graph`
--

LOCK TABLES `host_graph` WRITE;
/*!40000 ALTER TABLE `host_graph` DISABLE KEYS */;
INSERT INTO `host_graph` VALUES (2,4),(2,8),(2,9),(2,10),(2,11),(2,12),(2,13),(3,4),(3,8),(3,9),(3,10),(3,11),(3,12),(3,13),(4,4),(4,8),(4,9),(4,10),(4,11),(4,12),(4,13),(5,4),(5,8),(5,9),(5,10),(5,11),(5,12),(5,13),(6,4),(6,8),(6,9),(6,10),(6,11),(6,12),(6,13),(7,4),(7,8),(7,9),(7,10),(7,11),(7,12),(7,13);
/*!40000 ALTER TABLE `host_graph` ENABLE KEYS */;
UNLOCK TABLES;

--
-- Table structure for table `host_snmp_cache`
--

DROP TABLE IF EXISTS `host_snmp_cache`;
/*!40101 SET @saved_cs_client     = @@character_set_client */;
/*!40101 SET character_set_client = utf8 */;
CREATE TABLE `host_snmp_cache` (
  `host_id` mediumint(8) unsigned NOT NULL DEFAULT '0',
  `snmp_query_id` mediumint(8) unsigned NOT NULL DEFAULT '0',
  `field_name` varchar(50) NOT NULL DEFAULT '',
  `field_value` varchar(255) DEFAULT NULL,
  `snmp_index` varchar(255) NOT NULL DEFAULT '',
  `oid` text NOT NULL,
  `present` tinyint(4) NOT NULL DEFAULT '1',
  PRIMARY KEY (`host_id`,`snmp_query_id`,`field_name`,`snmp_index`),
  KEY `host_id` (`host_id`,`field_name`),
  KEY `snmp_index` (`snmp_index`),
  KEY `field_name` (`field_name`),
  KEY `field_value` (`field_value`),
  KEY `snmp_query_id` (`snmp_query_id`),
  KEY `present` (`present`)
) ENGINE=MyISAM DEFAULT CHARSET=latin1;
/*!40101 SET character_set_client = @saved_cs_client */;

--
-- Dumping data for table `host_snmp_cache`
--

LOCK TABLES `host_snmp_cache` WRITE;
/*!40000 ALTER TABLE `host_snmp_cache` DISABLE KEYS */;
INSERT INTO `host_snmp_cache` VALUES (3,1,'ifIndex','1','1','.1.3.6.1.2.1.2.2.1.1.1',1),(2,6,'dskDevice','/dev/sda1','/dev/sda1','',1),(2,6,'dskMount','/','/dev/sda1','',1),(2,1,'ifIndex','1','1','.1.3.6.1.2.1.2.2.1.1.1',1),(2,1,'ifIndex','2','2','.1.3.6.1.2.1.2.2.1.1.2',1),(2,1,'ifIndex','3','3','.1.3.6.1.2.1.2.2.1.1.3',1),(2,1,'ifIndex','4','4','.1.3.6.1.2.1.2.2.1.1.4',1),(2,1,'ifIndex','5','5','.1.3.6.1.2.1.2.2.1.1.5',1),(2,1,'ifOperStatus','Up','1','.1.3.6.1.2.1.2.2.1.8.1',1),(2,1,'ifOperStatus','Up','2','.1.3.6.1.2.1.2.2.1.8.2',1),(2,1,'ifOperStatus','Up','3','.1.3.6.1.2.1.2.2.1.8.3',1),(2,1,'ifOperStatus','Up','4','.1.3.6.1.2.1.2.2.1.8.4',1),(2,1,'ifOperStatus','Up','5','.1.3.6.1.2.1.2.2.1.8.5',1),(2,1,'ifDescr','lo','1','.1.3.6.1.2.1.2.2.1.2.1',1),(2,1,'ifDescr','eth0','2','.1.3.6.1.2.1.2.2.1.2.2',1),(2,1,'ifDescr','eth1','3','.1.3.6.1.2.1.2.2.1.2.3',1),(2,1,'ifDescr','eth2','4','.1.3.6.1.2.1.2.2.1.2.4',1),(2,1,'ifDescr','eth3','5','.1.3.6.1.2.1.2.2.1.2.5',1),(2,1,'ifName','lo','1','.1.3.6.1.2.1.31.1.1.1.1.1',1),(2,1,'ifName','eth0','2','.1.3.6.1.2.1.31.1.1.1.1.2',1),(2,1,'ifName','eth1','3','.1.3.6.1.2.1.31.1.1.1.1.3',1),(2,1,'ifName','eth2','4','.1.3.6.1.2.1.31.1.1.1.1.4',1),(2,1,'ifName','eth3','5','.1.3.6.1.2.1.31.1.1.1.1.5',1),(2,1,'ifAlias','','1','.1.3.6.1.2.1.31.1.1.1.18.1',1),(2,1,'ifAlias','','2','.1.3.6.1.2.1.31.1.1.1.18.2',1),(2,1,'ifAlias','','3','.1.3.6.1.2.1.31.1.1.1.18.3',1),(2,1,'ifAlias','','4','.1.3.6.1.2.1.31.1.1.1.18.4',1),(2,1,'ifAlias','','5','.1.3.6.1.2.1.31.1.1.1.18.5',1),(2,1,'ifType','24','1','.1.3.6.1.2.1.2.2.1.3.1',1),(2,1,'ifType','6','2','.1.3.6.1.2.1.2.2.1.3.2',1),(2,1,'ifType','6','3','.1.3.6.1.2.1.2.2.1.3.3',1),(2,1,'ifType','6','4','.1.3.6.1.2.1.2.2.1.3.4',1),(2,1,'ifType','6','5','.1.3.6.1.2.1.2.2.1.3.5',1),(2,1,'ifSpeed','10000000','1','.1.3.6.1.2.1.2.2.1.5.1',1),(2,1,'ifSpeed','1000000000','2','.1.3.6.1.2.1.2.2.1.5.2',1),(2,1,'ifSpeed','1000000000','3','.1.3.6.1.2.1.2.2.1.5.3',1),(2,1,'ifSpeed','1000000000','4','.1.3.6.1.2.1.2.2.1.5.4',1),(2,1,'ifSpeed','1000000000','5','.1.3.6.1.2.1.2.2.1.5.5',1),(2,1,'ifHighSpeed','10','1','.1.3.6.1.2.1.31.1.1.1.15.1',1),(2,1,'ifHighSpeed','1000','2','.1.3.6.1.2.1.31.1.1.1.15.2',1),(2,1,'ifHighSpeed','1000','3','.1.3.6.1.2.1.31.1.1.1.15.3',1),(2,1,'ifHighSpeed','1000','4','.1.3.6.1.2.1.31.1.1.1.15.4',1),(2,1,'ifHighSpeed','1000','5','.1.3.6.1.2.1.31.1.1.1.15.5',1),(2,1,'ifHwAddr','','1','.1.3.6.1.2.1.2.2.1.6.1',1),(2,1,'ifHwAddr','08:00:27:8D:40:FB','2','.1.3.6.1.2.1.2.2.1.6.2',1),(2,1,'ifHwAddr','08:00:27:4C:0E:46','3','.1.3.6.1.2.1.2.2.1.6.3',1),(2,1,'ifHwAddr','08:00:27:E6:E1:C9','4','.1.3.6.1.2.1.2.2.1.6.4',1),(2,1,'ifHwAddr','08:00:27:72:35:E7','5','.1.3.6.1.2.1.2.2.1.6.5',1),(2,1,'ifIP','10.0.2.15','2','.1.3.6.1.2.1.4.20.1.2.10.0.2.15',1),(2,1,'ifIP','10.0.69.1','4','.1.3.6.1.2.1.4.20.1.2.10.0.69.1',1),(2,1,'ifIP','10.69.0.1','5','.1.3.6.1.2.1.4.20.1.2.10.69.0.1',1),(2,1,'ifIP','127.0.0.1','1','.1.3.6.1.2.1.4.20.1.2.127.0.0.1',1),(2,1,'ifIP','192.168.56.1','3','.1.3.6.1.2.1.4.20.1.2.192.168.56.1',1),(3,1,'ifIndex','2','2','.1.3.6.1.2.1.2.2.1.1.2',1),(3,1,'ifIndex','3','3','.1.3.6.1.2.1.2.2.1.1.3',1),(3,1,'ifOperStatus','Up','1','.1.3.6.1.2.1.2.2.1.8.1',1),(3,1,'ifOperStatus','Up','2','.1.3.6.1.2.1.2.2.1.8.2',1),(3,1,'ifOperStatus','Up','3','.1.3.6.1.2.1.2.2.1.8.3',1),(3,1,'ifDescr','lo','1','.1.3.6.1.2.1.2.2.1.2.1',1),(3,1,'ifDescr','eth0','2','.1.3.6.1.2.1.2.2.1.2.2',1),(3,1,'ifDescr','eth1','3','.1.3.6.1.2.1.2.2.1.2.3',1),(3,1,'ifName','lo','1','.1.3.6.1.2.1.31.1.1.1.1.1',1),(3,1,'ifName','eth0','2','.1.3.6.1.2.1.31.1.1.1.1.2',1),(3,1,'ifName','eth1','3','.1.3.6.1.2.1.31.1.1.1.1.3',1),(3,1,'ifAlias','','1','.1.3.6.1.2.1.31.1.1.1.18.1',1),(3,1,'ifAlias','','2','.1.3.6.1.2.1.31.1.1.1.18.2',1),(3,1,'ifAlias','','3','.1.3.6.1.2.1.31.1.1.1.18.3',1),(3,1,'ifType','24','1','.1.3.6.1.2.1.2.2.1.3.1',1),(3,1,'ifType','6','2','.1.3.6.1.2.1.2.2.1.3.2',1),(3,1,'ifType','6','3','.1.3.6.1.2.1.2.2.1.3.3',1),(3,1,'ifSpeed','10000000','1','.1.3.6.1.2.1.2.2.1.5.1',1),(3,1,'ifSpeed','1000000000','2','.1.3.6.1.2.1.2.2.1.5.2',1),(3,1,'ifSpeed','1000000000','3','.1.3.6.1.2.1.2.2.1.5.3',1),(3,1,'ifHighSpeed','10','1','.1.3.6.1.2.1.31.1.1.1.15.1',1),(3,1,'ifHighSpeed','1000','2','.1.3.6.1.2.1.31.1.1.1.15.2',1),(3,1,'ifHighSpeed','1000','3','.1.3.6.1.2.1.31.1.1.1.15.3',1),(3,1,'ifHwAddr','','1','.1.3.6.1.2.1.2.2.1.6.1',1),(3,1,'ifHwAddr','08:00:27:D0:5E:5E','2','.1.3.6.1.2.1.2.2.1.6.2',1),(3,1,'ifHwAddr','08:00:27:78:35:84','3','.1.3.6.1.2.1.2.2.1.6.3',1),(3,1,'ifIP','10.0.69.3','3','.1.3.6.1.2.1.4.20.1.2.10.0.69.3',1),(3,1,'ifIP','127.0.0.1','1','.1.3.6.1.2.1.4.20.1.2.127.0.0.1',1),(3,1,'ifIP','192.168.56.3','2','.1.3.6.1.2.1.4.20.1.2.192.168.56.3',1),(3,2,'dskIndex','1','1','.1.3.6.1.4.1.2021.9.1.1.1',1),(3,2,'dskIndex','2','2','.1.3.6.1.4.1.2021.9.1.1.2',1),(3,2,'dskIndex','3','3','.1.3.6.1.4.1.2021.9.1.1.3',1),(3,2,'dskIndex','4','4','.1.3.6.1.4.1.2021.9.1.1.4',1),(3,2,'dskIndex','5','5','.1.3.6.1.4.1.2021.9.1.1.5',1),(3,2,'dskIndex','6','6','.1.3.6.1.4.1.2021.9.1.1.6',1),(3,2,'dskIndex','7','7','.1.3.6.1.4.1.2021.9.1.1.7',1),(3,2,'dskIndex','8','8','.1.3.6.1.4.1.2021.9.1.1.8',1),(3,2,'dskPath','/','1','.1.3.6.1.4.1.2021.9.1.2.1',1),(3,2,'dskPath','/var','2','.1.3.6.1.4.1.2021.9.1.2.2',1),(3,2,'dskPath','/','3','.1.3.6.1.4.1.2021.9.1.2.3',1),(3,2,'dskPath','/sys/fs/cgroup','4','.1.3.6.1.4.1.2021.9.1.2.4',1),(3,2,'dskPath','/run','5','.1.3.6.1.4.1.2021.9.1.2.5',1),(3,2,'dskPath','/run/lock','6','.1.3.6.1.4.1.2021.9.1.2.6',1),(3,2,'dskPath','/run/shm','7','.1.3.6.1.4.1.2021.9.1.2.7',1),(3,2,'dskPath','/run/user','8','.1.3.6.1.4.1.2021.9.1.2.8',1),(3,2,'dskDevice','/dev/sda1','1','.1.3.6.1.4.1.2021.9.1.3.1',1),(3,2,'dskDevice','','2','.1.3.6.1.4.1.2021.9.1.3.2',1),(3,2,'dskDevice','/dev/sda1','3','.1.3.6.1.4.1.2021.9.1.3.3',1),(3,2,'dskDevice','none','4','.1.3.6.1.4.1.2021.9.1.3.4',1),(3,2,'dskDevice','tmpfs','5','.1.3.6.1.4.1.2021.9.1.3.5',1),(3,2,'dskDevice','none','6','.1.3.6.1.4.1.2021.9.1.3.6',1),(3,2,'dskDevice','none','7','.1.3.6.1.4.1.2021.9.1.3.7',1),(3,2,'dskDevice','none','8','.1.3.6.1.4.1.2021.9.1.3.8',1),(3,6,'dskDevice','/dev/sda1','/dev/sda1','',1),(3,6,'dskMount','/','/dev/sda1','',1),(4,6,'dskDevice','/dev/sda1','/dev/sda1','',1),(4,6,'dskMount','/','/dev/sda1','',1),(4,1,'ifIndex','1','1','.1.3.6.1.2.1.2.2.1.1.1',1),(4,1,'ifIndex','2','2','.1.3.6.1.2.1.2.2.1.1.2',1),(4,1,'ifIndex','3','3','.1.3.6.1.2.1.2.2.1.1.3',1),(4,1,'ifOperStatus','Up','1','.1.3.6.1.2.1.2.2.1.8.1',1),(4,1,'ifOperStatus','Up','2','.1.3.6.1.2.1.2.2.1.8.2',1),(4,1,'ifOperStatus','Up','3','.1.3.6.1.2.1.2.2.1.8.3',1),(4,1,'ifDescr','lo','1','.1.3.6.1.2.1.2.2.1.2.1',1),(4,1,'ifDescr','eth0','2','.1.3.6.1.2.1.2.2.1.2.2',1),(4,1,'ifDescr','eth1','3','.1.3.6.1.2.1.2.2.1.2.3',1),(4,1,'ifName','lo','1','.1.3.6.1.2.1.31.1.1.1.1.1',1),(4,1,'ifName','eth0','2','.1.3.6.1.2.1.31.1.1.1.1.2',1),(4,1,'ifName','eth1','3','.1.3.6.1.2.1.31.1.1.1.1.3',1),(4,1,'ifAlias','','1','.1.3.6.1.2.1.31.1.1.1.18.1',1),(4,1,'ifAlias','','2','.1.3.6.1.2.1.31.1.1.1.18.2',1),(4,1,'ifAlias','','3','.1.3.6.1.2.1.31.1.1.1.18.3',1),(4,1,'ifType','24','1','.1.3.6.1.2.1.2.2.1.3.1',1),(4,1,'ifType','6','2','.1.3.6.1.2.1.2.2.1.3.2',1),(4,1,'ifType','6','3','.1.3.6.1.2.1.2.2.1.3.3',1),(4,1,'ifSpeed','10000000','1','.1.3.6.1.2.1.2.2.1.5.1',1),(4,1,'ifSpeed','1000000000','2','.1.3.6.1.2.1.2.2.1.5.2',1),(4,1,'ifSpeed','1000000000','3','.1.3.6.1.2.1.2.2.1.5.3',1),(4,1,'ifHighSpeed','10','1','.1.3.6.1.2.1.31.1.1.1.15.1',1),(4,1,'ifHighSpeed','1000','2','.1.3.6.1.2.1.31.1.1.1.15.2',1),(4,1,'ifHighSpeed','1000','3','.1.3.6.1.2.1.31.1.1.1.15.3',1),(4,1,'ifHwAddr','','1','.1.3.6.1.2.1.2.2.1.6.1',1),(4,1,'ifHwAddr','08:00:27:2D:E3:31','2','.1.3.6.1.2.1.2.2.1.6.2',1),(4,1,'ifHwAddr','08:00:27:DF:8B:F2','3','.1.3.6.1.2.1.2.2.1.6.3',1),(4,1,'ifIP','10.0.69.6','3','.1.3.6.1.2.1.4.20.1.2.10.0.69.6',1),(4,1,'ifIP','127.0.0.1','1','.1.3.6.1.2.1.4.20.1.2.127.0.0.1',1),(4,1,'ifIP','192.168.56.6','2','.1.3.6.1.2.1.4.20.1.2.192.168.56.6',1),(4,2,'dskIndex','1','1','.1.3.6.1.4.1.2021.9.1.1.1',1),(4,2,'dskIndex','2','2','.1.3.6.1.4.1.2021.9.1.1.2',1),(4,2,'dskIndex','3','3','.1.3.6.1.4.1.2021.9.1.1.3',1),(4,2,'dskIndex','4','4','.1.3.6.1.4.1.2021.9.1.1.4',1),(4,2,'dskIndex','5','5','.1.3.6.1.4.1.2021.9.1.1.5',1),(4,2,'dskIndex','6','6','.1.3.6.1.4.1.2021.9.1.1.6',1),(4,2,'dskIndex','7','7','.1.3.6.1.4.1.2021.9.1.1.7',1),(4,2,'dskIndex','8','8','.1.3.6.1.4.1.2021.9.1.1.8',1),(4,2,'dskPath','/','1','.1.3.6.1.4.1.2021.9.1.2.1',1),(4,2,'dskPath','/var','2','.1.3.6.1.4.1.2021.9.1.2.2',1),(4,2,'dskPath','/','3','.1.3.6.1.4.1.2021.9.1.2.3',1),(4,2,'dskPath','/sys/fs/cgroup','4','.1.3.6.1.4.1.2021.9.1.2.4',1),(4,2,'dskPath','/run','5','.1.3.6.1.4.1.2021.9.1.2.5',1),(4,2,'dskPath','/run/lock','6','.1.3.6.1.4.1.2021.9.1.2.6',1),(4,2,'dskPath','/run/shm','7','.1.3.6.1.4.1.2021.9.1.2.7',1),(4,2,'dskPath','/run/user','8','.1.3.6.1.4.1.2021.9.1.2.8',1),(4,2,'dskDevice','/dev/sda1','1','.1.3.6.1.4.1.2021.9.1.3.1',1),(4,2,'dskDevice','','2','.1.3.6.1.4.1.2021.9.1.3.2',1),(4,2,'dskDevice','/dev/sda1','3','.1.3.6.1.4.1.2021.9.1.3.3',1),(4,2,'dskDevice','none','4','.1.3.6.1.4.1.2021.9.1.3.4',1),(4,2,'dskDevice','tmpfs','5','.1.3.6.1.4.1.2021.9.1.3.5',1),(4,2,'dskDevice','none','6','.1.3.6.1.4.1.2021.9.1.3.6',1),(4,2,'dskDevice','none','7','.1.3.6.1.4.1.2021.9.1.3.7',1),(4,2,'dskDevice','none','8','.1.3.6.1.4.1.2021.9.1.3.8',1),(5,6,'dskDevice','/dev/sda1','/dev/sda1','',1),(5,6,'dskMount','/','/dev/sda1','',1),(5,1,'ifIndex','1','1','.1.3.6.1.2.1.2.2.1.1.1',1),(5,1,'ifIndex','2','2','.1.3.6.1.2.1.2.2.1.1.2',1),(5,1,'ifIndex','3','3','.1.3.6.1.2.1.2.2.1.1.3',1),(5,1,'ifOperStatus','Up','1','.1.3.6.1.2.1.2.2.1.8.1',1),(5,1,'ifOperStatus','Up','2','.1.3.6.1.2.1.2.2.1.8.2',1),(5,1,'ifOperStatus','Up','3','.1.3.6.1.2.1.2.2.1.8.3',1),(5,1,'ifDescr','lo','1','.1.3.6.1.2.1.2.2.1.2.1',1),(5,1,'ifDescr','eth0','2','.1.3.6.1.2.1.2.2.1.2.2',1),(5,1,'ifDescr','eth1','3','.1.3.6.1.2.1.2.2.1.2.3',1),(5,1,'ifName','lo','1','.1.3.6.1.2.1.31.1.1.1.1.1',1),(5,1,'ifName','eth0','2','.1.3.6.1.2.1.31.1.1.1.1.2',1),(5,1,'ifName','eth1','3','.1.3.6.1.2.1.31.1.1.1.1.3',1),(5,1,'ifAlias','','1','.1.3.6.1.2.1.31.1.1.1.18.1',1),(5,1,'ifAlias','','2','.1.3.6.1.2.1.31.1.1.1.18.2',1),(5,1,'ifAlias','','3','.1.3.6.1.2.1.31.1.1.1.18.3',1),(5,1,'ifType','24','1','.1.3.6.1.2.1.2.2.1.3.1',1),(5,1,'ifType','6','2','.1.3.6.1.2.1.2.2.1.3.2',1),(5,1,'ifType','6','3','.1.3.6.1.2.1.2.2.1.3.3',1),(5,1,'ifSpeed','10000000','1','.1.3.6.1.2.1.2.2.1.5.1',1),(5,1,'ifSpeed','1000000000','2','.1.3.6.1.2.1.2.2.1.5.2',1),(5,1,'ifSpeed','1000000000','3','.1.3.6.1.2.1.2.2.1.5.3',1),(5,1,'ifHighSpeed','10','1','.1.3.6.1.2.1.31.1.1.1.15.1',1),(5,1,'ifHighSpeed','1000','2','.1.3.6.1.2.1.31.1.1.1.15.2',1),(5,1,'ifHighSpeed','1000','3','.1.3.6.1.2.1.31.1.1.1.15.3',1),(5,1,'ifHwAddr','','1','.1.3.6.1.2.1.2.2.1.6.1',1),(5,1,'ifHwAddr','08:00:27:62:87:D4','2','.1.3.6.1.2.1.2.2.1.6.2',1),(5,1,'ifHwAddr','08:00:27:3C:24:B0','3','.1.3.6.1.2.1.2.2.1.6.3',1),(5,1,'ifIP','10.0.69.5','3','.1.3.6.1.2.1.4.20.1.2.10.0.69.5',1),(5,1,'ifIP','127.0.0.1','1','.1.3.6.1.2.1.4.20.1.2.127.0.0.1',1),(5,1,'ifIP','192.168.56.5','2','.1.3.6.1.2.1.4.20.1.2.192.168.56.5',1),(5,2,'dskIndex','1','1','.1.3.6.1.4.1.2021.9.1.1.1',1),(5,2,'dskIndex','2','2','.1.3.6.1.4.1.2021.9.1.1.2',1),(5,2,'dskIndex','3','3','.1.3.6.1.4.1.2021.9.1.1.3',1),(5,2,'dskIndex','4','4','.1.3.6.1.4.1.2021.9.1.1.4',1),(5,2,'dskIndex','5','5','.1.3.6.1.4.1.2021.9.1.1.5',1),(5,2,'dskIndex','6','6','.1.3.6.1.4.1.2021.9.1.1.6',1),(5,2,'dskIndex','7','7','.1.3.6.1.4.1.2021.9.1.1.7',1),(5,2,'dskIndex','8','8','.1.3.6.1.4.1.2021.9.1.1.8',1),(5,2,'dskPath','/','1','.1.3.6.1.4.1.2021.9.1.2.1',1),(5,2,'dskPath','/var','2','.1.3.6.1.4.1.2021.9.1.2.2',1),(5,2,'dskPath','/','3','.1.3.6.1.4.1.2021.9.1.2.3',1),(5,2,'dskPath','/sys/fs/cgroup','4','.1.3.6.1.4.1.2021.9.1.2.4',1),(5,2,'dskPath','/run','5','.1.3.6.1.4.1.2021.9.1.2.5',1),(5,2,'dskPath','/run/lock','6','.1.3.6.1.4.1.2021.9.1.2.6',1),(5,2,'dskPath','/run/shm','7','.1.3.6.1.4.1.2021.9.1.2.7',1),(5,2,'dskPath','/run/user','8','.1.3.6.1.4.1.2021.9.1.2.8',1),(5,2,'dskDevice','/dev/sda1','1','.1.3.6.1.4.1.2021.9.1.3.1',1),(5,2,'dskDevice','','2','.1.3.6.1.4.1.2021.9.1.3.2',1),(5,2,'dskDevice','/dev/sda1','3','.1.3.6.1.4.1.2021.9.1.3.3',1),(5,2,'dskDevice','none','4','.1.3.6.1.4.1.2021.9.1.3.4',1),(5,2,'dskDevice','tmpfs','5','.1.3.6.1.4.1.2021.9.1.3.5',1),(5,2,'dskDevice','none','6','.1.3.6.1.4.1.2021.9.1.3.6',1),(5,2,'dskDevice','none','7','.1.3.6.1.4.1.2021.9.1.3.7',1),(5,2,'dskDevice','none','8','.1.3.6.1.4.1.2021.9.1.3.8',1),(2,2,'dskIndex','1','1','.1.3.6.1.4.1.2021.9.1.1.1',1),(2,2,'dskIndex','2','2','.1.3.6.1.4.1.2021.9.1.1.2',1),(2,2,'dskIndex','3','3','.1.3.6.1.4.1.2021.9.1.1.3',1),(2,2,'dskIndex','4','4','.1.3.6.1.4.1.2021.9.1.1.4',1),(2,2,'dskIndex','5','5','.1.3.6.1.4.1.2021.9.1.1.5',1),(2,2,'dskIndex','6','6','.1.3.6.1.4.1.2021.9.1.1.6',1),(2,2,'dskIndex','7','7','.1.3.6.1.4.1.2021.9.1.1.7',1),(2,2,'dskIndex','8','8','.1.3.6.1.4.1.2021.9.1.1.8',1),(2,2,'dskPath','/','1','.1.3.6.1.4.1.2021.9.1.2.1',1),(2,2,'dskPath','/var','2','.1.3.6.1.4.1.2021.9.1.2.2',1),(2,2,'dskPath','/','3','.1.3.6.1.4.1.2021.9.1.2.3',1),(2,2,'dskPath','/sys/fs/cgroup','4','.1.3.6.1.4.1.2021.9.1.2.4',1),(2,2,'dskPath','/run','5','.1.3.6.1.4.1.2021.9.1.2.5',1),(2,2,'dskPath','/run/lock','6','.1.3.6.1.4.1.2021.9.1.2.6',1),(2,2,'dskPath','/run/shm','7','.1.3.6.1.4.1.2021.9.1.2.7',1),(2,2,'dskPath','/run/user','8','.1.3.6.1.4.1.2021.9.1.2.8',1),(2,2,'dskDevice','/dev/sda1','1','.1.3.6.1.4.1.2021.9.1.3.1',1),(2,2,'dskDevice','','2','.1.3.6.1.4.1.2021.9.1.3.2',1),(2,2,'dskDevice','/dev/sda1','3','.1.3.6.1.4.1.2021.9.1.3.3',1),(2,2,'dskDevice','none','4','.1.3.6.1.4.1.2021.9.1.3.4',1),(2,2,'dskDevice','tmpfs','5','.1.3.6.1.4.1.2021.9.1.3.5',1),(2,2,'dskDevice','none','6','.1.3.6.1.4.1.2021.9.1.3.6',1),(2,2,'dskDevice','none','7','.1.3.6.1.4.1.2021.9.1.3.7',1),(2,2,'dskDevice','none','8','.1.3.6.1.4.1.2021.9.1.3.8',1),(3,2,'dskIndex','9','9','.1.3.6.1.4.1.2021.9.1.1.9',1),(3,2,'dskPath','/var/log/files','9','.1.3.6.1.4.1.2021.9.1.2.9',1),(3,2,'dskDevice','10.0.69.2:/export/files','9','.1.3.6.1.4.1.2021.9.1.3.9',1),(6,6,'dskDevice','/dev/sda1','/dev/sda1','',1),(6,6,'dskMount','/','/dev/sda1','',1),(6,1,'ifIndex','1','1','.1.3.6.1.2.1.2.2.1.1.1',1),(6,1,'ifIndex','2','2','.1.3.6.1.2.1.2.2.1.1.2',1),(6,1,'ifIndex','3','3','.1.3.6.1.2.1.2.2.1.1.3',1),(6,1,'ifOperStatus','Up','1','.1.3.6.1.2.1.2.2.1.8.1',1),(6,1,'ifOperStatus','Up','2','.1.3.6.1.2.1.2.2.1.8.2',1),(6,1,'ifOperStatus','Up','3','.1.3.6.1.2.1.2.2.1.8.3',1),(6,1,'ifDescr','lo','1','.1.3.6.1.2.1.2.2.1.2.1',1),(6,1,'ifDescr','eth0','2','.1.3.6.1.2.1.2.2.1.2.2',1),(6,1,'ifDescr','eth1','3','.1.3.6.1.2.1.2.2.1.2.3',1),(6,1,'ifName','lo','1','.1.3.6.1.2.1.31.1.1.1.1.1',1),(6,1,'ifName','eth0','2','.1.3.6.1.2.1.31.1.1.1.1.2',1),(6,1,'ifName','eth1','3','.1.3.6.1.2.1.31.1.1.1.1.3',1),(6,1,'ifAlias','','1','.1.3.6.1.2.1.31.1.1.1.18.1',1),(6,1,'ifAlias','','2','.1.3.6.1.2.1.31.1.1.1.18.2',1),(6,1,'ifAlias','','3','.1.3.6.1.2.1.31.1.1.1.18.3',1),(6,1,'ifType','24','1','.1.3.6.1.2.1.2.2.1.3.1',1),(6,1,'ifType','6','2','.1.3.6.1.2.1.2.2.1.3.2',1),(6,1,'ifType','6','3','.1.3.6.1.2.1.2.2.1.3.3',1),(6,1,'ifSpeed','10000000','1','.1.3.6.1.2.1.2.2.1.5.1',1),(6,1,'ifSpeed','1000000000','2','.1.3.6.1.2.1.2.2.1.5.2',1),(6,1,'ifSpeed','1000000000','3','.1.3.6.1.2.1.2.2.1.5.3',1),(6,1,'ifHighSpeed','10','1','.1.3.6.1.2.1.31.1.1.1.15.1',1),(6,1,'ifHighSpeed','1000','2','.1.3.6.1.2.1.31.1.1.1.15.2',1),(6,1,'ifHighSpeed','1000','3','.1.3.6.1.2.1.31.1.1.1.15.3',1),(6,1,'ifHwAddr','','1','.1.3.6.1.2.1.2.2.1.6.1',1),(6,1,'ifHwAddr','08:00:27:D7:23:4F','2','.1.3.6.1.2.1.2.2.1.6.2',1),(6,1,'ifHwAddr','08:00:27:02:CD:CC','3','.1.3.6.1.2.1.2.2.1.6.3',1),(6,1,'ifIP','10.0.69.4','3','.1.3.6.1.2.1.4.20.1.2.10.0.69.4',1),(6,1,'ifIP','127.0.0.1','1','.1.3.6.1.2.1.4.20.1.2.127.0.0.1',1),(6,1,'ifIP','192.168.56.4','2','.1.3.6.1.2.1.4.20.1.2.192.168.56.4',1),(6,2,'dskIndex','1','1','.1.3.6.1.4.1.2021.9.1.1.1',1),(6,2,'dskIndex','2','2','.1.3.6.1.4.1.2021.9.1.1.2',1),(6,2,'dskIndex','3','3','.1.3.6.1.4.1.2021.9.1.1.3',1),(6,2,'dskIndex','4','4','.1.3.6.1.4.1.2021.9.1.1.4',1),(6,2,'dskIndex','5','5','.1.3.6.1.4.1.2021.9.1.1.5',1),(6,2,'dskIndex','6','6','.1.3.6.1.4.1.2021.9.1.1.6',1),(6,2,'dskIndex','7','7','.1.3.6.1.4.1.2021.9.1.1.7',1),(6,2,'dskIndex','8','8','.1.3.6.1.4.1.2021.9.1.1.8',1),(6,2,'dskPath','/','1','.1.3.6.1.4.1.2021.9.1.2.1',1),(6,2,'dskPath','/var','2','.1.3.6.1.4.1.2021.9.1.2.2',1),(6,2,'dskPath','/','3','.1.3.6.1.4.1.2021.9.1.2.3',1),(6,2,'dskPath','/sys/fs/cgroup','4','.1.3.6.1.4.1.2021.9.1.2.4',1),(6,2,'dskPath','/run','5','.1.3.6.1.4.1.2021.9.1.2.5',1),(6,2,'dskPath','/run/lock','6','.1.3.6.1.4.1.2021.9.1.2.6',1),(6,2,'dskPath','/run/shm','7','.1.3.6.1.4.1.2021.9.1.2.7',1),(6,2,'dskPath','/run/user','8','.1.3.6.1.4.1.2021.9.1.2.8',1),(6,2,'dskDevice','/dev/sda1','1','.1.3.6.1.4.1.2021.9.1.3.1',1),(6,2,'dskDevice','','2','.1.3.6.1.4.1.2021.9.1.3.2',1),(6,2,'dskDevice','/dev/sda1','3','.1.3.6.1.4.1.2021.9.1.3.3',1),(6,2,'dskDevice','none','4','.1.3.6.1.4.1.2021.9.1.3.4',1),(6,2,'dskDevice','tmpfs','5','.1.3.6.1.4.1.2021.9.1.3.5',1),(6,2,'dskDevice','none','6','.1.3.6.1.4.1.2021.9.1.3.6',1),(6,2,'dskDevice','none','7','.1.3.6.1.4.1.2021.9.1.3.7',1),(6,2,'dskDevice','none','8','.1.3.6.1.4.1.2021.9.1.3.8',1),(7,1,'ifIndex','1','1','.1.3.6.1.2.1.2.2.1.1.1',1),(7,1,'ifIndex','2','2','.1.3.6.1.2.1.2.2.1.1.2',1),(7,1,'ifIndex','3','3','.1.3.6.1.2.1.2.2.1.1.3',1),(7,1,'ifOperStatus','Up','1','.1.3.6.1.2.1.2.2.1.8.1',1),(7,1,'ifOperStatus','Up','2','.1.3.6.1.2.1.2.2.1.8.2',1),(7,1,'ifOperStatus','Up','3','.1.3.6.1.2.1.2.2.1.8.3',1),(7,1,'ifDescr','lo','1','.1.3.6.1.2.1.2.2.1.2.1',1),(7,1,'ifDescr','eth0','2','.1.3.6.1.2.1.2.2.1.2.2',1),(7,1,'ifDescr','eth1','3','.1.3.6.1.2.1.2.2.1.2.3',1),(7,1,'ifName','lo','1','.1.3.6.1.2.1.31.1.1.1.1.1',1),(7,1,'ifName','eth0','2','.1.3.6.1.2.1.31.1.1.1.1.2',1),(7,1,'ifName','eth1','3','.1.3.6.1.2.1.31.1.1.1.1.3',1),(7,1,'ifAlias','','1','.1.3.6.1.2.1.31.1.1.1.18.1',1),(7,1,'ifAlias','','2','.1.3.6.1.2.1.31.1.1.1.18.2',1),(7,1,'ifAlias','','3','.1.3.6.1.2.1.31.1.1.1.18.3',1),(7,1,'ifType','24','1','.1.3.6.1.2.1.2.2.1.3.1',1),(7,1,'ifType','6','2','.1.3.6.1.2.1.2.2.1.3.2',1),(7,1,'ifType','6','3','.1.3.6.1.2.1.2.2.1.3.3',1),(7,1,'ifSpeed','10000000','1','.1.3.6.1.2.1.2.2.1.5.1',1),(7,1,'ifSpeed','1000000000','2','.1.3.6.1.2.1.2.2.1.5.2',1),(7,1,'ifSpeed','1000000000','3','.1.3.6.1.2.1.2.2.1.5.3',1),(7,1,'ifHighSpeed','10','1','.1.3.6.1.2.1.31.1.1.1.15.1',1),(7,1,'ifHighSpeed','1000','2','.1.3.6.1.2.1.31.1.1.1.15.2',1),(7,1,'ifHighSpeed','1000','3','.1.3.6.1.2.1.31.1.1.1.15.3',1),(7,1,'ifHwAddr','','1','.1.3.6.1.2.1.2.2.1.6.1',1),(7,1,'ifHwAddr','08:00:27:1B:42:ED','2','.1.3.6.1.2.1.2.2.1.6.2',1),(7,1,'ifHwAddr','08:00:27:87:DC:A9','3','.1.3.6.1.2.1.2.2.1.6.3',1),(7,1,'ifIP','10.0.69.2','3','.1.3.6.1.2.1.4.20.1.2.10.0.69.2',1),(7,1,'ifIP','127.0.0.1','1','.1.3.6.1.2.1.4.20.1.2.127.0.0.1',1),(7,1,'ifIP','192.168.56.2','2','.1.3.6.1.2.1.4.20.1.2.192.168.56.2',1),(7,6,'dskDevice','/dev/sda1','/dev/sda1','',1),(7,6,'dskMount','/','/dev/sda1','',1),(7,2,'dskIndex','1','1','.1.3.6.1.4.1.2021.9.1.1.1',1),(7,2,'dskIndex','2','2','.1.3.6.1.4.1.2021.9.1.1.2',1),(7,2,'dskIndex','3','3','.1.3.6.1.4.1.2021.9.1.1.3',1),(7,2,'dskIndex','4','4','.1.3.6.1.4.1.2021.9.1.1.4',1),(7,2,'dskIndex','5','5','.1.3.6.1.4.1.2021.9.1.1.5',1),(7,2,'dskIndex','6','6','.1.3.6.1.4.1.2021.9.1.1.6',1),(7,2,'dskIndex','7','7','.1.3.6.1.4.1.2021.9.1.1.7',1),(7,2,'dskIndex','8','8','.1.3.6.1.4.1.2021.9.1.1.8',1),(7,2,'dskPath','/','1','.1.3.6.1.4.1.2021.9.1.2.1',1),(7,2,'dskPath','/var','2','.1.3.6.1.4.1.2021.9.1.2.2',1),(7,2,'dskPath','/','3','.1.3.6.1.4.1.2021.9.1.2.3',1),(7,2,'dskPath','/sys/fs/cgroup','4','.1.3.6.1.4.1.2021.9.1.2.4',1),(7,2,'dskPath','/run','5','.1.3.6.1.4.1.2021.9.1.2.5',1),(7,2,'dskPath','/run/lock','6','.1.3.6.1.4.1.2021.9.1.2.6',1),(7,2,'dskPath','/run/shm','7','.1.3.6.1.4.1.2021.9.1.2.7',1),(7,2,'dskPath','/run/user','8','.1.3.6.1.4.1.2021.9.1.2.8',1),(7,2,'dskDevice','/dev/sda1','1','.1.3.6.1.4.1.2021.9.1.3.1',1),(7,2,'dskDevice','','2','.1.3.6.1.4.1.2021.9.1.3.2',1),(7,2,'dskDevice','/dev/sda1','3','.1.3.6.1.4.1.2021.9.1.3.3',1),(7,2,'dskDevice','none','4','.1.3.6.1.4.1.2021.9.1.3.4',1),(7,2,'dskDevice','tmpfs','5','.1.3.6.1.4.1.2021.9.1.3.5',1),(7,2,'dskDevice','none','6','.1.3.6.1.4.1.2021.9.1.3.6',1),(7,2,'dskDevice','none','7','.1.3.6.1.4.1.2021.9.1.3.7',1),(7,2,'dskDevice','none','8','.1.3.6.1.4.1.2021.9.1.3.8',1);
/*!40000 ALTER TABLE `host_snmp_cache` ENABLE KEYS */;
UNLOCK TABLES;

--
-- Table structure for table `host_snmp_query`
--

DROP TABLE IF EXISTS `host_snmp_query`;
/*!40101 SET @saved_cs_client     = @@character_set_client */;
/*!40101 SET character_set_client = utf8 */;
CREATE TABLE `host_snmp_query` (
  `host_id` mediumint(8) unsigned NOT NULL DEFAULT '0',
  `snmp_query_id` mediumint(8) unsigned NOT NULL DEFAULT '0',
  `sort_field` varchar(50) NOT NULL DEFAULT '',
  `title_format` varchar(50) NOT NULL DEFAULT '',
  `reindex_method` tinyint(3) unsigned NOT NULL DEFAULT '0',
  PRIMARY KEY (`host_id`,`snmp_query_id`),
  KEY `host_id` (`host_id`)
) ENGINE=MyISAM DEFAULT CHARSET=latin1;
/*!40101 SET character_set_client = @saved_cs_client */;

--
-- Dumping data for table `host_snmp_query`
--

LOCK TABLES `host_snmp_query` WRITE;
/*!40000 ALTER TABLE `host_snmp_query` DISABLE KEYS */;
INSERT INTO `host_snmp_query` VALUES (3,1,'ifDescr','|query_ifDescr|',1),(2,6,'dskDevice','|query_dskDevice|',1),(2,1,'ifDescr','|query_ifDescr|',1),(2,2,'dskIndex','|query_dskIndex|',1),(3,2,'dskIndex','|query_dskIndex|',1),(3,6,'dskDevice','|query_dskDevice|',1),(4,6,'dskDevice','|query_dskDevice|',1),(4,1,'ifDescr','|query_ifDescr|',1),(4,2,'dskIndex','|query_dskIndex|',1),(5,1,'ifDescr','|query_ifDescr|',1),(5,6,'dskDevice','|query_dskDevice|',1),(5,2,'dskIndex','|query_dskIndex|',1),(6,1,'ifDescr','|query_ifDescr|',1),(6,6,'dskDevice','|query_dskDevice|',1),(6,2,'dskIndex','|query_dskIndex|',1),(7,1,'ifDescr','|query_ifDescr|',1),(7,6,'dskDevice','|query_dskDevice|',1),(7,2,'dskIndex','|query_dskIndex|',1);
/*!40000 ALTER TABLE `host_snmp_query` ENABLE KEYS */;
UNLOCK TABLES;

--
-- Table structure for table `host_template`
--

DROP TABLE IF EXISTS `host_template`;
/*!40101 SET @saved_cs_client     = @@character_set_client */;
/*!40101 SET character_set_client = utf8 */;
CREATE TABLE `host_template` (
  `id` mediumint(8) unsigned NOT NULL AUTO_INCREMENT,
  `hash` varchar(32) NOT NULL DEFAULT '',
  `name` varchar(100) NOT NULL DEFAULT '',
  PRIMARY KEY (`id`)
) ENGINE=MyISAM AUTO_INCREMENT=9 DEFAULT CHARSET=latin1;
/*!40101 SET character_set_client = @saved_cs_client */;

--
-- Dumping data for table `host_template`
--

LOCK TABLES `host_template` WRITE;
/*!40000 ALTER TABLE `host_template` DISABLE KEYS */;
INSERT INTO `host_template` VALUES (1,'4855b0e3e553085ed57219690285f91f','Generic SNMP-enabled Host'),(3,'07d3fe6a52915f99e642d22e27d967a4','ucd/net SNMP Host'),(4,'4e5dc8dd115264c2e9f3adb725c29413','Karlnet Wireless Bridge'),(5,'cae6a879f86edacb2471055783bec6d0','Cisco Router'),(6,'9ef418b4251751e09c3c416704b01b01','Netware 4/5 Server'),(7,'5b8300be607dce4f030b026a381b91cd','Windows 2000/XP Host'),(8,'2d3e47f416738c2d22c87c40218cc55e','Local Linux Machine');
/*!40000 ALTER TABLE `host_template` ENABLE KEYS */;
UNLOCK TABLES;

--
-- Table structure for table `host_template_graph`
--

DROP TABLE IF EXISTS `host_template_graph`;
/*!40101 SET @saved_cs_client     = @@character_set_client */;
/*!40101 SET character_set_client = utf8 */;
CREATE TABLE `host_template_graph` (
  `host_template_id` mediumint(8) unsigned NOT NULL DEFAULT '0',
  `graph_template_id` mediumint(8) unsigned NOT NULL DEFAULT '0',
  PRIMARY KEY (`host_template_id`,`graph_template_id`),
  KEY `host_template_id` (`host_template_id`)
) ENGINE=MyISAM DEFAULT CHARSET=latin1;
/*!40101 SET character_set_client = @saved_cs_client */;

--
-- Dumping data for table `host_template_graph`
--

LOCK TABLES `host_template_graph` WRITE;
/*!40000 ALTER TABLE `host_template_graph` DISABLE KEYS */;
INSERT INTO `host_template_graph` VALUES (3,4),(3,11),(3,13),(5,18),(6,14),(6,16),(6,17),(6,30),(7,28),(7,29),(8,8),(8,9),(8,10),(8,12);
/*!40000 ALTER TABLE `host_template_graph` ENABLE KEYS */;
UNLOCK TABLES;

--
-- Table structure for table `host_template_snmp_query`
--

DROP TABLE IF EXISTS `host_template_snmp_query`;
/*!40101 SET @saved_cs_client     = @@character_set_client */;
/*!40101 SET character_set_client = utf8 */;
CREATE TABLE `host_template_snmp_query` (
  `host_template_id` mediumint(8) unsigned NOT NULL DEFAULT '0',
  `snmp_query_id` mediumint(8) unsigned NOT NULL DEFAULT '0',
  PRIMARY KEY (`host_template_id`,`snmp_query_id`),
  KEY `host_template_id` (`host_template_id`)
) ENGINE=MyISAM DEFAULT CHARSET=latin1;
/*!40101 SET character_set_client = @saved_cs_client */;

--
-- Dumping data for table `host_template_snmp_query`
--

LOCK TABLES `host_template_snmp_query` WRITE;
/*!40000 ALTER TABLE `host_template_snmp_query` DISABLE KEYS */;
INSERT INTO `host_template_snmp_query` VALUES (1,1),(3,1),(3,2),(4,1),(4,3),(5,1),(6,1),(6,4),(6,7),(7,1),(7,8),(7,9),(8,6);
/*!40000 ALTER TABLE `host_template_snmp_query` ENABLE KEYS */;
UNLOCK TABLES;

--
-- Table structure for table `plugin_config`
--

DROP TABLE IF EXISTS `plugin_config`;
/*!40101 SET @saved_cs_client     = @@character_set_client */;
/*!40101 SET character_set_client = utf8 */;
CREATE TABLE `plugin_config` (
  `id` int(8) NOT NULL AUTO_INCREMENT,
  `directory` varchar(32) NOT NULL DEFAULT '',
  `name` varchar(64) NOT NULL DEFAULT '',
  `status` tinyint(2) NOT NULL DEFAULT '0',
  `author` varchar(64) NOT NULL DEFAULT '',
  `webpage` varchar(255) NOT NULL DEFAULT '',
  `version` varchar(8) NOT NULL DEFAULT '',
  PRIMARY KEY (`id`),
  KEY `status` (`status`),
  KEY `directory` (`directory`)
) ENGINE=MyISAM DEFAULT CHARSET=latin1;
/*!40101 SET character_set_client = @saved_cs_client */;

--
-- Dumping data for table `plugin_config`
--

LOCK TABLES `plugin_config` WRITE;
/*!40000 ALTER TABLE `plugin_config` DISABLE KEYS */;
/*!40000 ALTER TABLE `plugin_config` ENABLE KEYS */;
UNLOCK TABLES;

--
-- Table structure for table `plugin_db_changes`
--

DROP TABLE IF EXISTS `plugin_db_changes`;
/*!40101 SET @saved_cs_client     = @@character_set_client */;
/*!40101 SET character_set_client = utf8 */;
CREATE TABLE `plugin_db_changes` (
  `id` int(10) NOT NULL AUTO_INCREMENT,
  `plugin` varchar(16) NOT NULL DEFAULT '',
  `table` varchar(64) NOT NULL DEFAULT '',
  `column` varchar(64) NOT NULL,
  `method` varchar(16) NOT NULL DEFAULT '',
  PRIMARY KEY (`id`),
  KEY `plugin` (`plugin`),
  KEY `method` (`method`)
) ENGINE=MyISAM DEFAULT CHARSET=latin1;
/*!40101 SET character_set_client = @saved_cs_client */;

--
-- Dumping data for table `plugin_db_changes`
--

LOCK TABLES `plugin_db_changes` WRITE;
/*!40000 ALTER TABLE `plugin_db_changes` DISABLE KEYS */;
/*!40000 ALTER TABLE `plugin_db_changes` ENABLE KEYS */;
UNLOCK TABLES;

--
-- Table structure for table `plugin_hooks`
--

DROP TABLE IF EXISTS `plugin_hooks`;
/*!40101 SET @saved_cs_client     = @@character_set_client */;
/*!40101 SET character_set_client = utf8 */;
CREATE TABLE `plugin_hooks` (
  `id` int(8) NOT NULL AUTO_INCREMENT,
  `name` varchar(32) NOT NULL DEFAULT '',
  `hook` varchar(64) NOT NULL DEFAULT '',
  `file` varchar(255) NOT NULL DEFAULT '',
  `function` varchar(128) NOT NULL DEFAULT '',
  `status` int(8) NOT NULL DEFAULT '0',
  PRIMARY KEY (`id`),
  KEY `hook` (`hook`),
  KEY `status` (`status`)
) ENGINE=MyISAM AUTO_INCREMENT=3 DEFAULT CHARSET=latin1;
/*!40101 SET character_set_client = @saved_cs_client */;

--
-- Dumping data for table `plugin_hooks`
--

LOCK TABLES `plugin_hooks` WRITE;
/*!40000 ALTER TABLE `plugin_hooks` DISABLE KEYS */;
INSERT INTO `plugin_hooks` VALUES (1,'internal','config_arrays','','plugin_config_arrays',1),(2,'internal','draw_navigation_text','','plugin_draw_navigation_text',1);
/*!40000 ALTER TABLE `plugin_hooks` ENABLE KEYS */;
UNLOCK TABLES;

--
-- Table structure for table `plugin_realms`
--

DROP TABLE IF EXISTS `plugin_realms`;
/*!40101 SET @saved_cs_client     = @@character_set_client */;
/*!40101 SET character_set_client = utf8 */;
CREATE TABLE `plugin_realms` (
  `id` int(8) NOT NULL AUTO_INCREMENT,
  `plugin` varchar(32) NOT NULL DEFAULT '',
  `file` text NOT NULL,
  `display` varchar(64) NOT NULL DEFAULT '',
  PRIMARY KEY (`id`),
  KEY `plugin` (`plugin`)
) ENGINE=MyISAM AUTO_INCREMENT=2 DEFAULT CHARSET=latin1;
/*!40101 SET character_set_client = @saved_cs_client */;

--
-- Dumping data for table `plugin_realms`
--

LOCK TABLES `plugin_realms` WRITE;
/*!40000 ALTER TABLE `plugin_realms` DISABLE KEYS */;
INSERT INTO `plugin_realms` VALUES (1,'internal','plugins.php','Plugin Management');
/*!40000 ALTER TABLE `plugin_realms` ENABLE KEYS */;
UNLOCK TABLES;

--
-- Table structure for table `poller`
--

DROP TABLE IF EXISTS `poller`;
/*!40101 SET @saved_cs_client     = @@character_set_client */;
/*!40101 SET character_set_client = utf8 */;
CREATE TABLE `poller` (
  `id` smallint(5) unsigned NOT NULL AUTO_INCREMENT,
  `hostname` varchar(250) NOT NULL DEFAULT '',
  `ip_address` int(11) unsigned NOT NULL DEFAULT '0',
  `last_update` datetime NOT NULL DEFAULT '0000-00-00 00:00:00',
  PRIMARY KEY (`id`)
) ENGINE=MyISAM DEFAULT CHARSET=latin1;
/*!40101 SET character_set_client = @saved_cs_client */;

--
-- Dumping data for table `poller`
--

LOCK TABLES `poller` WRITE;
/*!40000 ALTER TABLE `poller` DISABLE KEYS */;
/*!40000 ALTER TABLE `poller` ENABLE KEYS */;
UNLOCK TABLES;

--
-- Table structure for table `poller_command`
--

DROP TABLE IF EXISTS `poller_command`;
/*!40101 SET @saved_cs_client     = @@character_set_client */;
/*!40101 SET character_set_client = utf8 */;
CREATE TABLE `poller_command` (
  `poller_id` smallint(5) unsigned NOT NULL DEFAULT '0',
  `time` datetime NOT NULL DEFAULT '0000-00-00 00:00:00',
  `action` tinyint(3) unsigned NOT NULL DEFAULT '0',
  `command` varchar(200) NOT NULL DEFAULT '',
  PRIMARY KEY (`poller_id`,`action`,`command`)
) ENGINE=MyISAM DEFAULT CHARSET=latin1;
/*!40101 SET character_set_client = @saved_cs_client */;

--
-- Dumping data for table `poller_command`
--

LOCK TABLES `poller_command` WRITE;
/*!40000 ALTER TABLE `poller_command` DISABLE KEYS */;
/*!40000 ALTER TABLE `poller_command` ENABLE KEYS */;
UNLOCK TABLES;

--
-- Table structure for table `poller_item`
--

DROP TABLE IF EXISTS `poller_item`;
/*!40101 SET @saved_cs_client     = @@character_set_client */;
/*!40101 SET character_set_client = utf8 */;
CREATE TABLE `poller_item` (
  `local_data_id` mediumint(8) unsigned NOT NULL DEFAULT '0',
  `poller_id` smallint(5) unsigned NOT NULL DEFAULT '0',
  `host_id` mediumint(8) unsigned NOT NULL DEFAULT '0',
  `action` tinyint(2) unsigned NOT NULL DEFAULT '1',
  `present` tinyint(4) NOT NULL DEFAULT '1',
  `hostname` varchar(250) NOT NULL DEFAULT '',
  `snmp_community` varchar(100) NOT NULL DEFAULT '',
  `snmp_version` tinyint(1) unsigned NOT NULL DEFAULT '0',
  `snmp_username` varchar(50) NOT NULL DEFAULT '',
  `snmp_password` varchar(50) NOT NULL DEFAULT '',
  `snmp_auth_protocol` varchar(5) NOT NULL DEFAULT '',
  `snmp_priv_passphrase` varchar(200) NOT NULL DEFAULT '',
  `snmp_priv_protocol` varchar(6) NOT NULL DEFAULT '',
  `snmp_context` varchar(64) DEFAULT '',
  `snmp_port` mediumint(5) unsigned NOT NULL DEFAULT '161',
  `snmp_timeout` mediumint(8) unsigned NOT NULL DEFAULT '0',
  `rrd_name` varchar(19) NOT NULL DEFAULT '',
  `rrd_path` varchar(255) NOT NULL DEFAULT '',
  `rrd_num` tinyint(2) unsigned NOT NULL DEFAULT '0',
  `rrd_step` mediumint(8) NOT NULL DEFAULT '300',
  `rrd_next_step` mediumint(8) NOT NULL DEFAULT '0',
  `arg1` text,
  `arg2` varchar(255) DEFAULT NULL,
  `arg3` varchar(255) DEFAULT NULL,
  PRIMARY KEY (`local_data_id`,`rrd_name`),
  KEY `local_data_id` (`local_data_id`),
  KEY `host_id` (`host_id`),
  KEY `rrd_next_step` (`rrd_next_step`),
  KEY `action` (`action`),
  KEY `present` (`present`)
) ENGINE=MyISAM DEFAULT CHARSET=latin1;
/*!40101 SET character_set_client = @saved_cs_client */;

--
-- Dumping data for table `poller_item`
--

LOCK TABLES `poller_item` WRITE;
/*!40000 ALTER TABLE `poller_item` DISABLE KEYS */;
INSERT INTO `poller_item` VALUES (32,0,4,0,1,'10.0.69.6','inf520',2,'','','','','','',161,500,'cpu_user','/var/lib/cacti/rra/helena_cpu_user_32.rrd',1,300,0,'.1.3.6.1.4.1.2021.11.50.0','',''),(31,0,4,0,1,'10.0.69.6','inf520',2,'','','','','','',161,500,'cpu_system','/var/lib/cacti/rra/helena_cpu_system_31.rrd',1,300,0,'.1.3.6.1.4.1.2021.11.52.0','',''),(30,0,4,0,1,'10.0.69.6','inf520',2,'','','','','','',161,500,'cpu_nice','/var/lib/cacti/rra/helena_cpu_nice_30.rrd',1,300,0,'.1.3.6.1.4.1.2021.11.51.0','',''),(29,0,4,1,1,'10.0.69.6','inf520',2,'','','','','','',161,500,'mem_swap','/var/lib/cacti/rra/helena_mem_swap_29.rrd',1,300,0,'perl /usr/share/cacti/site/scripts/linux_memory.pl SwapFree:','',''),(28,0,4,1,1,'10.0.69.6','inf520',2,'','','','','','',161,500,'mem_buffers','/var/lib/cacti/rra/helena_mem_buffers_28.rrd',1,300,0,'perl /usr/share/cacti/site/scripts/linux_memory.pl MemFree:','',''),(8,0,2,1,1,'10.0.69.1','inf520',2,'','','','','','',161,500,'mem_buffers','/var/lib/cacti/rra/beastie_mem_buffers_8.rrd',1,300,0,'perl /usr/share/cacti/site/scripts/linux_memory.pl MemFree:','',''),(9,0,2,1,1,'10.0.69.1','inf520',2,'','','','','','',161,500,'mem_swap','/var/lib/cacti/rra/beastie_mem_swap_9.rrd',1,300,0,'perl /usr/share/cacti/site/scripts/linux_memory.pl SwapFree:','',''),(10,0,2,0,1,'10.0.69.1','inf520',2,'','','','','','',161,500,'cpu_nice','/var/lib/cacti/rra/beastie_cpu_nice_10.rrd',1,300,0,'.1.3.6.1.4.1.2021.11.51.0','',''),(11,0,2,0,1,'10.0.69.1','inf520',2,'','','','','','',161,500,'cpu_system','/var/lib/cacti/rra/beastie_cpu_system_11.rrd',1,300,0,'.1.3.6.1.4.1.2021.11.52.0','',''),(12,0,2,0,1,'10.0.69.1','inf520',2,'','','','','','',161,500,'cpu_user','/var/lib/cacti/rra/beastie_cpu_user_12.rrd',1,300,0,'.1.3.6.1.4.1.2021.11.50.0','',''),(13,0,2,0,1,'10.0.69.1','inf520',2,'','','','','','',161,500,'load_1min','/var/lib/cacti/rra/beastie_load_1min_13.rrd',1,300,0,'.1.3.6.1.4.1.2021.10.1.3.1','',''),(14,0,2,0,1,'10.0.69.1','inf520',2,'','','','','','',161,500,'load_15min','/var/lib/cacti/rra/beastie_load_15min_14.rrd',1,300,0,'.1.3.6.1.4.1.2021.10.1.3.3','',''),(15,0,2,0,1,'10.0.69.1','inf520',2,'','','','','','',161,500,'load_5min','/var/lib/cacti/rra/beastie_load_5min_15.rrd',1,300,0,'.1.3.6.1.4.1.2021.10.1.3.2','',''),(16,0,2,0,1,'10.0.69.1','inf520',2,'','','','','','',161,500,'mem_buffers','/var/lib/cacti/rra/beastie_mem_buffers_16.rrd',1,300,0,'.1.3.6.1.4.1.2021.4.14.0','',''),(17,0,2,0,1,'10.0.69.1','inf520',2,'','','','','','',161,500,'mem_cache','/var/lib/cacti/rra/beastie_mem_cache_17.rrd',1,300,0,'.1.3.6.1.4.1.2021.4.15.0','',''),(18,0,2,0,1,'10.0.69.1','inf520',2,'','','','','','',161,500,'mem_free','/var/lib/cacti/rra/beastie_mem_free_18.rrd',1,300,0,'.1.3.6.1.4.1.2021.4.6.0','',''),(19,0,2,1,1,'10.0.69.1','inf520',2,'','','','','','',161,500,'','/var/lib/cacti/rra/beastie_load_1min_19.rrd',1,300,0,'perl /usr/share/cacti/site/scripts/loadavg_multi.pl','',''),(20,0,2,1,1,'10.0.69.1','inf520',2,'','','','','','',161,500,'users','/var/lib/cacti/rra/beastie_users_20.rrd',1,300,0,'perl /usr/share/cacti/site/scripts/unix_users.pl ','',''),(21,0,2,1,1,'10.0.69.1','inf520',2,'','','','','','',161,500,'proc','/var/lib/cacti/rra/beastie_proc_21.rrd',1,300,0,'perl /usr/share/cacti/site/scripts/unix_processes.pl','',''),(22,0,2,0,1,'10.0.69.1','inf520',2,'','','','','','',161,500,'traffic_in','/var/lib/cacti/rra/beastie_traffic_in_22.rrd',2,300,0,'.1.3.6.1.2.1.31.1.1.1.6.1','',''),(22,0,2,0,1,'10.0.69.1','inf520',2,'','','','','','',161,500,'traffic_out','/var/lib/cacti/rra/beastie_traffic_in_22.rrd',2,300,0,'.1.3.6.1.2.1.31.1.1.1.10.1','',''),(23,0,2,0,1,'10.0.69.1','inf520',2,'','','','','','',161,500,'traffic_in','/var/lib/cacti/rra/beastie_traffic_in_23.rrd',2,300,0,'.1.3.6.1.2.1.31.1.1.1.6.2','',''),(23,0,2,0,1,'10.0.69.1','inf520',2,'','','','','','',161,500,'traffic_out','/var/lib/cacti/rra/beastie_traffic_in_23.rrd',2,300,0,'.1.3.6.1.2.1.31.1.1.1.10.2','',''),(24,0,2,0,1,'10.0.69.1','inf520',2,'','','','','','',161,500,'traffic_in','/var/lib/cacti/rra/beastie_traffic_in_24.rrd',2,300,0,'.1.3.6.1.2.1.31.1.1.1.6.3','',''),(24,0,2,0,1,'10.0.69.1','inf520',2,'','','','','','',161,500,'traffic_out','/var/lib/cacti/rra/beastie_traffic_in_24.rrd',2,300,0,'.1.3.6.1.2.1.31.1.1.1.10.3','',''),(25,0,2,0,1,'10.0.69.1','inf520',2,'','','','','','',161,500,'traffic_in','/var/lib/cacti/rra/beastie_traffic_in_25.rrd',2,300,0,'.1.3.6.1.2.1.31.1.1.1.6.4','',''),(25,0,2,0,1,'10.0.69.1','inf520',2,'','','','','','',161,500,'traffic_out','/var/lib/cacti/rra/beastie_traffic_in_25.rrd',2,300,0,'.1.3.6.1.2.1.31.1.1.1.10.4','',''),(26,0,2,0,1,'10.0.69.1','inf520',2,'','','','','','',161,500,'traffic_in','/var/lib/cacti/rra/beastie_traffic_in_26.rrd',2,300,0,'.1.3.6.1.2.1.31.1.1.1.6.5','',''),(26,0,2,0,1,'10.0.69.1','inf520',2,'','','','','','',161,500,'traffic_out','/var/lib/cacti/rra/beastie_traffic_in_26.rrd',2,300,0,'.1.3.6.1.2.1.31.1.1.1.10.5','',''),(27,0,2,1,1,'10.0.69.1','inf520',2,'','','','','','',161,500,'hdd_free','/var/lib/cacti/rra/beastie_hdd_free_27.rrd',2,300,0,'perl /usr/share/cacti/site/scripts/query_unix_partitions.pl  get available /dev/sda1','',''),(27,0,2,1,1,'10.0.69.1','inf520',2,'','','','','','',161,500,'hdd_used','/var/lib/cacti/rra/beastie_hdd_free_27.rrd',2,300,0,'perl /usr/share/cacti/site/scripts/query_unix_partitions.pl  get used /dev/sda1','',''),(35,0,4,0,1,'10.0.69.6','inf520',2,'','','','','','',161,500,'load_5min','/var/lib/cacti/rra/helena_load_5min_35.rrd',1,300,0,'.1.3.6.1.4.1.2021.10.1.3.2','',''),(34,0,4,0,1,'10.0.69.6','inf520',2,'','','','','','',161,500,'load_15min','/var/lib/cacti/rra/helena_load_15min_34.rrd',1,300,0,'.1.3.6.1.4.1.2021.10.1.3.3','',''),(33,0,4,0,1,'10.0.69.6','inf520',2,'','','','','','',161,500,'load_1min','/var/lib/cacti/rra/helena_load_1min_33.rrd',1,300,0,'.1.3.6.1.4.1.2021.10.1.3.1','',''),(36,0,4,0,1,'10.0.69.6','inf520',2,'','','','','','',161,500,'mem_buffers','/var/lib/cacti/rra/helena_mem_buffers_36.rrd',1,300,0,'.1.3.6.1.4.1.2021.4.14.0','',''),(37,0,4,0,1,'10.0.69.6','inf520',2,'','','','','','',161,500,'mem_cache','/var/lib/cacti/rra/helena_mem_cache_37.rrd',1,300,0,'.1.3.6.1.4.1.2021.4.15.0','',''),(38,0,4,0,1,'10.0.69.6','inf520',2,'','','','','','',161,500,'mem_free','/var/lib/cacti/rra/helena_mem_free_38.rrd',1,300,0,'.1.3.6.1.4.1.2021.4.6.0','',''),(39,0,4,1,1,'10.0.69.6','inf520',2,'','','','','','',161,500,'','/var/lib/cacti/rra/helena_load_1min_39.rrd',1,300,0,'perl /usr/share/cacti/site/scripts/loadavg_multi.pl','',''),(40,0,4,1,1,'10.0.69.6','inf520',2,'','','','','','',161,500,'users','/var/lib/cacti/rra/helena_users_40.rrd',1,300,0,'perl /usr/share/cacti/site/scripts/unix_users.pl ','',''),(41,0,4,1,1,'10.0.69.6','inf520',2,'','','','','','',161,500,'proc','/var/lib/cacti/rra/helena_proc_41.rrd',1,300,0,'perl /usr/share/cacti/site/scripts/unix_processes.pl','',''),(42,0,4,0,1,'10.0.69.6','inf520',2,'','','','','','',161,500,'traffic_in','/var/lib/cacti/rra/helena_traffic_in_42.rrd',2,300,0,'.1.3.6.1.2.1.31.1.1.1.6.1','',''),(42,0,4,0,1,'10.0.69.6','inf520',2,'','','','','','',161,500,'traffic_out','/var/lib/cacti/rra/helena_traffic_in_42.rrd',2,300,0,'.1.3.6.1.2.1.31.1.1.1.10.1','',''),(43,0,4,0,1,'10.0.69.6','inf520',2,'','','','','','',161,500,'traffic_in','/var/lib/cacti/rra/helena_traffic_in_43.rrd',2,300,0,'.1.3.6.1.2.1.31.1.1.1.6.2','',''),(43,0,4,0,1,'10.0.69.6','inf520',2,'','','','','','',161,500,'traffic_out','/var/lib/cacti/rra/helena_traffic_in_43.rrd',2,300,0,'.1.3.6.1.2.1.31.1.1.1.10.2','',''),(44,0,4,0,1,'10.0.69.6','inf520',2,'','','','','','',161,500,'traffic_in','/var/lib/cacti/rra/helena_traffic_in_44.rrd',2,300,0,'.1.3.6.1.2.1.31.1.1.1.6.3','',''),(44,0,4,0,1,'10.0.69.6','inf520',2,'','','','','','',161,500,'traffic_out','/var/lib/cacti/rra/helena_traffic_in_44.rrd',2,300,0,'.1.3.6.1.2.1.31.1.1.1.10.3','',''),(45,0,4,0,1,'10.0.69.6','inf520',2,'','','','','','',161,500,'hdd_free','/var/lib/cacti/rra/helena_hdd_free_45.rrd',2,300,0,'.1.3.6.1.4.1.2021.9.1.7.1','',''),(45,0,4,0,1,'10.0.69.6','inf520',2,'','','','','','',161,500,'hdd_used','/var/lib/cacti/rra/helena_hdd_free_45.rrd',2,300,0,'.1.3.6.1.4.1.2021.9.1.8.1','',''),(46,0,4,0,1,'10.0.69.6','inf520',2,'','','','','','',161,500,'hdd_free','/var/lib/cacti/rra/helena_hdd_free_46.rrd',2,300,0,'.1.3.6.1.4.1.2021.9.1.7.2','',''),(46,0,4,0,1,'10.0.69.6','inf520',2,'','','','','','',161,500,'hdd_used','/var/lib/cacti/rra/helena_hdd_free_46.rrd',2,300,0,'.1.3.6.1.4.1.2021.9.1.8.2','',''),(47,0,4,0,1,'10.0.69.6','inf520',2,'','','','','','',161,500,'hdd_free','/var/lib/cacti/rra/helena_hdd_free_47.rrd',2,300,0,'.1.3.6.1.4.1.2021.9.1.7.3','',''),(47,0,4,0,1,'10.0.69.6','inf520',2,'','','','','','',161,500,'hdd_used','/var/lib/cacti/rra/helena_hdd_free_47.rrd',2,300,0,'.1.3.6.1.4.1.2021.9.1.8.3','',''),(48,0,4,0,1,'10.0.69.6','inf520',2,'','','','','','',161,500,'hdd_free','/var/lib/cacti/rra/helena_hdd_free_48.rrd',2,300,0,'.1.3.6.1.4.1.2021.9.1.7.4','',''),(48,0,4,0,1,'10.0.69.6','inf520',2,'','','','','','',161,500,'hdd_used','/var/lib/cacti/rra/helena_hdd_free_48.rrd',2,300,0,'.1.3.6.1.4.1.2021.9.1.8.4','',''),(49,0,4,0,1,'10.0.69.6','inf520',2,'','','','','','',161,500,'hdd_free','/var/lib/cacti/rra/helena_hdd_free_49.rrd',2,300,0,'.1.3.6.1.4.1.2021.9.1.7.5','',''),(49,0,4,0,1,'10.0.69.6','inf520',2,'','','','','','',161,500,'hdd_used','/var/lib/cacti/rra/helena_hdd_free_49.rrd',2,300,0,'.1.3.6.1.4.1.2021.9.1.8.5','',''),(50,0,4,0,1,'10.0.69.6','inf520',2,'','','','','','',161,500,'hdd_free','/var/lib/cacti/rra/helena_hdd_free_50.rrd',2,300,0,'.1.3.6.1.4.1.2021.9.1.7.6','',''),(50,0,4,0,1,'10.0.69.6','inf520',2,'','','','','','',161,500,'hdd_used','/var/lib/cacti/rra/helena_hdd_free_50.rrd',2,300,0,'.1.3.6.1.4.1.2021.9.1.8.6','',''),(51,0,4,0,1,'10.0.69.6','inf520',2,'','','','','','',161,500,'hdd_free','/var/lib/cacti/rra/helena_hdd_free_51.rrd',2,300,0,'.1.3.6.1.4.1.2021.9.1.7.7','',''),(51,0,4,0,1,'10.0.69.6','inf520',2,'','','','','','',161,500,'hdd_used','/var/lib/cacti/rra/helena_hdd_free_51.rrd',2,300,0,'.1.3.6.1.4.1.2021.9.1.8.7','',''),(52,0,4,0,1,'10.0.69.6','inf520',2,'','','','','','',161,500,'hdd_free','/var/lib/cacti/rra/helena_hdd_free_52.rrd',2,300,0,'.1.3.6.1.4.1.2021.9.1.7.8','',''),(52,0,4,0,1,'10.0.69.6','inf520',2,'','','','','','',161,500,'hdd_used','/var/lib/cacti/rra/helena_hdd_free_52.rrd',2,300,0,'.1.3.6.1.4.1.2021.9.1.8.8','',''),(53,0,4,1,1,'10.0.69.6','inf520',2,'','','','','','',161,500,'hdd_free','/var/lib/cacti/rra/helena_hdd_free_53.rrd',2,300,0,'perl /usr/share/cacti/site/scripts/query_unix_partitions.pl  get available /dev/sda1','',''),(53,0,4,1,1,'10.0.69.6','inf520',2,'','','','','','',161,500,'hdd_used','/var/lib/cacti/rra/helena_hdd_free_53.rrd',2,300,0,'perl /usr/share/cacti/site/scripts/query_unix_partitions.pl  get used /dev/sda1','',''),(54,0,3,1,1,'10.0.69.3','inf520',2,'','','','','','',161,500,'mem_buffers','/var/lib/cacti/rra/maria_mem_buffers_54.rrd',1,300,0,'perl /usr/share/cacti/site/scripts/linux_memory.pl MemFree:','',''),(55,0,3,1,1,'10.0.69.3','inf520',2,'','','','','','',161,500,'mem_swap','/var/lib/cacti/rra/maria_mem_swap_55.rrd',1,300,0,'perl /usr/share/cacti/site/scripts/linux_memory.pl SwapFree:','',''),(56,0,3,0,1,'10.0.69.3','inf520',2,'','','','','','',161,500,'cpu_nice','/var/lib/cacti/rra/maria_cpu_nice_56.rrd',1,300,0,'.1.3.6.1.4.1.2021.11.51.0','',''),(57,0,3,0,1,'10.0.69.3','inf520',2,'','','','','','',161,500,'cpu_system','/var/lib/cacti/rra/maria_cpu_system_57.rrd',1,300,0,'.1.3.6.1.4.1.2021.11.52.0','',''),(58,0,3,0,1,'10.0.69.3','inf520',2,'','','','','','',161,500,'cpu_user','/var/lib/cacti/rra/maria_cpu_user_58.rrd',1,300,0,'.1.3.6.1.4.1.2021.11.50.0','',''),(59,0,3,0,1,'10.0.69.3','inf520',2,'','','','','','',161,500,'load_1min','/var/lib/cacti/rra/maria_load_1min_59.rrd',1,300,0,'.1.3.6.1.4.1.2021.10.1.3.1','',''),(60,0,3,0,1,'10.0.69.3','inf520',2,'','','','','','',161,500,'load_15min','/var/lib/cacti/rra/maria_load_15min_60.rrd',1,300,0,'.1.3.6.1.4.1.2021.10.1.3.3','',''),(61,0,3,0,1,'10.0.69.3','inf520',2,'','','','','','',161,500,'load_5min','/var/lib/cacti/rra/maria_load_5min_61.rrd',1,300,0,'.1.3.6.1.4.1.2021.10.1.3.2','',''),(62,0,3,0,1,'10.0.69.3','inf520',2,'','','','','','',161,500,'mem_buffers','/var/lib/cacti/rra/maria_mem_buffers_62.rrd',1,300,0,'.1.3.6.1.4.1.2021.4.14.0','',''),(63,0,3,0,1,'10.0.69.3','inf520',2,'','','','','','',161,500,'mem_cache','/var/lib/cacti/rra/maria_mem_cache_63.rrd',1,300,0,'.1.3.6.1.4.1.2021.4.15.0','',''),(64,0,3,0,1,'10.0.69.3','inf520',2,'','','','','','',161,500,'mem_free','/var/lib/cacti/rra/maria_mem_free_64.rrd',1,300,0,'.1.3.6.1.4.1.2021.4.6.0','',''),(65,0,3,1,1,'10.0.69.3','inf520',2,'','','','','','',161,500,'','/var/lib/cacti/rra/maria_load_1min_65.rrd',1,300,0,'perl /usr/share/cacti/site/scripts/loadavg_multi.pl','',''),(66,0,3,1,1,'10.0.69.3','inf520',2,'','','','','','',161,500,'users','/var/lib/cacti/rra/maria_users_66.rrd',1,300,0,'perl /usr/share/cacti/site/scripts/unix_users.pl ','',''),(67,0,3,1,1,'10.0.69.3','inf520',2,'','','','','','',161,500,'proc','/var/lib/cacti/rra/maria_proc_67.rrd',1,300,0,'perl /usr/share/cacti/site/scripts/unix_processes.pl','',''),(68,0,3,0,1,'10.0.69.3','inf520',2,'','','','','','',161,500,'traffic_in','/var/lib/cacti/rra/maria_traffic_in_68.rrd',2,300,0,'.1.3.6.1.2.1.31.1.1.1.6.1','',''),(68,0,3,0,1,'10.0.69.3','inf520',2,'','','','','','',161,500,'traffic_out','/var/lib/cacti/rra/maria_traffic_in_68.rrd',2,300,0,'.1.3.6.1.2.1.31.1.1.1.10.1','',''),(69,0,3,0,1,'10.0.69.3','inf520',2,'','','','','','',161,500,'traffic_in','/var/lib/cacti/rra/maria_traffic_in_69.rrd',2,300,0,'.1.3.6.1.2.1.31.1.1.1.6.2','',''),(69,0,3,0,1,'10.0.69.3','inf520',2,'','','','','','',161,500,'traffic_out','/var/lib/cacti/rra/maria_traffic_in_69.rrd',2,300,0,'.1.3.6.1.2.1.31.1.1.1.10.2','',''),(70,0,3,0,1,'10.0.69.3','inf520',2,'','','','','','',161,500,'traffic_in','/var/lib/cacti/rra/maria_traffic_in_70.rrd',2,300,0,'.1.3.6.1.2.1.31.1.1.1.6.3','',''),(70,0,3,0,1,'10.0.69.3','inf520',2,'','','','','','',161,500,'traffic_out','/var/lib/cacti/rra/maria_traffic_in_70.rrd',2,300,0,'.1.3.6.1.2.1.31.1.1.1.10.3','',''),(71,0,3,0,1,'10.0.69.3','inf520',2,'','','','','','',161,500,'hdd_free','/var/lib/cacti/rra/maria_hdd_free_71.rrd',2,300,0,'.1.3.6.1.4.1.2021.9.1.7.1','',''),(71,0,3,0,1,'10.0.69.3','inf520',2,'','','','','','',161,500,'hdd_used','/var/lib/cacti/rra/maria_hdd_free_71.rrd',2,300,0,'.1.3.6.1.4.1.2021.9.1.8.1','',''),(72,0,3,0,1,'10.0.69.3','inf520',2,'','','','','','',161,500,'hdd_free','/var/lib/cacti/rra/maria_hdd_free_72.rrd',2,300,0,'.1.3.6.1.4.1.2021.9.1.7.2','',''),(72,0,3,0,1,'10.0.69.3','inf520',2,'','','','','','',161,500,'hdd_used','/var/lib/cacti/rra/maria_hdd_free_72.rrd',2,300,0,'.1.3.6.1.4.1.2021.9.1.8.2','',''),(73,0,3,0,1,'10.0.69.3','inf520',2,'','','','','','',161,500,'hdd_free','/var/lib/cacti/rra/maria_hdd_free_73.rrd',2,300,0,'.1.3.6.1.4.1.2021.9.1.7.3','',''),(73,0,3,0,1,'10.0.69.3','inf520',2,'','','','','','',161,500,'hdd_used','/var/lib/cacti/rra/maria_hdd_free_73.rrd',2,300,0,'.1.3.6.1.4.1.2021.9.1.8.3','',''),(74,0,3,0,1,'10.0.69.3','inf520',2,'','','','','','',161,500,'hdd_free','/var/lib/cacti/rra/maria_hdd_free_74.rrd',2,300,0,'.1.3.6.1.4.1.2021.9.1.7.4','',''),(74,0,3,0,1,'10.0.69.3','inf520',2,'','','','','','',161,500,'hdd_used','/var/lib/cacti/rra/maria_hdd_free_74.rrd',2,300,0,'.1.3.6.1.4.1.2021.9.1.8.4','',''),(75,0,3,0,1,'10.0.69.3','inf520',2,'','','','','','',161,500,'hdd_free','/var/lib/cacti/rra/maria_hdd_free_75.rrd',2,300,0,'.1.3.6.1.4.1.2021.9.1.7.5','',''),(75,0,3,0,1,'10.0.69.3','inf520',2,'','','','','','',161,500,'hdd_used','/var/lib/cacti/rra/maria_hdd_free_75.rrd',2,300,0,'.1.3.6.1.4.1.2021.9.1.8.5','',''),(76,0,3,0,1,'10.0.69.3','inf520',2,'','','','','','',161,500,'hdd_free','/var/lib/cacti/rra/maria_hdd_free_76.rrd',2,300,0,'.1.3.6.1.4.1.2021.9.1.7.6','',''),(76,0,3,0,1,'10.0.69.3','inf520',2,'','','','','','',161,500,'hdd_used','/var/lib/cacti/rra/maria_hdd_free_76.rrd',2,300,0,'.1.3.6.1.4.1.2021.9.1.8.6','',''),(77,0,3,0,1,'10.0.69.3','inf520',2,'','','','','','',161,500,'hdd_free','/var/lib/cacti/rra/maria_hdd_free_77.rrd',2,300,0,'.1.3.6.1.4.1.2021.9.1.7.7','',''),(77,0,3,0,1,'10.0.69.3','inf520',2,'','','','','','',161,500,'hdd_used','/var/lib/cacti/rra/maria_hdd_free_77.rrd',2,300,0,'.1.3.6.1.4.1.2021.9.1.8.7','',''),(78,0,3,0,1,'10.0.69.3','inf520',2,'','','','','','',161,500,'hdd_free','/var/lib/cacti/rra/maria_hdd_free_78.rrd',2,300,0,'.1.3.6.1.4.1.2021.9.1.7.8','',''),(78,0,3,0,1,'10.0.69.3','inf520',2,'','','','','','',161,500,'hdd_used','/var/lib/cacti/rra/maria_hdd_free_78.rrd',2,300,0,'.1.3.6.1.4.1.2021.9.1.8.8','',''),(79,0,3,1,1,'10.0.69.3','inf520',2,'','','','','','',161,500,'hdd_free','/var/lib/cacti/rra/maria_hdd_free_79.rrd',2,300,0,'perl /usr/share/cacti/site/scripts/query_unix_partitions.pl  get available /dev/sda1','',''),(79,0,3,1,1,'10.0.69.3','inf520',2,'','','','','','',161,500,'hdd_used','/var/lib/cacti/rra/maria_hdd_free_79.rrd',2,300,0,'perl /usr/share/cacti/site/scripts/query_unix_partitions.pl  get used /dev/sda1','',''),(80,0,5,1,1,'10.0.69.5','inf520',2,'','','','','','',161,500,'mem_buffers','/var/lib/cacti/rra/joaquina_mem_buffers_80.rrd',1,300,0,'perl /usr/share/cacti/site/scripts/linux_memory.pl MemFree:','',''),(81,0,5,1,1,'10.0.69.5','inf520',2,'','','','','','',161,500,'mem_swap','/var/lib/cacti/rra/joaquina_mem_swap_81.rrd',1,300,0,'perl /usr/share/cacti/site/scripts/linux_memory.pl SwapFree:','',''),(82,0,5,0,1,'10.0.69.5','inf520',2,'','','','','','',161,500,'cpu_nice','/var/lib/cacti/rra/joaquina_cpu_nice_82.rrd',1,300,0,'.1.3.6.1.4.1.2021.11.51.0','',''),(83,0,5,0,1,'10.0.69.5','inf520',2,'','','','','','',161,500,'cpu_system','/var/lib/cacti/rra/joaquina_cpu_system_83.rrd',1,300,0,'.1.3.6.1.4.1.2021.11.52.0','',''),(84,0,5,0,1,'10.0.69.5','inf520',2,'','','','','','',161,500,'cpu_user','/var/lib/cacti/rra/joaquina_cpu_user_84.rrd',1,300,0,'.1.3.6.1.4.1.2021.11.50.0','',''),(85,0,5,0,1,'10.0.69.5','inf520',2,'','','','','','',161,500,'load_1min','/var/lib/cacti/rra/joaquina_load_1min_85.rrd',1,300,0,'.1.3.6.1.4.1.2021.10.1.3.1','',''),(86,0,5,0,1,'10.0.69.5','inf520',2,'','','','','','',161,500,'load_15min','/var/lib/cacti/rra/joaquina_load_15min_86.rrd',1,300,0,'.1.3.6.1.4.1.2021.10.1.3.3','',''),(87,0,5,0,1,'10.0.69.5','inf520',2,'','','','','','',161,500,'load_5min','/var/lib/cacti/rra/joaquina_load_5min_87.rrd',1,300,0,'.1.3.6.1.4.1.2021.10.1.3.2','',''),(88,0,5,0,1,'10.0.69.5','inf520',2,'','','','','','',161,500,'mem_buffers','/var/lib/cacti/rra/joaquina_mem_buffers_88.rrd',1,300,0,'.1.3.6.1.4.1.2021.4.14.0','',''),(89,0,5,0,1,'10.0.69.5','inf520',2,'','','','','','',161,500,'mem_cache','/var/lib/cacti/rra/joaquina_mem_cache_89.rrd',1,300,0,'.1.3.6.1.4.1.2021.4.15.0','',''),(90,0,5,0,1,'10.0.69.5','inf520',2,'','','','','','',161,500,'mem_free','/var/lib/cacti/rra/joaquina_mem_free_90.rrd',1,300,0,'.1.3.6.1.4.1.2021.4.6.0','',''),(91,0,5,1,1,'10.0.69.5','inf520',2,'','','','','','',161,500,'','/var/lib/cacti/rra/joaquina_load_1min_91.rrd',1,300,0,'perl /usr/share/cacti/site/scripts/loadavg_multi.pl','',''),(92,0,5,1,1,'10.0.69.5','inf520',2,'','','','','','',161,500,'users','/var/lib/cacti/rra/joaquina_users_92.rrd',1,300,0,'perl /usr/share/cacti/site/scripts/unix_users.pl ','',''),(93,0,5,1,1,'10.0.69.5','inf520',2,'','','','','','',161,500,'proc','/var/lib/cacti/rra/joaquina_proc_93.rrd',1,300,0,'perl /usr/share/cacti/site/scripts/unix_processes.pl','',''),(94,0,5,0,1,'10.0.69.5','inf520',2,'','','','','','',161,500,'traffic_in','/var/lib/cacti/rra/joaquina_traffic_in_94.rrd',2,300,0,'.1.3.6.1.2.1.31.1.1.1.6.1','',''),(94,0,5,0,1,'10.0.69.5','inf520',2,'','','','','','',161,500,'traffic_out','/var/lib/cacti/rra/joaquina_traffic_in_94.rrd',2,300,0,'.1.3.6.1.2.1.31.1.1.1.10.1','',''),(95,0,5,0,1,'10.0.69.5','inf520',2,'','','','','','',161,500,'traffic_in','/var/lib/cacti/rra/joaquina_traffic_in_95.rrd',2,300,0,'.1.3.6.1.2.1.31.1.1.1.6.2','',''),(95,0,5,0,1,'10.0.69.5','inf520',2,'','','','','','',161,500,'traffic_out','/var/lib/cacti/rra/joaquina_traffic_in_95.rrd',2,300,0,'.1.3.6.1.2.1.31.1.1.1.10.2','',''),(96,0,5,0,1,'10.0.69.5','inf520',2,'','','','','','',161,500,'traffic_in','/var/lib/cacti/rra/joaquina_traffic_in_96.rrd',2,300,0,'.1.3.6.1.2.1.31.1.1.1.6.3','',''),(96,0,5,0,1,'10.0.69.5','inf520',2,'','','','','','',161,500,'traffic_out','/var/lib/cacti/rra/joaquina_traffic_in_96.rrd',2,300,0,'.1.3.6.1.2.1.31.1.1.1.10.3','',''),(97,0,5,0,1,'10.0.69.5','inf520',2,'','','','','','',161,500,'hdd_free','/var/lib/cacti/rra/joaquina_hdd_free_97.rrd',2,300,0,'.1.3.6.1.4.1.2021.9.1.7.1','',''),(97,0,5,0,1,'10.0.69.5','inf520',2,'','','','','','',161,500,'hdd_used','/var/lib/cacti/rra/joaquina_hdd_free_97.rrd',2,300,0,'.1.3.6.1.4.1.2021.9.1.8.1','',''),(98,0,5,0,1,'10.0.69.5','inf520',2,'','','','','','',161,500,'hdd_free','/var/lib/cacti/rra/joaquina_hdd_free_98.rrd',2,300,0,'.1.3.6.1.4.1.2021.9.1.7.2','',''),(98,0,5,0,1,'10.0.69.5','inf520',2,'','','','','','',161,500,'hdd_used','/var/lib/cacti/rra/joaquina_hdd_free_98.rrd',2,300,0,'.1.3.6.1.4.1.2021.9.1.8.2','',''),(99,0,5,0,1,'10.0.69.5','inf520',2,'','','','','','',161,500,'hdd_free','/var/lib/cacti/rra/joaquina_hdd_free_99.rrd',2,300,0,'.1.3.6.1.4.1.2021.9.1.7.3','',''),(99,0,5,0,1,'10.0.69.5','inf520',2,'','','','','','',161,500,'hdd_used','/var/lib/cacti/rra/joaquina_hdd_free_99.rrd',2,300,0,'.1.3.6.1.4.1.2021.9.1.8.3','',''),(100,0,5,0,1,'10.0.69.5','inf520',2,'','','','','','',161,500,'hdd_free','/var/lib/cacti/rra/joaquina_hdd_free_100.rrd',2,300,0,'.1.3.6.1.4.1.2021.9.1.7.4','',''),(100,0,5,0,1,'10.0.69.5','inf520',2,'','','','','','',161,500,'hdd_used','/var/lib/cacti/rra/joaquina_hdd_free_100.rrd',2,300,0,'.1.3.6.1.4.1.2021.9.1.8.4','',''),(101,0,5,0,1,'10.0.69.5','inf520',2,'','','','','','',161,500,'hdd_free','/var/lib/cacti/rra/joaquina_hdd_free_101.rrd',2,300,0,'.1.3.6.1.4.1.2021.9.1.7.5','',''),(101,0,5,0,1,'10.0.69.5','inf520',2,'','','','','','',161,500,'hdd_used','/var/lib/cacti/rra/joaquina_hdd_free_101.rrd',2,300,0,'.1.3.6.1.4.1.2021.9.1.8.5','',''),(102,0,5,0,1,'10.0.69.5','inf520',2,'','','','','','',161,500,'hdd_free','/var/lib/cacti/rra/joaquina_hdd_free_102.rrd',2,300,0,'.1.3.6.1.4.1.2021.9.1.7.6','',''),(102,0,5,0,1,'10.0.69.5','inf520',2,'','','','','','',161,500,'hdd_used','/var/lib/cacti/rra/joaquina_hdd_free_102.rrd',2,300,0,'.1.3.6.1.4.1.2021.9.1.8.6','',''),(103,0,5,0,1,'10.0.69.5','inf520',2,'','','','','','',161,500,'hdd_free','/var/lib/cacti/rra/joaquina_hdd_free_103.rrd',2,300,0,'.1.3.6.1.4.1.2021.9.1.7.7','',''),(103,0,5,0,1,'10.0.69.5','inf520',2,'','','','','','',161,500,'hdd_used','/var/lib/cacti/rra/joaquina_hdd_free_103.rrd',2,300,0,'.1.3.6.1.4.1.2021.9.1.8.7','',''),(104,0,5,0,1,'10.0.69.5','inf520',2,'','','','','','',161,500,'hdd_free','/var/lib/cacti/rra/joaquina_hdd_free_104.rrd',2,300,0,'.1.3.6.1.4.1.2021.9.1.7.8','',''),(104,0,5,0,1,'10.0.69.5','inf520',2,'','','','','','',161,500,'hdd_used','/var/lib/cacti/rra/joaquina_hdd_free_104.rrd',2,300,0,'.1.3.6.1.4.1.2021.9.1.8.8','',''),(105,0,5,1,1,'10.0.69.5','inf520',2,'','','','','','',161,500,'hdd_free','/var/lib/cacti/rra/joaquina_hdd_free_105.rrd',2,300,0,'perl /usr/share/cacti/site/scripts/query_unix_partitions.pl  get available /dev/sda1','',''),(105,0,5,1,1,'10.0.69.5','inf520',2,'','','','','','',161,500,'hdd_used','/var/lib/cacti/rra/joaquina_hdd_free_105.rrd',2,300,0,'perl /usr/share/cacti/site/scripts/query_unix_partitions.pl  get used /dev/sda1','',''),(119,0,7,1,1,'10.0.69.2','cacti',2,'','','','','','',161,500,'proc','/var/lib/cacti/rra/rita_proc_119.rrd',1,300,0,'perl /usr/share/cacti/site/scripts/unix_processes.pl','',''),(118,0,7,1,1,'10.0.69.2','cacti',2,'','','','','','',161,500,'users','/var/lib/cacti/rra/rita_users_118.rrd',1,300,0,'perl /usr/share/cacti/site/scripts/unix_users.pl ','',''),(117,0,7,1,1,'10.0.69.2','cacti',2,'','','','','','',161,500,'','/var/lib/cacti/rra/rita_load_1min_117.rrd',1,300,0,'perl /usr/share/cacti/site/scripts/loadavg_multi.pl','',''),(116,0,7,0,1,'10.0.69.2','cacti',2,'','','','','','',161,500,'mem_free','/var/lib/cacti/rra/rita_mem_free_116.rrd',1,300,0,'.1.3.6.1.4.1.2021.4.6.0','',''),(115,0,7,0,1,'10.0.69.2','cacti',2,'','','','','','',161,500,'mem_cache','/var/lib/cacti/rra/rita_mem_cache_115.rrd',1,300,0,'.1.3.6.1.4.1.2021.4.15.0','',''),(114,0,7,0,1,'10.0.69.2','cacti',2,'','','','','','',161,500,'mem_buffers','/var/lib/cacti/rra/rita_mem_buffers_114.rrd',1,300,0,'.1.3.6.1.4.1.2021.4.14.0','',''),(113,0,7,0,1,'10.0.69.2','cacti',2,'','','','','','',161,500,'load_5min','/var/lib/cacti/rra/rita_load_5min_113.rrd',1,300,0,'.1.3.6.1.4.1.2021.10.1.3.2','',''),(112,0,7,0,1,'10.0.69.2','cacti',2,'','','','','','',161,500,'load_15min','/var/lib/cacti/rra/rita_load_15min_112.rrd',1,300,0,'.1.3.6.1.4.1.2021.10.1.3.3','',''),(111,0,7,0,1,'10.0.69.2','cacti',2,'','','','','','',161,500,'load_1min','/var/lib/cacti/rra/rita_load_1min_111.rrd',1,300,0,'.1.3.6.1.4.1.2021.10.1.3.1','',''),(110,0,7,0,1,'10.0.69.2','cacti',2,'','','','','','',161,500,'cpu_user','/var/lib/cacti/rra/rita_cpu_user_110.rrd',1,300,0,'.1.3.6.1.4.1.2021.11.50.0','',''),(109,0,7,0,1,'10.0.69.2','cacti',2,'','','','','','',161,500,'cpu_system','/var/lib/cacti/rra/rita_cpu_system_109.rrd',1,300,0,'.1.3.6.1.4.1.2021.11.52.0','',''),(108,0,7,0,1,'10.0.69.2','cacti',2,'','','','','','',161,500,'cpu_nice','/var/lib/cacti/rra/rita_cpu_nice_108.rrd',1,300,0,'.1.3.6.1.4.1.2021.11.51.0','',''),(107,0,7,1,1,'10.0.69.2','cacti',2,'','','','','','',161,500,'mem_swap','/var/lib/cacti/rra/rita_mem_swap_107.rrd',1,300,0,'perl /usr/share/cacti/site/scripts/linux_memory.pl SwapFree:','',''),(106,0,7,1,1,'10.0.69.2','cacti',2,'','','','','','',161,500,'mem_buffers','/var/lib/cacti/rra/rita_mem_buffers_106.rrd',1,300,0,'perl /usr/share/cacti/site/scripts/linux_memory.pl MemFree:','',''),(120,0,7,0,1,'10.0.69.2','cacti',2,'','','','','','',161,500,'traffic_in','/var/lib/cacti/rra/rita_traffic_in_120.rrd',2,300,0,'.1.3.6.1.2.1.31.1.1.1.6.1','',''),(120,0,7,0,1,'10.0.69.2','cacti',2,'','','','','','',161,500,'traffic_out','/var/lib/cacti/rra/rita_traffic_in_120.rrd',2,300,0,'.1.3.6.1.2.1.31.1.1.1.10.1','',''),(121,0,7,0,1,'10.0.69.2','cacti',2,'','','','','','',161,500,'traffic_in','/var/lib/cacti/rra/rita_traffic_in_121.rrd',2,300,0,'.1.3.6.1.2.1.31.1.1.1.6.2','',''),(121,0,7,0,1,'10.0.69.2','cacti',2,'','','','','','',161,500,'traffic_out','/var/lib/cacti/rra/rita_traffic_in_121.rrd',2,300,0,'.1.3.6.1.2.1.31.1.1.1.10.2','',''),(122,0,7,0,1,'10.0.69.2','cacti',2,'','','','','','',161,500,'traffic_in','/var/lib/cacti/rra/rita_traffic_in_122.rrd',2,300,0,'.1.3.6.1.2.1.31.1.1.1.6.3','',''),(122,0,7,0,1,'10.0.69.2','cacti',2,'','','','','','',161,500,'traffic_out','/var/lib/cacti/rra/rita_traffic_in_122.rrd',2,300,0,'.1.3.6.1.2.1.31.1.1.1.10.3','',''),(123,0,7,0,1,'10.0.69.2','cacti',2,'','','','','','',161,500,'hdd_free','/var/lib/cacti/rra/rita_hdd_free_123.rrd',2,300,0,'.1.3.6.1.4.1.2021.9.1.7.1','',''),(123,0,7,0,1,'10.0.69.2','cacti',2,'','','','','','',161,500,'hdd_used','/var/lib/cacti/rra/rita_hdd_free_123.rrd',2,300,0,'.1.3.6.1.4.1.2021.9.1.8.1','',''),(124,0,7,0,1,'10.0.69.2','cacti',2,'','','','','','',161,500,'hdd_free','/var/lib/cacti/rra/rita_hdd_free_124.rrd',2,300,0,'.1.3.6.1.4.1.2021.9.1.7.2','',''),(124,0,7,0,1,'10.0.69.2','cacti',2,'','','','','','',161,500,'hdd_used','/var/lib/cacti/rra/rita_hdd_free_124.rrd',2,300,0,'.1.3.6.1.4.1.2021.9.1.8.2','',''),(125,0,7,0,1,'10.0.69.2','cacti',2,'','','','','','',161,500,'hdd_free','/var/lib/cacti/rra/rita_hdd_free_125.rrd',2,300,0,'.1.3.6.1.4.1.2021.9.1.7.3','',''),(125,0,7,0,1,'10.0.69.2','cacti',2,'','','','','','',161,500,'hdd_used','/var/lib/cacti/rra/rita_hdd_free_125.rrd',2,300,0,'.1.3.6.1.4.1.2021.9.1.8.3','',''),(126,0,7,0,1,'10.0.69.2','cacti',2,'','','','','','',161,500,'hdd_free','/var/lib/cacti/rra/rita_hdd_free_126.rrd',2,300,0,'.1.3.6.1.4.1.2021.9.1.7.4','',''),(126,0,7,0,1,'10.0.69.2','cacti',2,'','','','','','',161,500,'hdd_used','/var/lib/cacti/rra/rita_hdd_free_126.rrd',2,300,0,'.1.3.6.1.4.1.2021.9.1.8.4','',''),(127,0,7,0,1,'10.0.69.2','cacti',2,'','','','','','',161,500,'hdd_free','/var/lib/cacti/rra/rita_hdd_free_127.rrd',2,300,0,'.1.3.6.1.4.1.2021.9.1.7.5','',''),(127,0,7,0,1,'10.0.69.2','cacti',2,'','','','','','',161,500,'hdd_used','/var/lib/cacti/rra/rita_hdd_free_127.rrd',2,300,0,'.1.3.6.1.4.1.2021.9.1.8.5','',''),(128,0,7,0,1,'10.0.69.2','cacti',2,'','','','','','',161,500,'hdd_free','/var/lib/cacti/rra/rita_hdd_free_128.rrd',2,300,0,'.1.3.6.1.4.1.2021.9.1.7.6','',''),(128,0,7,0,1,'10.0.69.2','cacti',2,'','','','','','',161,500,'hdd_used','/var/lib/cacti/rra/rita_hdd_free_128.rrd',2,300,0,'.1.3.6.1.4.1.2021.9.1.8.6','',''),(129,0,7,0,1,'10.0.69.2','cacti',2,'','','','','','',161,500,'hdd_free','/var/lib/cacti/rra/rita_hdd_free_129.rrd',2,300,0,'.1.3.6.1.4.1.2021.9.1.7.7','',''),(129,0,7,0,1,'10.0.69.2','cacti',2,'','','','','','',161,500,'hdd_used','/var/lib/cacti/rra/rita_hdd_free_129.rrd',2,300,0,'.1.3.6.1.4.1.2021.9.1.8.7','',''),(130,0,7,0,1,'10.0.69.2','cacti',2,'','','','','','',161,500,'hdd_free','/var/lib/cacti/rra/rita_hdd_free_130.rrd',2,300,0,'.1.3.6.1.4.1.2021.9.1.7.8','',''),(130,0,7,0,1,'10.0.69.2','cacti',2,'','','','','','',161,500,'hdd_used','/var/lib/cacti/rra/rita_hdd_free_130.rrd',2,300,0,'.1.3.6.1.4.1.2021.9.1.8.8','',''),(131,0,7,1,1,'10.0.69.2','cacti',2,'','','','','','',161,500,'hdd_free','/var/lib/cacti/rra/rita_hdd_free_131.rrd',2,300,0,'perl /usr/share/cacti/site/scripts/query_unix_partitions.pl  get available /dev/sda1','',''),(131,0,7,1,1,'10.0.69.2','cacti',2,'','','','','','',161,500,'hdd_used','/var/lib/cacti/rra/rita_hdd_free_131.rrd',2,300,0,'perl /usr/share/cacti/site/scripts/query_unix_partitions.pl  get used /dev/sda1','',''),(132,0,6,1,1,'10.0.69.4','cacti',2,'','','','','','',161,500,'mem_buffers','/var/lib/cacti/rra/madalena_mem_buffers_132.rrd',1,300,0,'perl /usr/share/cacti/site/scripts/linux_memory.pl MemFree:','',''),(133,0,6,1,1,'10.0.69.4','cacti',2,'','','','','','',161,500,'mem_swap','/var/lib/cacti/rra/madalena_mem_swap_133.rrd',1,300,0,'perl /usr/share/cacti/site/scripts/linux_memory.pl SwapFree:','',''),(134,0,6,0,1,'10.0.69.4','cacti',2,'','','','','','',161,500,'cpu_nice','/var/lib/cacti/rra/madalena_cpu_nice_134.rrd',1,300,0,'.1.3.6.1.4.1.2021.11.51.0','',''),(135,0,6,0,1,'10.0.69.4','cacti',2,'','','','','','',161,500,'cpu_system','/var/lib/cacti/rra/madalena_cpu_system_135.rrd',1,300,0,'.1.3.6.1.4.1.2021.11.52.0','',''),(136,0,6,0,1,'10.0.69.4','cacti',2,'','','','','','',161,500,'cpu_user','/var/lib/cacti/rra/madalena_cpu_user_136.rrd',1,300,0,'.1.3.6.1.4.1.2021.11.50.0','',''),(137,0,6,0,1,'10.0.69.4','cacti',2,'','','','','','',161,500,'load_1min','/var/lib/cacti/rra/madalena_load_1min_137.rrd',1,300,0,'.1.3.6.1.4.1.2021.10.1.3.1','',''),(138,0,6,0,1,'10.0.69.4','cacti',2,'','','','','','',161,500,'load_15min','/var/lib/cacti/rra/madalena_load_15min_138.rrd',1,300,0,'.1.3.6.1.4.1.2021.10.1.3.3','',''),(139,0,6,0,1,'10.0.69.4','cacti',2,'','','','','','',161,500,'load_5min','/var/lib/cacti/rra/madalena_load_5min_139.rrd',1,300,0,'.1.3.6.1.4.1.2021.10.1.3.2','',''),(140,0,6,0,1,'10.0.69.4','cacti',2,'','','','','','',161,500,'mem_buffers','/var/lib/cacti/rra/madalena_mem_buffers_140.rrd',1,300,0,'.1.3.6.1.4.1.2021.4.14.0','',''),(141,0,6,0,1,'10.0.69.4','cacti',2,'','','','','','',161,500,'mem_cache','/var/lib/cacti/rra/madalena_mem_cache_141.rrd',1,300,0,'.1.3.6.1.4.1.2021.4.15.0','',''),(142,0,6,0,1,'10.0.69.4','cacti',2,'','','','','','',161,500,'mem_free','/var/lib/cacti/rra/madalena_mem_free_142.rrd',1,300,0,'.1.3.6.1.4.1.2021.4.6.0','',''),(143,0,6,1,1,'10.0.69.4','cacti',2,'','','','','','',161,500,'','/var/lib/cacti/rra/madalena_load_1min_143.rrd',1,300,0,'perl /usr/share/cacti/site/scripts/loadavg_multi.pl','',''),(144,0,6,1,1,'10.0.69.4','cacti',2,'','','','','','',161,500,'users','/var/lib/cacti/rra/madalena_users_144.rrd',1,300,0,'perl /usr/share/cacti/site/scripts/unix_users.pl ','',''),(145,0,6,1,1,'10.0.69.4','cacti',2,'','','','','','',161,500,'proc','/var/lib/cacti/rra/madalena_proc_145.rrd',1,300,0,'perl /usr/share/cacti/site/scripts/unix_processes.pl','',''),(146,0,6,0,1,'10.0.69.4','cacti',2,'','','','','','',161,500,'traffic_in','/var/lib/cacti/rra/madalena_traffic_in_146.rrd',2,300,0,'.1.3.6.1.2.1.31.1.1.1.6.1','',''),(146,0,6,0,1,'10.0.69.4','cacti',2,'','','','','','',161,500,'traffic_out','/var/lib/cacti/rra/madalena_traffic_in_146.rrd',2,300,0,'.1.3.6.1.2.1.31.1.1.1.10.1','',''),(147,0,6,0,1,'10.0.69.4','cacti',2,'','','','','','',161,500,'traffic_in','/var/lib/cacti/rra/madalena_traffic_in_147.rrd',2,300,0,'.1.3.6.1.2.1.31.1.1.1.6.2','',''),(147,0,6,0,1,'10.0.69.4','cacti',2,'','','','','','',161,500,'traffic_out','/var/lib/cacti/rra/madalena_traffic_in_147.rrd',2,300,0,'.1.3.6.1.2.1.31.1.1.1.10.2','',''),(148,0,6,0,1,'10.0.69.4','cacti',2,'','','','','','',161,500,'traffic_in','/var/lib/cacti/rra/madalena_traffic_in_148.rrd',2,300,0,'.1.3.6.1.2.1.31.1.1.1.6.3','',''),(148,0,6,0,1,'10.0.69.4','cacti',2,'','','','','','',161,500,'traffic_out','/var/lib/cacti/rra/madalena_traffic_in_148.rrd',2,300,0,'.1.3.6.1.2.1.31.1.1.1.10.3','',''),(149,0,6,0,1,'10.0.69.4','cacti',2,'','','','','','',161,500,'hdd_free','/var/lib/cacti/rra/madalena_hdd_free_149.rrd',2,300,0,'.1.3.6.1.4.1.2021.9.1.7.1','',''),(149,0,6,0,1,'10.0.69.4','cacti',2,'','','','','','',161,500,'hdd_used','/var/lib/cacti/rra/madalena_hdd_free_149.rrd',2,300,0,'.1.3.6.1.4.1.2021.9.1.8.1','',''),(150,0,6,0,1,'10.0.69.4','cacti',2,'','','','','','',161,500,'hdd_free','/var/lib/cacti/rra/madalena_hdd_free_150.rrd',2,300,0,'.1.3.6.1.4.1.2021.9.1.7.2','',''),(150,0,6,0,1,'10.0.69.4','cacti',2,'','','','','','',161,500,'hdd_used','/var/lib/cacti/rra/madalena_hdd_free_150.rrd',2,300,0,'.1.3.6.1.4.1.2021.9.1.8.2','',''),(151,0,6,0,1,'10.0.69.4','cacti',2,'','','','','','',161,500,'hdd_free','/var/lib/cacti/rra/madalena_hdd_free_151.rrd',2,300,0,'.1.3.6.1.4.1.2021.9.1.7.3','',''),(151,0,6,0,1,'10.0.69.4','cacti',2,'','','','','','',161,500,'hdd_used','/var/lib/cacti/rra/madalena_hdd_free_151.rrd',2,300,0,'.1.3.6.1.4.1.2021.9.1.8.3','',''),(152,0,6,0,1,'10.0.69.4','cacti',2,'','','','','','',161,500,'hdd_free','/var/lib/cacti/rra/madalena_hdd_free_152.rrd',2,300,0,'.1.3.6.1.4.1.2021.9.1.7.4','',''),(152,0,6,0,1,'10.0.69.4','cacti',2,'','','','','','',161,500,'hdd_used','/var/lib/cacti/rra/madalena_hdd_free_152.rrd',2,300,0,'.1.3.6.1.4.1.2021.9.1.8.4','',''),(153,0,6,0,1,'10.0.69.4','cacti',2,'','','','','','',161,500,'hdd_free','/var/lib/cacti/rra/madalena_hdd_free_153.rrd',2,300,0,'.1.3.6.1.4.1.2021.9.1.7.5','',''),(153,0,6,0,1,'10.0.69.4','cacti',2,'','','','','','',161,500,'hdd_used','/var/lib/cacti/rra/madalena_hdd_free_153.rrd',2,300,0,'.1.3.6.1.4.1.2021.9.1.8.5','',''),(154,0,6,0,1,'10.0.69.4','cacti',2,'','','','','','',161,500,'hdd_free','/var/lib/cacti/rra/madalena_hdd_free_154.rrd',2,300,0,'.1.3.6.1.4.1.2021.9.1.7.6','',''),(154,0,6,0,1,'10.0.69.4','cacti',2,'','','','','','',161,500,'hdd_used','/var/lib/cacti/rra/madalena_hdd_free_154.rrd',2,300,0,'.1.3.6.1.4.1.2021.9.1.8.6','',''),(155,0,6,0,1,'10.0.69.4','cacti',2,'','','','','','',161,500,'hdd_free','/var/lib/cacti/rra/madalena_hdd_free_155.rrd',2,300,0,'.1.3.6.1.4.1.2021.9.1.7.7','',''),(155,0,6,0,1,'10.0.69.4','cacti',2,'','','','','','',161,500,'hdd_used','/var/lib/cacti/rra/madalena_hdd_free_155.rrd',2,300,0,'.1.3.6.1.4.1.2021.9.1.8.7','',''),(156,0,6,0,1,'10.0.69.4','cacti',2,'','','','','','',161,500,'hdd_free','/var/lib/cacti/rra/madalena_hdd_free_156.rrd',2,300,0,'.1.3.6.1.4.1.2021.9.1.7.8','',''),(156,0,6,0,1,'10.0.69.4','cacti',2,'','','','','','',161,500,'hdd_used','/var/lib/cacti/rra/madalena_hdd_free_156.rrd',2,300,0,'.1.3.6.1.4.1.2021.9.1.8.8','',''),(157,0,6,1,1,'10.0.69.4','cacti',2,'','','','','','',161,500,'hdd_free','/var/lib/cacti/rra/madalena_hdd_free_157.rrd',2,300,0,'perl /usr/share/cacti/site/scripts/query_unix_partitions.pl  get available /dev/sda1','',''),(157,0,6,1,1,'10.0.69.4','cacti',2,'','','','','','',161,500,'hdd_used','/var/lib/cacti/rra/madalena_hdd_free_157.rrd',2,300,0,'perl /usr/share/cacti/site/scripts/query_unix_partitions.pl  get used /dev/sda1','','');
/*!40000 ALTER TABLE `poller_item` ENABLE KEYS */;
UNLOCK TABLES;

--
-- Table structure for table `poller_output`
--

DROP TABLE IF EXISTS `poller_output`;
/*!40101 SET @saved_cs_client     = @@character_set_client */;
/*!40101 SET character_set_client = utf8 */;
CREATE TABLE `poller_output` (
  `local_data_id` mediumint(8) unsigned NOT NULL DEFAULT '0',
  `rrd_name` varchar(19) NOT NULL DEFAULT '',
  `time` datetime NOT NULL DEFAULT '0000-00-00 00:00:00',
  `output` text NOT NULL,
  PRIMARY KEY (`local_data_id`,`rrd_name`,`time`) USING BTREE
) ENGINE=MyISAM DEFAULT CHARSET=latin1;
/*!40101 SET character_set_client = @saved_cs_client */;

--
-- Dumping data for table `poller_output`
--

LOCK TABLES `poller_output` WRITE;
/*!40000 ALTER TABLE `poller_output` DISABLE KEYS */;
/*!40000 ALTER TABLE `poller_output` ENABLE KEYS */;
UNLOCK TABLES;

--
-- Table structure for table `poller_reindex`
--

DROP TABLE IF EXISTS `poller_reindex`;
/*!40101 SET @saved_cs_client     = @@character_set_client */;
/*!40101 SET character_set_client = utf8 */;
CREATE TABLE `poller_reindex` (
  `host_id` mediumint(8) unsigned NOT NULL DEFAULT '0',
  `data_query_id` mediumint(8) unsigned NOT NULL DEFAULT '0',
  `action` tinyint(3) unsigned NOT NULL DEFAULT '0',
  `present` tinyint(4) NOT NULL DEFAULT '1',
  `op` char(1) NOT NULL DEFAULT '',
  `assert_value` varchar(100) NOT NULL DEFAULT '',
  `arg1` varchar(255) NOT NULL DEFAULT '',
  PRIMARY KEY (`host_id`,`data_query_id`,`arg1`),
  KEY `present` (`present`)
) ENGINE=MyISAM DEFAULT CHARSET=latin1;
/*!40101 SET character_set_client = @saved_cs_client */;

--
-- Dumping data for table `poller_reindex`
--

LOCK TABLES `poller_reindex` WRITE;
/*!40000 ALTER TABLE `poller_reindex` DISABLE KEYS */;
INSERT INTO `poller_reindex` VALUES (2,6,0,1,'<','316958','.1.3.6.1.2.1.1.3.0'),(2,1,0,1,'<','316957','.1.3.6.1.2.1.1.3.0'),(2,2,0,1,'<','316957','.1.3.6.1.2.1.1.3.0'),(3,1,0,1,'<','496584','.1.3.6.1.2.1.1.3.0'),(3,2,0,1,'<','496584','.1.3.6.1.2.1.1.3.0'),(3,6,0,1,'<','496584','.1.3.6.1.2.1.1.3.0'),(4,6,0,1,'<','264434','.1.3.6.1.2.1.1.3.0'),(4,1,0,1,'<','264434','.1.3.6.1.2.1.1.3.0'),(4,2,0,1,'<','264434','.1.3.6.1.2.1.1.3.0'),(5,1,0,1,'<','260871','.1.3.6.1.2.1.1.3.0'),(5,6,0,1,'<','260872','.1.3.6.1.2.1.1.3.0'),(5,2,0,1,'<','260872','.1.3.6.1.2.1.1.3.0'),(6,1,0,1,'<','295246','.1.3.6.1.2.1.1.3.0'),(6,6,0,1,'<','295246','.1.3.6.1.2.1.1.3.0'),(6,2,0,1,'<','295246','.1.3.6.1.2.1.1.3.0'),(7,1,0,1,'<','136521','.1.3.6.1.2.1.1.3.0'),(7,6,0,1,'<','136544','.1.3.6.1.2.1.1.3.0'),(7,2,0,1,'<','136529','.1.3.6.1.2.1.1.3.0');
/*!40000 ALTER TABLE `poller_reindex` ENABLE KEYS */;
UNLOCK TABLES;

--
-- Table structure for table `poller_time`
--

DROP TABLE IF EXISTS `poller_time`;
/*!40101 SET @saved_cs_client     = @@character_set_client */;
/*!40101 SET character_set_client = utf8 */;
CREATE TABLE `poller_time` (
  `id` mediumint(8) unsigned NOT NULL AUTO_INCREMENT,
  `pid` int(11) unsigned NOT NULL DEFAULT '0',
  `poller_id` smallint(5) unsigned NOT NULL DEFAULT '0',
  `start_time` datetime NOT NULL DEFAULT '0000-00-00 00:00:00',
  `end_time` datetime NOT NULL DEFAULT '0000-00-00 00:00:00',
  PRIMARY KEY (`id`)
) ENGINE=MyISAM AUTO_INCREMENT=2 DEFAULT CHARSET=latin1;
/*!40101 SET character_set_client = @saved_cs_client */;

--
-- Dumping data for table `poller_time`
--

LOCK TABLES `poller_time` WRITE;
/*!40000 ALTER TABLE `poller_time` DISABLE KEYS */;
INSERT INTO `poller_time` VALUES (1,6128,0,'2015-07-05 09:30:01','2015-07-05 09:30:02');
/*!40000 ALTER TABLE `poller_time` ENABLE KEYS */;
UNLOCK TABLES;

--
-- Table structure for table `rra`
--

DROP TABLE IF EXISTS `rra`;
/*!40101 SET @saved_cs_client     = @@character_set_client */;
/*!40101 SET character_set_client = utf8 */;
CREATE TABLE `rra` (
  `id` mediumint(8) unsigned NOT NULL AUTO_INCREMENT,
  `hash` varchar(32) NOT NULL DEFAULT '',
  `name` varchar(100) NOT NULL DEFAULT '',
  `x_files_factor` double NOT NULL DEFAULT '0.1',
  `steps` mediumint(8) DEFAULT '1',
  `rows` int(12) NOT NULL DEFAULT '600',
  `timespan` int(12) unsigned NOT NULL DEFAULT '0',
  PRIMARY KEY (`id`)
) ENGINE=MyISAM AUTO_INCREMENT=6 DEFAULT CHARSET=latin1;
/*!40101 SET character_set_client = @saved_cs_client */;

--
-- Dumping data for table `rra`
--

LOCK TABLES `rra` WRITE;
/*!40000 ALTER TABLE `rra` DISABLE KEYS */;
INSERT INTO `rra` VALUES (1,'c21df5178e5c955013591239eb0afd46','Daily (5 Minute Average)',0.5,1,600,86400),(2,'0d9c0af8b8acdc7807943937b3208e29','Weekly (30 Minute Average)',0.5,6,700,604800),(3,'6fc2d038fb42950138b0ce3e9874cc60','Monthly (2 Hour Average)',0.5,24,775,2678400),(4,'e36f3adb9f152adfa5dc50fd2b23337e','Yearly (1 Day Average)',0.5,288,797,33053184),(5,'283ea2bf1634d92ce081ec82a634f513','Hourly (1 Minute Average)',0.5,1,500,14400);
/*!40000 ALTER TABLE `rra` ENABLE KEYS */;
UNLOCK TABLES;

--
-- Table structure for table `rra_cf`
--

DROP TABLE IF EXISTS `rra_cf`;
/*!40101 SET @saved_cs_client     = @@character_set_client */;
/*!40101 SET character_set_client = utf8 */;
CREATE TABLE `rra_cf` (
  `rra_id` mediumint(8) unsigned NOT NULL DEFAULT '0',
  `consolidation_function_id` smallint(5) unsigned NOT NULL DEFAULT '0',
  PRIMARY KEY (`rra_id`,`consolidation_function_id`),
  KEY `rra_id` (`rra_id`)
) ENGINE=MyISAM DEFAULT CHARSET=latin1;
/*!40101 SET character_set_client = @saved_cs_client */;

--
-- Dumping data for table `rra_cf`
--

LOCK TABLES `rra_cf` WRITE;
/*!40000 ALTER TABLE `rra_cf` DISABLE KEYS */;
INSERT INTO `rra_cf` VALUES (1,1),(1,3),(2,1),(2,3),(3,1),(3,3),(4,1),(4,3),(5,1),(5,3);
/*!40000 ALTER TABLE `rra_cf` ENABLE KEYS */;
UNLOCK TABLES;

--
-- Table structure for table `settings`
--

DROP TABLE IF EXISTS `settings`;
/*!40101 SET @saved_cs_client     = @@character_set_client */;
/*!40101 SET character_set_client = utf8 */;
CREATE TABLE `settings` (
  `name` varchar(50) NOT NULL DEFAULT '',
  `value` varchar(255) NOT NULL DEFAULT '',
  PRIMARY KEY (`name`)
) ENGINE=MyISAM DEFAULT CHARSET=latin1;
/*!40101 SET character_set_client = @saved_cs_client */;

--
-- Dumping data for table `settings`
--

LOCK TABLES `settings` WRITE;
/*!40000 ALTER TABLE `settings` DISABLE KEYS */;
INSERT INTO `settings` VALUES ('path_php_binary','/usr/bin/php'),('path_rrdtool','/usr/bin/rrdtool'),('poller_lastrun','1436099402'),('path_webroot','/usr/share/cacti/site'),('date','2015-07-05 09:30:02'),('stats_poller','Time:0.6716 Method:cmd.php Processes:1 Threads:N/A Hosts:7 HostsPerProcess:7 DataSources:216 RRDsProcessed:150'),('stats_recache','RecacheTime:0.2822 HostsRecached:1'),('path_snmpwalk','/usr/bin/snmpwalk'),('path_snmpget','/usr/bin/snmpget'),('path_snmpbulkwalk','/usr/bin/snmpbulkwalk'),('path_snmpgetnext','/usr/bin/snmpgetnext'),('path_cactilog','/var/log/cacti/cacti.log'),('snmp_version','net-snmp'),('rrdtool_version','rrd-1.4.x');
/*!40000 ALTER TABLE `settings` ENABLE KEYS */;
UNLOCK TABLES;

--
-- Table structure for table `settings_graphs`
--

DROP TABLE IF EXISTS `settings_graphs`;
/*!40101 SET @saved_cs_client     = @@character_set_client */;
/*!40101 SET character_set_client = utf8 */;
CREATE TABLE `settings_graphs` (
  `user_id` smallint(8) unsigned NOT NULL DEFAULT '0',
  `name` varchar(50) NOT NULL DEFAULT '',
  `value` varchar(255) NOT NULL DEFAULT '',
  PRIMARY KEY (`user_id`,`name`)
) ENGINE=MyISAM DEFAULT CHARSET=latin1;
/*!40101 SET character_set_client = @saved_cs_client */;

--
-- Dumping data for table `settings_graphs`
--

LOCK TABLES `settings_graphs` WRITE;
/*!40000 ALTER TABLE `settings_graphs` DISABLE KEYS */;
/*!40000 ALTER TABLE `settings_graphs` ENABLE KEYS */;
UNLOCK TABLES;

--
-- Table structure for table `settings_tree`
--

DROP TABLE IF EXISTS `settings_tree`;
/*!40101 SET @saved_cs_client     = @@character_set_client */;
/*!40101 SET character_set_client = utf8 */;
CREATE TABLE `settings_tree` (
  `user_id` mediumint(8) unsigned NOT NULL DEFAULT '0',
  `graph_tree_item_id` mediumint(8) unsigned NOT NULL DEFAULT '0',
  `status` tinyint(1) NOT NULL DEFAULT '0',
  PRIMARY KEY (`user_id`,`graph_tree_item_id`)
) ENGINE=MyISAM DEFAULT CHARSET=latin1;
/*!40101 SET character_set_client = @saved_cs_client */;

--
-- Dumping data for table `settings_tree`
--

LOCK TABLES `settings_tree` WRITE;
/*!40000 ALTER TABLE `settings_tree` DISABLE KEYS */;
/*!40000 ALTER TABLE `settings_tree` ENABLE KEYS */;
UNLOCK TABLES;

--
-- Table structure for table `snmp_query`
--

DROP TABLE IF EXISTS `snmp_query`;
/*!40101 SET @saved_cs_client     = @@character_set_client */;
/*!40101 SET character_set_client = utf8 */;
CREATE TABLE `snmp_query` (
  `id` mediumint(8) unsigned NOT NULL AUTO_INCREMENT,
  `hash` varchar(32) NOT NULL DEFAULT '',
  `xml_path` varchar(255) NOT NULL DEFAULT '',
  `name` varchar(100) NOT NULL DEFAULT '',
  `description` varchar(255) DEFAULT NULL,
  `graph_template_id` mediumint(8) unsigned NOT NULL DEFAULT '0',
  `data_input_id` mediumint(8) unsigned NOT NULL DEFAULT '0',
  PRIMARY KEY (`id`),
  KEY `name` (`name`)
) ENGINE=MyISAM AUTO_INCREMENT=10 DEFAULT CHARSET=latin1;
/*!40101 SET character_set_client = @saved_cs_client */;

--
-- Dumping data for table `snmp_query`
--

LOCK TABLES `snmp_query` WRITE;
/*!40000 ALTER TABLE `snmp_query` DISABLE KEYS */;
INSERT INTO `snmp_query` VALUES (1,'d75e406fdeca4fcef45b8be3a9a63cbc','<path_cacti>/resource/snmp_queries/interface.xml','SNMP - Interface Statistics','Queries a host for a list of monitorable interfaces',0,2),(2,'3c1b27d94ad208a0090f293deadde753','<path_cacti>/resource/snmp_queries/net-snmp_disk.xml','ucd/net -  Get Monitored Partitions','Retrieves a list of monitored partitions/disks from a net-snmp enabled host.',0,2),(3,'59aab7b0feddc7860002ed9303085ba5','<path_cacti>/resource/snmp_queries/kbridge.xml','Karlnet - Wireless Bridge Statistics','Gets information about the wireless connectivity of each station from a Karlnet bridge.',0,2),(4,'ad06f46e22e991cb47c95c7233cfaee8','<path_cacti>/resource/snmp_queries/netware_disk.xml','Netware - Get Available Volumes','Retrieves a list of volumes from a Netware server.',0,2),(6,'8ffa36c1864124b38bcda2ae9bd61f46','<path_cacti>/resource/script_queries/unix_disk.xml','Unix - Get Mounted Partitions','Queries a list of mounted partitions on a unix-based host with the',0,11),(7,'30ec734bc0ae81a3d995be82c73f46c1','<path_cacti>/resource/snmp_queries/netware_cpu.xml','Netware - Get Processor Information','Gets information about running processors in a Netware server',0,2),(8,'9343eab1f4d88b0e61ffc9d020f35414','<path_cacti>/resource/script_server/host_disk.xml','SNMP - Get Mounted Partitions','Gets a list of partitions using SNMP',0,12),(9,'0d1ab53fe37487a5d0b9e1d3ee8c1d0d','<path_cacti>/resource/script_server/host_cpu.xml','SNMP - Get Processor Information','Gets usage for each processor in the system using the host MIB.',0,12);
/*!40000 ALTER TABLE `snmp_query` ENABLE KEYS */;
UNLOCK TABLES;

--
-- Table structure for table `snmp_query_graph`
--

DROP TABLE IF EXISTS `snmp_query_graph`;
/*!40101 SET @saved_cs_client     = @@character_set_client */;
/*!40101 SET character_set_client = utf8 */;
CREATE TABLE `snmp_query_graph` (
  `id` mediumint(8) unsigned NOT NULL AUTO_INCREMENT,
  `hash` varchar(32) NOT NULL DEFAULT '',
  `snmp_query_id` mediumint(8) unsigned NOT NULL DEFAULT '0',
  `name` varchar(100) NOT NULL DEFAULT '',
  `graph_template_id` mediumint(8) unsigned NOT NULL DEFAULT '0',
  PRIMARY KEY (`id`)
) ENGINE=MyISAM AUTO_INCREMENT=23 DEFAULT CHARSET=latin1;
/*!40101 SET character_set_client = @saved_cs_client */;

--
-- Dumping data for table `snmp_query_graph`
--

LOCK TABLES `snmp_query_graph` WRITE;
/*!40000 ALTER TABLE `snmp_query_graph` DISABLE KEYS */;
INSERT INTO `snmp_query_graph` VALUES (2,'a4b829746fb45e35e10474c36c69c0cf',1,'In/Out Errors/Discarded Packets',22),(3,'01e33224f8b15997d3d09d6b1bf83e18',1,'In/Out Non-Unicast Packets',24),(4,'1e6edee3115c42d644dbd014f0577066',1,'In/Out Unicast Packets',23),(6,'da43655bf1f641b07579256227806977',2,'Available/Used Disk Space',3),(7,'1cc468ef92a5779d37a26349e27ef3ba',3,'Wireless Levels',5),(8,'bef2dc94bc84bf91827f45424aac8d2a',3,'Wireless Transmissions',6),(9,'ab93b588c29731ab15db601ca0bc9dec',1,'In/Out Bytes (64-bit Counters)',25),(10,'5a5ce35edb4b195cbde99fd0161dfb4e',4,'Volume Information (free, freeable space)',19),(11,'c1c2cfd33eaf5064300e92e26e20bc56',4,'Directory Information (total/available entries)',20),(13,'ae34f5f385bed8c81a158bf3030f1089',1,'In/Out Bits',2),(14,'1e16a505ddefb40356221d7a50619d91',1,'In/Out Bits (64-bit Counters)',2),(15,'a0b3e7b63c2e66f9e1ea24a16ff245fc',6,'Available Disk Space',21),(16,'d1e0d9b8efd4af98d28ce2aad81a87e7',1,'In/Out Bytes',25),(17,'f6db4151aa07efa401a0af6c9b871844',7,'Get Processor Utilization',15),(18,'46c4ee688932cf6370459527eceb8ef3',8,'Available Disk Space',26),(19,'4a515b61441ea5f27ab7dee6c3cb7818',9,'Get Processor Utilization',27),(20,'ed7f68175d7bb83db8ead332fc945720',1,'In/Out Bits with 95th Percentile',31),(21,'f85386cd2fc94634ef167c7f1e5fbcd0',1,'In/Out Bits with Total Bandwidth',32),(22,'7d309bf200b6e3cdb59a33493c2e58e0',1,'In/Out Bytes with Total Bandwidth',33);
/*!40000 ALTER TABLE `snmp_query_graph` ENABLE KEYS */;
UNLOCK TABLES;

--
-- Table structure for table `snmp_query_graph_rrd`
--

DROP TABLE IF EXISTS `snmp_query_graph_rrd`;
/*!40101 SET @saved_cs_client     = @@character_set_client */;
/*!40101 SET character_set_client = utf8 */;
CREATE TABLE `snmp_query_graph_rrd` (
  `snmp_query_graph_id` mediumint(8) unsigned NOT NULL DEFAULT '0',
  `data_template_id` mediumint(8) unsigned NOT NULL DEFAULT '0',
  `data_template_rrd_id` mediumint(8) unsigned NOT NULL DEFAULT '0',
  `snmp_field_name` varchar(50) NOT NULL DEFAULT '0',
  PRIMARY KEY (`snmp_query_graph_id`,`data_template_id`,`data_template_rrd_id`),
  KEY `data_template_rrd_id` (`data_template_rrd_id`),
  KEY `snmp_query_graph_id` (`snmp_query_graph_id`)
) ENGINE=MyISAM DEFAULT CHARSET=latin1;
/*!40101 SET character_set_client = @saved_cs_client */;

--
-- Dumping data for table `snmp_query_graph_rrd`
--

LOCK TABLES `snmp_query_graph_rrd` WRITE;
/*!40000 ALTER TABLE `snmp_query_graph_rrd` DISABLE KEYS */;
INSERT INTO `snmp_query_graph_rrd` VALUES (2,38,47,'ifInDiscards'),(3,40,52,'ifOutNUcastPkts'),(3,40,53,'ifInNUcastPkts'),(4,39,48,'ifInUcastPkts'),(2,38,51,'ifOutErrors'),(6,3,3,'dskAvail'),(6,3,4,'dskUsed'),(7,7,8,'kbWirelessStationExclHellos'),(7,8,9,'kbWirelessStationExclHellos'),(8,10,11,'kbWirelessStationExclHellos'),(8,9,10,'kbWirelessStationExclHellos'),(9,41,55,'ifHCOutOctets'),(9,41,54,'ifHCInOctets'),(10,35,38,'nwVolSize'),(10,35,40,'nwVolFreeable'),(10,35,39,'nwVolFree'),(11,36,42,'nwVolTotalDirEntries'),(11,36,43,'nwVolUsedDirEntries'),(2,38,50,'ifOutDiscards'),(2,38,46,'ifInErrors'),(13,41,54,'ifInOctets'),(14,41,54,'ifHCInOctets'),(14,41,55,'ifHCOutOctets'),(13,41,55,'ifOutOctets'),(4,39,49,'ifOutUcastPkts'),(15,37,44,'dskAvailable'),(16,41,54,'ifInOctets'),(16,41,55,'ifOutOctets'),(15,37,56,'dskUsed'),(17,42,76,'nwhrProcessorUtilization'),(18,43,78,'hrStorageUsed'),(18,43,92,'hrStorageSize'),(19,44,79,'hrProcessorLoad'),(20,41,55,'ifOutOctets'),(20,41,54,'ifInOctets'),(21,41,55,'ifOutOctets'),(21,41,54,'ifInOctets'),(22,41,55,'ifOutOctets'),(22,41,54,'ifInOctets');
/*!40000 ALTER TABLE `snmp_query_graph_rrd` ENABLE KEYS */;
UNLOCK TABLES;

--
-- Table structure for table `snmp_query_graph_rrd_sv`
--

DROP TABLE IF EXISTS `snmp_query_graph_rrd_sv`;
/*!40101 SET @saved_cs_client     = @@character_set_client */;
/*!40101 SET character_set_client = utf8 */;
CREATE TABLE `snmp_query_graph_rrd_sv` (
  `id` mediumint(8) unsigned NOT NULL AUTO_INCREMENT,
  `hash` varchar(32) NOT NULL DEFAULT '',
  `snmp_query_graph_id` mediumint(8) unsigned NOT NULL DEFAULT '0',
  `data_template_id` mediumint(8) unsigned NOT NULL DEFAULT '0',
  `sequence` mediumint(8) unsigned NOT NULL DEFAULT '0',
  `field_name` varchar(100) NOT NULL DEFAULT '',
  `text` varchar(255) NOT NULL DEFAULT '',
  PRIMARY KEY (`id`),
  KEY `snmp_query_graph_id` (`snmp_query_graph_id`),
  KEY `data_template_id` (`data_template_id`)
) ENGINE=MyISAM AUTO_INCREMENT=110 DEFAULT CHARSET=latin1;
/*!40101 SET character_set_client = @saved_cs_client */;

--
-- Dumping data for table `snmp_query_graph_rrd_sv`
--

LOCK TABLES `snmp_query_graph_rrd_sv` WRITE;
/*!40000 ALTER TABLE `snmp_query_graph_rrd_sv` DISABLE KEYS */;
INSERT INTO `snmp_query_graph_rrd_sv` VALUES (10,'5d3a8b2f4a454e5b0a1494e00fe7d424',6,3,1,'name','|host_description| - Partition - |query_dskDevice|'),(11,'d0b49af67a83c258ef1eab3780f7b3dc',7,7,1,'name','|host_description| - Wireless Noise Level - |query_kbWirelessStationName|'),(12,'bf6b966dc369f3df2ea640a90845e94c',7,8,1,'name','|host_description| - Wireless Signal Level - |query_kbWirelessStationName|'),(13,'5c3616603a7ac9d0c1cb9556b377a74f',8,10,1,'name','|host_description| - Wireless Re-Transmissions - |query_kbWirelessStationName|'),(14,'080f0022f77044a512b083e3a8304e8b',8,9,1,'name','|host_description| - Wireless Transmissions - |query_kbWirelessStationName|'),(30,'8132fa9c446e199732f0102733cb1714',11,36,1,'name','|host_description| - Directories - |query_nwVolPhysicalName|'),(29,'8fc9a94a5f6ef902a3de0fa7549e7476',10,35,1,'name','|host_description| - Volumes - |query_nwVolPhysicalName|'),(80,'27eb220995925e1a5e0e41b2582a2af6',16,41,1,'rrd_maximum','|query_ifSpeed|'),(85,'e85ddc56efa677b70448f9e931360b77',14,41,1,'rrd_maximum','|query_ifSpeed|'),(84,'37bb8c5b38bb7e89ec88ea7ccacf44d4',14,41,4,'name','|host_description| - Traffic - |query_ifDescr|'),(83,'62a47c18be10f273a5f5a13a76b76f54',14,41,3,'name','|host_description| - Traffic - |query_ifIP|/|query_ifDescr|'),(32,'',12,37,1,'name','|host_description| - Partition - |query_dskDevice|'),(49,'6537b3209e0697fbec278e94e7317b52',2,38,1,'name','|host_description| - Errors - |query_ifIP| - |query_ifName|'),(50,'6d3f612051016f48c951af8901720a1c',2,38,2,'name','|host_description| - Errors - |query_ifName|'),(51,'62bc981690576d0b2bd0041ec2e4aa6f',2,38,3,'name','|host_description| - Errors - |query_ifIP|/|query_ifDescr|'),(52,'adb270d55ba521d205eac6a21478804a',2,38,4,'name','|host_description| - Errors - |query_ifDescr|'),(54,'77065435f3bbb2ff99bc3b43b81de8fe',3,40,1,'name','|host_description| - Non-Unicast Packets - |query_ifIP| - |query_ifName|'),(55,'240d8893092619c97a54265e8d0b86a1',3,40,2,'name','|host_description| - Non-Unicast Packets - |query_ifName|'),(56,'4b200ecf445bdeb4c84975b74991df34',3,40,3,'name','|host_description| - Non-Unicast Packets - |query_ifIP|/|query_ifDescr|'),(57,'d6da3887646078e4d01fe60a123c2179',3,40,4,'name','|host_description| - Non-Unicast Packets - |query_ifDescr|'),(59,'ce7769b97d80ca31d21f83dc18ba93c2',4,39,1,'name','|host_description| - Unicast Packets - |query_ifIP| - |query_ifName|'),(60,'1ee1f9717f3f4771f7f823ca5a8b83dd',4,39,2,'name','|host_description| - Unicast Packets - |query_ifName|'),(61,'a7dbd54604533b592d4fae6e67587e32',4,39,3,'name','|host_description| - Unicast Packets - |query_ifIP|/|query_ifDescr|'),(62,'b148fa7199edcf06cd71c89e5c5d7b63',4,39,4,'name','|host_description| - Unicast Packets - |query_ifDescr|'),(69,'cb09784ba05e401a3f1450126ed1e395',15,37,1,'name','|host_description| - Free Space - |query_dskDevice|'),(70,'87a659326af8c75158e5142874fd74b0',13,41,1,'name','|host_description| - Traffic - |query_ifIP| - |query_ifName|'),(72,'14aa2dead86bbad0f992f1514722c95e',13,41,2,'name','|host_description| - Traffic - |query_ifName|'),(73,'70390712158c3c5052a7d830fb456489',13,41,3,'name','|host_description| - Traffic - |query_ifIP|/|query_ifDescr|'),(74,'084efd82bbddb69fb2ac9bd0b0f16ac6',13,41,4,'name','|host_description| - Traffic - |query_ifDescr|'),(75,'7e093c535fa3d810fa76fc3d8c80c94b',13,41,1,'rrd_maximum','|query_ifSpeed|'),(76,'c7ee2110bf81639086d2da03d9d88286',16,41,1,'name','|host_description| - Traffic - |query_ifIP| - |query_ifName|'),(77,'8ef8ae2ef548892ab95bb6c9f0b3170e',16,41,2,'name','|host_description| - Traffic - |query_ifName|'),(78,'3a0f707d1c8fd0e061b70241541c7e2e',16,41,3,'name','|host_description| - Traffic - |query_ifIP|/|query_ifDescr|'),(79,'2347e9f53564a54d43f3c00d4b60040d',16,41,4,'name','|host_description| - Traffic - |query_ifDescr|'),(81,'2e8b27c63d98249096ad5bc320787f43',14,41,1,'name','|host_description| - Traffic - |query_ifIP| - |query_ifName|'),(82,'8d820d091ec1a9683cfa74a462f239ee',14,41,2,'name','|host_description| - Traffic - |query_ifName|'),(86,'c582d3b37f19e4a703d9bf4908dc6548',9,41,1,'name','|host_description| - Traffic - |query_ifIP| - |query_ifName|'),(88,'e1be83d708ed3c0b8715ccb6517a0365',9,41,2,'name','|host_description| - Traffic - |query_ifName|'),(89,'57a9ae1f197498ca8dcde90194f61cbc',9,41,3,'name','|host_description| - Traffic - |query_ifIP|/|query_ifDescr|'),(90,'0110e120981c7ff15304e4a85cb42cbe',9,41,4,'name','|host_description| - Traffic - |query_ifDescr|'),(91,'ce0b9c92a15759d3ddbd7161d26a98b7',9,41,1,'rrd_maximum','|query_ifSpeed|'),(92,'42277993a025f1bfd85374d6b4deeb60',17,42,1,'name','|host_description| - CPU Utilization - CPU|query_nwhrProcessorNum|'),(93,'a3f280327b1592a1a948e256380b544f',18,43,1,'name','|host_description| - Used Space - |query_hrStorageDescr|'),(94,'b5a724edc36c10891fa2a5c370d55b6f',19,44,1,'name','|host_description| - CPU Utilization - CPU|query_hrProcessorFrwID|'),(95,'7e87efd0075caba9908e2e6e569b25b0',20,41,1,'name','|host_description| - Traffic - |query_ifIP| - |query_ifName|'),(96,'dd28d96a253ab86846aedb25d1cca712',20,41,2,'name','|host_description| - Traffic - |query_ifName|'),(97,'ce425fed4eb3174e4f1cde9713eeafa0',20,41,3,'name','|host_description| - Traffic - |query_ifIP|/|query_ifDescr|'),(98,'d0d05156ddb2c65181588db4b64d3907',20,41,4,'name','|host_description| - Traffic - |query_ifDescr|'),(99,'3b018f789ff72cc5693ef79e3a794370',20,41,1,'rrd_maximum','|query_ifSpeed|'),(100,'b225229dbbb48c1766cf90298674ceed',21,41,1,'name','|host_description| - Traffic - |query_ifIP| - |query_ifName|'),(101,'c79248ddbbd195907260887b021a055d',21,41,2,'name','|host_description| - Traffic - |query_ifName|'),(102,'12a6750d973b7f14783f205d86220082',21,41,3,'name','|host_description| - Traffic - |query_ifIP|/|query_ifDescr|'),(103,'25b151fcfe093812cb5c208e36dd697e',21,41,4,'name','|host_description| - Traffic - |query_ifDescr|'),(104,'e9ab404a294e406c20fdd30df766161f',21,41,1,'rrd_maximum','|query_ifSpeed|'),(105,'119578a4f01ab47e820b0e894e5e5bb3',22,41,1,'name','|host_description| - Traffic - |query_ifIP| - |query_ifName|'),(106,'940e57d24b2623849c77b59ed05931b9',22,41,2,'name','|host_description| - Traffic - |query_ifName|'),(107,'0f045eab01bbc4437b30da568ed5cb03',22,41,3,'name','|host_description| - Traffic - |query_ifIP|/|query_ifDescr|'),(108,'bd70bf71108d32f0bf91b24c85b87ff0',22,41,4,'name','|host_description| - Traffic - |query_ifDescr|'),(109,'fdc4cb976c4b9053bfa2af791a21c5b5',22,41,1,'rrd_maximum','|query_ifSpeed|');
/*!40000 ALTER TABLE `snmp_query_graph_rrd_sv` ENABLE KEYS */;
UNLOCK TABLES;

--
-- Table structure for table `snmp_query_graph_sv`
--

DROP TABLE IF EXISTS `snmp_query_graph_sv`;
/*!40101 SET @saved_cs_client     = @@character_set_client */;
/*!40101 SET character_set_client = utf8 */;
CREATE TABLE `snmp_query_graph_sv` (
  `id` mediumint(8) unsigned NOT NULL AUTO_INCREMENT,
  `hash` varchar(32) NOT NULL DEFAULT '',
  `snmp_query_graph_id` mediumint(8) unsigned NOT NULL DEFAULT '0',
  `sequence` mediumint(8) unsigned NOT NULL DEFAULT '0',
  `field_name` varchar(100) NOT NULL DEFAULT '',
  `text` varchar(255) NOT NULL DEFAULT '',
  PRIMARY KEY (`id`),
  KEY `snmp_query_graph_id` (`snmp_query_graph_id`)
) ENGINE=MyISAM AUTO_INCREMENT=50 DEFAULT CHARSET=latin1;
/*!40101 SET character_set_client = @saved_cs_client */;

--
-- Dumping data for table `snmp_query_graph_sv`
--

LOCK TABLES `snmp_query_graph_sv` WRITE;
/*!40000 ALTER TABLE `snmp_query_graph_sv` DISABLE KEYS */;
INSERT INTO `snmp_query_graph_sv` VALUES (7,'437918b8dcd66a64625c6cee481fff61',6,1,'title','|host_description| - Disk Space - |query_dskPath|'),(5,'2ddc61ff4bd9634f33aedce9524b7690',7,1,'title','|host_description| - Wireless Levels (|query_kbWirelessStationName|)'),(6,'c72e2da7af2cdbd6b44a5eb42c5b4758',8,1,'title','|host_description| - Wireless Transmissions (|query_kbWirelessStationName|)'),(11,'a412c5dfa484b599ec0f570979fdbc9e',10,1,'title','|host_description| - Volume Information - |query_nwVolPhysicalName|'),(12,'48f4792dd49fefd7d640ec46b1d7bdb3',11,1,'title','|host_description| - Directory Information - |query_nwVolPhysicalName|'),(14,'',12,1,'title','|host_description| - Disk Space - |query_dskDevice|'),(15,'49dca5592ac26ff149a4fbd18d690644',13,1,'title','|host_description| - Traffic - |query_ifName|'),(16,'bda15298139ad22bdc8a3b0952d4e3ab',13,2,'title','|host_description| - Traffic - |query_ifIP| (|query_ifDescr|)'),(17,'29e48483d0471fcd996bfb702a5960aa',13,3,'title','|host_description| - Traffic - |query_ifDescr|/|query_ifIndex|'),(18,'3f42d358965cb94ce4f708b59e04f82b',14,1,'title','|host_description| - Traffic - |query_ifName|'),(19,'45f44b2f811ea8a8ace1cbed8ef906f1',14,2,'title','|host_description| - Traffic - |query_ifIP| (|query_ifDescr|)'),(20,'69c14fbcc23aecb9920b3cdad7f89901',14,3,'title','|host_description| - Traffic - |query_ifDescr|/|query_ifIndex|'),(21,'299d3434851fc0d5c0e105429069709d',2,1,'title','|host_description| - Errors - |query_ifName|'),(22,'8c8860b17fd67a9a500b4cb8b5e19d4b',2,2,'title','|host_description| - Errors - |query_ifIP| (|query_ifDescr|)'),(23,'d96360ae5094e5732e7e7496ceceb636',2,3,'title','|host_description| - Errors - |query_ifDescr|/|query_ifIndex|'),(24,'750a290cadc3dc60bb682a5c5f47df16',3,1,'title','|host_description| - Non-Unicast Packets - |query_ifName|'),(25,'bde195eecc256c42ca9725f1f22c1dc0',3,2,'title','|host_description| - Non-Unicast Packets - |query_ifIP| (|query_ifDescr|)'),(26,'d9e97d22689e4ffddaca23b46f2aa306',3,3,'title','|host_description| - Non-Unicast Packets - |query_ifDescr|/|query_ifIndex|'),(27,'48ceaba62e0c2671a810a7f1adc5f751',4,1,'title','|host_description| - Unicast Packets - |query_ifName|'),(28,'d6258884bed44abe46d264198adc7c5d',4,2,'title','|host_description| - Unicast Packets - |query_ifIP| (|query_ifDescr|)'),(29,'6eb58d9835b2b86222306d6ced9961d9',4,3,'title','|host_description| - Unicast Packets - |query_ifDescr|/|query_ifIndex|'),(30,'f21b23df740bc4a2d691d2d7b1b18dba',15,1,'title','|host_description| - Disk Space - |query_dskDevice|'),(31,'7fb4a267065f960df81c15f9022cd3a4',16,1,'title','|host_description| - Traffic - |query_ifName|'),(32,'e403f5a733bf5c8401a110609683deb3',16,2,'title','|host_description| - Traffic - |query_ifIP| (|query_ifDescr|)'),(33,'809c2e80552d56b65ca496c1c2fff398',16,3,'title','|host_description| - Traffic - |query_ifDescr|/|query_ifIndex|'),(34,'0a5eb36e98c04ad6be8e1ef66caeed3c',9,1,'title','|host_description| - Traffic - |query_ifName|'),(35,'4c4386a96e6057b7bd0b78095209ddfa',9,2,'title','|host_description| - Traffic - |query_ifIP| (|query_ifDescr|)'),(36,'fd3a384768b0388fa64119fe2f0cc113',9,3,'title','|host_description| - Traffic - |query_ifDescr|/|query_ifIndex|'),(38,'9852782792ede7c0805990e506ac9618',18,1,'title','|host_description| - Used Space - |query_hrStorageDescr|'),(39,'fa2f07ab54fce72eea684ba893dd9c95',19,1,'title','|host_description| - CPU Utilization - CPU|query_hrProcessorFrwID|'),(40,'d99f8db04fd07bcd2260d246916e03da',17,1,'title','|host_description| - CPU Utilization - CPU|query_nwhrProcessorNum|'),(41,'f434ec853c479d424276f367e9806a75',20,1,'title','|host_description| - Traffic - |query_ifName|'),(42,'9b085245847444c5fb90ebbf4448e265',20,2,'title','|host_description| - Traffic - |query_ifIP| (|query_ifDescr|)'),(43,'5977863f28629bd8eb93a2a9cbc3e306',20,3,'title','|host_description| - Traffic - |query_ifDescr|/|query_ifIndex|'),(44,'37b6711af3930c56309cf8956d8bbf14',21,1,'title','|host_description| - Traffic - |query_ifName|'),(45,'cc435c5884a75421329a9b08207c1c90',21,2,'title','|host_description| - Traffic - |query_ifIP| (|query_ifDescr|)'),(46,'82edeea1ec249c9818773e3145836492',21,3,'title','|host_description| - Traffic - |query_ifDescr|/|query_ifIndex|'),(47,'87522150ee8a601b4d6a1f6b9e919c47',22,1,'title','|host_description| - Traffic - |query_ifName|'),(48,'993a87c04f550f1209d689d584aa8b45',22,2,'title','|host_description| - Traffic - |query_ifIP| (|query_ifDescr|)'),(49,'183bb486c92a566fddcb0585ede37865',22,3,'title','|host_description| - Traffic - |query_ifDescr|/|query_ifIndex|');
/*!40000 ALTER TABLE `snmp_query_graph_sv` ENABLE KEYS */;
UNLOCK TABLES;

--
-- Table structure for table `user_auth`
--

DROP TABLE IF EXISTS `user_auth`;
/*!40101 SET @saved_cs_client     = @@character_set_client */;
/*!40101 SET character_set_client = utf8 */;
CREATE TABLE `user_auth` (
  `id` mediumint(8) unsigned NOT NULL AUTO_INCREMENT,
  `username` varchar(50) NOT NULL DEFAULT '0',
  `password` varchar(50) NOT NULL DEFAULT '0',
  `realm` mediumint(8) NOT NULL DEFAULT '0',
  `full_name` varchar(100) DEFAULT '0',
  `must_change_password` char(2) DEFAULT NULL,
  `show_tree` char(2) DEFAULT 'on',
  `show_list` char(2) DEFAULT 'on',
  `show_preview` char(2) NOT NULL DEFAULT 'on',
  `graph_settings` char(2) DEFAULT NULL,
  `login_opts` tinyint(1) NOT NULL DEFAULT '1',
  `policy_graphs` tinyint(1) unsigned NOT NULL DEFAULT '1',
  `policy_trees` tinyint(1) unsigned NOT NULL DEFAULT '1',
  `policy_hosts` tinyint(1) unsigned NOT NULL DEFAULT '1',
  `policy_graph_templates` tinyint(1) unsigned NOT NULL DEFAULT '1',
  `enabled` char(2) NOT NULL DEFAULT 'on',
  PRIMARY KEY (`id`),
  KEY `username` (`username`),
  KEY `realm` (`realm`),
  KEY `enabled` (`enabled`)
) ENGINE=MyISAM AUTO_INCREMENT=4 DEFAULT CHARSET=latin1;
/*!40101 SET character_set_client = @saved_cs_client */;

--
-- Dumping data for table `user_auth`
--

LOCK TABLES `user_auth` WRITE;
/*!40000 ALTER TABLE `user_auth` DISABLE KEYS */;
INSERT INTO `user_auth` VALUES (1,'admin','89794b621a313bb59eed0d9f0f4e8205',0,'Administrator','','on','on','on','on',1,1,1,1,1,'on'),(3,'guest','43e9a4ab75570f5b',0,'Guest Account','on','on','on','on','on',3,1,1,1,1,'');
/*!40000 ALTER TABLE `user_auth` ENABLE KEYS */;
UNLOCK TABLES;

--
-- Table structure for table `user_auth_perms`
--

DROP TABLE IF EXISTS `user_auth_perms`;
/*!40101 SET @saved_cs_client     = @@character_set_client */;
/*!40101 SET character_set_client = utf8 */;
CREATE TABLE `user_auth_perms` (
  `user_id` mediumint(8) unsigned NOT NULL DEFAULT '0',
  `item_id` mediumint(8) unsigned NOT NULL DEFAULT '0',
  `type` tinyint(2) unsigned NOT NULL DEFAULT '0',
  PRIMARY KEY (`user_id`,`item_id`,`type`),
  KEY `user_id` (`user_id`,`type`)
) ENGINE=MyISAM DEFAULT CHARSET=latin1;
/*!40101 SET character_set_client = @saved_cs_client */;

--
-- Dumping data for table `user_auth_perms`
--

LOCK TABLES `user_auth_perms` WRITE;
/*!40000 ALTER TABLE `user_auth_perms` DISABLE KEYS */;
/*!40000 ALTER TABLE `user_auth_perms` ENABLE KEYS */;
UNLOCK TABLES;

--
-- Table structure for table `user_auth_realm`
--

DROP TABLE IF EXISTS `user_auth_realm`;
/*!40101 SET @saved_cs_client     = @@character_set_client */;
/*!40101 SET character_set_client = utf8 */;
CREATE TABLE `user_auth_realm` (
  `realm_id` mediumint(8) unsigned NOT NULL DEFAULT '0',
  `user_id` mediumint(8) unsigned NOT NULL DEFAULT '0',
  PRIMARY KEY (`realm_id`,`user_id`),
  KEY `user_id` (`user_id`)
) ENGINE=MyISAM DEFAULT CHARSET=latin1;
/*!40101 SET character_set_client = @saved_cs_client */;

--
-- Dumping data for table `user_auth_realm`
--

LOCK TABLES `user_auth_realm` WRITE;
/*!40000 ALTER TABLE `user_auth_realm` DISABLE KEYS */;
INSERT INTO `user_auth_realm` VALUES (1,1),(2,1),(3,1),(4,1),(5,1),(7,1),(7,3),(8,1),(9,1),(10,1),(11,1),(12,1),(13,1),(14,1),(15,1),(16,1),(17,1),(101,1);
/*!40000 ALTER TABLE `user_auth_realm` ENABLE KEYS */;
UNLOCK TABLES;

--
-- Table structure for table `user_log`
--

DROP TABLE IF EXISTS `user_log`;
/*!40101 SET @saved_cs_client     = @@character_set_client */;
/*!40101 SET character_set_client = utf8 */;
CREATE TABLE `user_log` (
  `username` varchar(50) NOT NULL DEFAULT '0',
  `user_id` mediumint(8) NOT NULL DEFAULT '0',
  `time` datetime NOT NULL DEFAULT '0000-00-00 00:00:00',
  `result` tinyint(1) NOT NULL DEFAULT '0',
  `ip` varchar(40) NOT NULL DEFAULT '',
  PRIMARY KEY (`username`,`user_id`,`time`),
  KEY `username` (`username`),
  KEY `user_id` (`user_id`)
) ENGINE=MyISAM DEFAULT CHARSET=latin1;
/*!40101 SET character_set_client = @saved_cs_client */;

--
-- Dumping data for table `user_log`
--

LOCK TABLES `user_log` WRITE;
/*!40000 ALTER TABLE `user_log` DISABLE KEYS */;
INSERT INTO `user_log` VALUES ('admin',0,'2015-07-03 09:33:31',0,'192.168.56.254'),('admin',0,'2015-07-03 09:33:34',0,'192.168.56.254'),('cacti',0,'2015-07-03 09:33:39',0,'192.168.56.254'),('cacti',0,'2015-07-03 09:33:43',0,'192.168.56.254'),('admin',0,'2015-07-03 09:33:49',0,'192.168.56.254'),('admin',0,'2015-07-03 09:34:04',0,'192.168.56.254'),('admin',1,'2015-07-03 09:34:46',1,'192.168.56.254'),('admin',0,'0000-00-00 00:00:00',3,'192.168.56.254'),('admin',1,'2015-07-04 09:23:26',1,'192.168.56.254'),('admin',1,'2015-07-05 08:35:07',1,'192.168.56.254');
/*!40000 ALTER TABLE `user_log` ENABLE KEYS */;
UNLOCK TABLES;

--
-- Table structure for table `version`
--

DROP TABLE IF EXISTS `version`;
/*!40101 SET @saved_cs_client     = @@character_set_client */;
/*!40101 SET character_set_client = utf8 */;
CREATE TABLE `version` (
  `cacti` char(20) DEFAULT NULL
) ENGINE=MyISAM DEFAULT CHARSET=latin1;
/*!40101 SET character_set_client = @saved_cs_client */;

--
-- Dumping data for table `version`
--

LOCK TABLES `version` WRITE;
/*!40000 ALTER TABLE `version` DISABLE KEYS */;
INSERT INTO `version` VALUES ('0.8.8b');
/*!40000 ALTER TABLE `version` ENABLE KEYS */;
UNLOCK TABLES;

--
-- Current Database: `icinga`
--

CREATE DATABASE /*!32312 IF NOT EXISTS*/ `icinga` /*!40100 DEFAULT CHARACTER SET latin1 */;

USE `icinga`;

--
-- Table structure for table `icinga_acknowledgements`
--

DROP TABLE IF EXISTS `icinga_acknowledgements`;
/*!40101 SET @saved_cs_client     = @@character_set_client */;
/*!40101 SET character_set_client = utf8 */;
CREATE TABLE `icinga_acknowledgements` (
  `acknowledgement_id` bigint(20) unsigned NOT NULL AUTO_INCREMENT,
  `instance_id` bigint(20) unsigned DEFAULT '0',
  `entry_time` timestamp NOT NULL DEFAULT '0000-00-00 00:00:00',
  `entry_time_usec` int(11) DEFAULT '0',
  `acknowledgement_type` smallint(6) DEFAULT '0',
  `object_id` bigint(20) unsigned DEFAULT '0',
  `state` smallint(6) DEFAULT '0',
  `author_name` varchar(64) DEFAULT '',
  `comment_data` text,
  `is_sticky` smallint(6) DEFAULT '0',
  `persistent_comment` smallint(6) DEFAULT '0',
  `notify_contacts` smallint(6) DEFAULT '0',
  `end_time` timestamp NOT NULL DEFAULT '0000-00-00 00:00:00',
  PRIMARY KEY (`acknowledgement_id`)
) ENGINE=InnoDB DEFAULT CHARSET=latin1 COMMENT='Current and historical host and service acknowledgements';
/*!40101 SET character_set_client = @saved_cs_client */;

--
-- Dumping data for table `icinga_acknowledgements`
--

LOCK TABLES `icinga_acknowledgements` WRITE;
/*!40000 ALTER TABLE `icinga_acknowledgements` DISABLE KEYS */;
/*!40000 ALTER TABLE `icinga_acknowledgements` ENABLE KEYS */;
UNLOCK TABLES;

--
-- Table structure for table `icinga_commands`
--

DROP TABLE IF EXISTS `icinga_commands`;
/*!40101 SET @saved_cs_client     = @@character_set_client */;
/*!40101 SET character_set_client = utf8 */;
CREATE TABLE `icinga_commands` (
  `command_id` bigint(20) unsigned NOT NULL AUTO_INCREMENT,
  `instance_id` bigint(20) unsigned DEFAULT '0',
  `config_type` smallint(6) DEFAULT '0',
  `object_id` bigint(20) unsigned DEFAULT '0',
  `command_line` text,
  PRIMARY KEY (`command_id`),
  UNIQUE KEY `instance_id` (`instance_id`,`object_id`,`config_type`),
  KEY `commands_i_id_idx` (`instance_id`),
  KEY `command_object_idx` (`object_id`)
) ENGINE=InnoDB AUTO_INCREMENT=5102 DEFAULT CHARSET=latin1 COMMENT='Command definitions';
/*!40101 SET character_set_client = @saved_cs_client */;

--
-- Dumping data for table `icinga_commands`
--

LOCK TABLES `icinga_commands` WRITE;
/*!40000 ALTER TABLE `icinga_commands` DISABLE KEYS */;
INSERT INTO `icinga_commands` VALUES (4947,1,1,1,'/usr/lib/nagios/plugins/check_fping -H \'$HOSTADDRESS$\''),(4948,1,1,2,'/usr/lib/nagios/plugins/check_ping -H \'$HOSTADDRESS$\' -w 5000,100% -c 5000,100% -p 1'),(4949,1,1,3,'/usr/lib/nagios/plugins/check_ping -H \'$HOSTADDRESS$\' -w 5000,100% -c 5000,100% -p 1 -4'),(4950,1,1,4,'/usr/lib/nagios/plugins/check_rpc -H \'$HOSTADDRESS$\' -C nfs -c2,3'),(4951,1,1,5,'/usr/lib/nagios/plugins/check_ping -H \'$HOSTADDRESS$\' -w 5000,100% -c 5000,100% -p 1'),(4952,1,1,6,'/usr/lib/nagios/plugins/check_ping -H \'$HOSTADDRESS$\' -w 5000,100% -c 5000,100% -p 1 -4'),(4953,1,1,7,'/usr/lib/nagios/plugins/check_ping -H \'$HOSTADDRESS$\' -w 5000,100% -c 5000,100% -p 1'),(4954,1,1,8,'/usr/lib/nagios/plugins/check_ping -H \'$HOSTADDRESS$\' -w 5000,100% -c 5000,100% -p 1 -4'),(4955,1,1,9,'/usr/lib/nagios/plugins/check_rpc -H \'$HOSTADDRESS$\' -C \'$ARG1$\''),(4956,1,1,10,'/usr/lib/nagios/plugins/check_ping -H \'$HOSTADDRESS$\' -w 5000,100% -c 5000,100% -p 1'),(4957,1,1,11,'/usr/lib/nagios/plugins/check_ping -H \'$HOSTADDRESS$\' -w 5000,100% -c 5000,100% -p 1 -4'),(4958,1,1,12,'/usr/lib/nagios/plugins/check_disk -w \'$ARG1$\' -c \'$ARG2$\' -e'),(4959,1,1,13,'/usr/lib/nagios/plugins/check_apt'),(4960,1,1,14,'/usr/lib/nagios/plugins/check_apt -d'),(4961,1,1,15,'/usr/lib/nagios/plugins/check_breeze -H \'$HOSTADDRESS$\' -w \'$ARG1$\' -c \'$ARG2$\''),(4962,1,1,16,'/usr/lib/nagios/plugins/check_snmp -H \'$HOSTADDRESS$\' -C \'$ARG1$\' -o .1.3.6.1.4.1.232.6.2.1.0,.1.3.6.1.4.1.232.6.2.2.0,.1.3.6.1.4.1.232.6.2.3.0,.1.3.6.1.4.1.232.6.2.4.0 -u \'ThermalCondition\',\'ThermalTemp\',\'ThermalSystem\',\'ThermalCPUFan\' -w 2:2,2:2,2:2,2:2 -c 1:2,1:2,1:2,1:2 -l \"Thermal status \"'),(4963,1,1,17,'/usr/lib/nagios/plugins/check_http -I \'$HOSTADDRESS$\' -p 631 \'$ARG1$\''),(4964,1,1,18,'/usr/lib/nagios/plugins/check_http -I \'$HOSTADDRESS$\' -p 631 -4 \'$ARG1$\''),(4965,1,1,19,'/usr/lib/nagios/plugins/check_dhcp -s \'$HOSTADDRESS$\' \'$ARG1$\''),(4966,1,1,20,'/usr/lib/nagios/plugins/check_dhcp -s \'$HOSTADDRESS$\' -i \'$ARG1$\' \'$ARG2$\''),(4967,1,1,21,'/usr/lib/nagios/plugins/check_dig -H \'$HOSTADDRESS$\' -l \'$ARG1$\' \'$ARG2$\''),(4968,1,1,22,'/usr/lib/nagios/plugins/check_disk -w \'$ARG1$\' -c \'$ARG2$\' -e -p \'$ARG3$\''),(4969,1,1,23,'/usr/lib/nagios/plugins/check_disk_smb -H \'$ARG1$\' -s \'$ARG2$\''),(4970,1,1,24,'/usr/lib/nagios/plugins/check_disk_smb -a \'$HOSTADDRESS$\' -H \'$ARG1$\' -s \'$ARG2$\''),(4971,1,1,25,'/usr/lib/nagios/plugins/check_disk_smb -a \'$HOSTADDRESS$\' -H \'$ARG1$\' -s \'$ARG2$\' -u \'$ARG3$\' -p \'$ARG4$\''),(4972,1,1,26,'/usr/lib/nagios/plugins/check_disk_smb -H \'$ARG1$\' -s \'$ARG2$\' -u \'$ARG3$\' -p \'$ARG4$\' -w \'$ARG5$\' -c \'$ARG6$\''),(4973,1,1,27,'/usr/lib/nagios/plugins/check_disk_smb -H \'$ARG1$\' -s \'$ARG2$\' -W \'$ARG3$\''),(4974,1,1,28,'/usr/lib/nagios/plugins/check_disk_smb -a \'$HOSTADDRESS$\' -H \'$ARG1$\' -s \'$ARG2$\' -W \'$ARG3$\''),(4975,1,1,29,'/usr/lib/nagios/plugins/check_disk_smb -a \'$HOSTADDRESS$\' -H \'$ARG1$\' -s \'$ARG2$\' -W \'$ARG3$\' -u \'$ARG4$\' -p \'$ARG5$\''),(4976,1,1,30,'/usr/lib/nagios/plugins/check_disk_smb -H \'$ARG1$\' -s \'$ARG2$\' -W \'$ARG3$\' -u \'$ARG4$\' -p \'$ARG5$\''),(4977,1,1,31,'/usr/lib/nagios/plugins/check_dns -H www.google.com -s \'$HOSTADDRESS$\' \'$ARG1$\''),(4978,1,1,32,'/usr/lib/nagios/plugins/check_flexlm -F \'$ARG1$\''),(4979,1,1,33,'/usr/lib/nagios/plugins/check_ftp -H \'$HOSTADDRESS$\' \'$ARG1$\''),(4980,1,1,34,'/usr/lib/nagios/plugins/check_ftp -H \'$HOSTADDRESS$\' -4 \'$ARG1$\''),(4981,1,1,35,'/usr/lib/nagios/plugins/check_hpjd -H \'$HOSTADDRESS$\' -C public'),(4982,1,1,36,'/usr/lib/nagios/plugins/check_http -H \'$HOSTADDRESS$\' -I \'$HOSTADDRESS$\' \'$ARG1$\''),(4983,1,1,37,'/usr/lib/nagios/plugins/check_http -H \'$ARG1$\' -I \'$HOSTADDRESS$\' -w \'$ARG2$\' -c \'$ARG3$\' \'$ARG4$\''),(4984,1,1,38,'/usr/lib/nagios/plugins/check_http -H \'$ARG1$\' -I \'$HOSTADDRESS$\' -w \'$ARG2$\' -c \'$ARG3$\' -4 \'$ARG4$\''),(4985,1,1,39,'/usr/lib/nagios/plugins/check_http -H \'$HOSTADDRESS$\' -I \'$HOSTADDRESS$\' -4 \'$ARG1$\''),(4986,1,1,40,'/usr/lib/nagios/plugins/check_http -H \'$HOSTNAME$\' -I \'$HOSTADDRESS$\' \'$ARG1$\''),(4987,1,1,41,'/usr/lib/nagios/plugins/check_http -H \'$HOSTNAME$\' -I \'$HOSTADDRESS$\' -4 \'$ARG1$\''),(4988,1,1,42,'/usr/lib/nagios/plugins/check_http --ssl -H \'$HOSTADDRESS$\' -I \'$HOSTADDRESS$\' \'$ARG1$\''),(4989,1,1,43,'/usr/lib/nagios/plugins/check_http --ssl -H \'$HOSTADDRESS$\' -I \'$HOSTADDRESS$\' -4 \'$ARG1$\''),(4990,1,1,44,'/usr/lib/nagios/plugins/check_http --ssl -H \'$HOSTADDRESS$\' -I \'$HOSTADDRESS$\' -a \'$ARG1$\' \'$ARG2$\''),(4991,1,1,45,'/usr/lib/nagios/plugins/check_http --ssl -H \'$HOSTADDRESS$\' -I \'$HOSTADDRESS$\' -a \'$ARG1$\' -4 \'$ARG2$\''),(4992,1,1,46,'/usr/lib/nagios/plugins/check_http --ssl -H \'$HOSTNAME$\' -I \'$HOSTADDRESS$\' -a \'$ARG1$\' \'$ARG2$\''),(4993,1,1,47,'/usr/lib/nagios/plugins/check_http --ssl -H \'$HOSTNAME\' -I \'$HOSTADDRESS$\' -a \'$ARG1$\' -4 \'$ARG2$\''),(4994,1,1,48,'/usr/lib/nagios/plugins/check_http --ssl -H \'$HOSTNAME$\' -I \'$HOSTADDRESS$\' \'$ARG1$\''),(4995,1,1,49,'/usr/lib/nagios/plugins/check_http --ssl -H \'$HOSTNAME$\' -I \'$HOSTADDRESS$\' -4 \'$ARG1$\''),(4996,1,1,50,'/usr/lib/nagios/plugins/check_ifoperstatus -H \'$HOSTADDRESS$\' -C \'$ARG1$\' -d \'$ARG2$\''),(4997,1,1,51,'/usr/lib/nagios/plugins/check_ifoperstatus -H \'$HOSTADDRESS$\' -C \'$ARG1$\' -k \'$ARG2$\''),(4998,1,1,52,'/usr/lib/nagios/plugins/check_ifstatus -H \'$HOSTADDRESS$\' -C \'$ARG1$\''),(4999,1,1,53,'/usr/lib/nagios/plugins/check_ifstatus -H \'$HOSTADDRESS$\' -C \'$ARG1$\' -x \'$ARG2$\''),(5000,1,1,54,'/usr/lib/nagios/plugins/check_imap -H \'$HOSTADDRESS$\' \'$ARG1$\''),(5001,1,1,55,'/usr/lib/nagios/plugins/check_imap -H \'$HOSTADDRESS$\' -4 \'$ARG1$\''),(5002,1,1,56,'/usr/lib/nagios/plugins/check_ldap -H \'$HOSTADDRESS$\' -b \'$ARG1$\''),(5003,1,1,57,'/usr/lib/nagios/plugins/check_ldap -H \'$HOSTADDRESS$\' -b \'$ARG1$\' -4'),(5004,1,1,58,'/usr/lib/nagios/plugins/check_ldap -H \'$HOSTADDRESS$\' -T -b \'$ARG1$\''),(5005,1,1,59,'/usr/lib/nagios/plugins/check_ldap -H \'$HOSTADDRESS$\' -T -b \'$ARG1$\' -4'),(5006,1,1,60,'/usr/lib/nagios/plugins/check_load --warning=\'$ARG1$,$ARG2$,$ARG3$\' --critical=\'$ARG4$,$ARG5$,$ARG6$\''),(5007,1,1,61,'$USER1$/check_procs -w $ARG1$ -c $ARG2$ -C ido2db'),(5008,1,1,62,'/usr/lib/nagios/plugins/check_mailq -w \'$ARG1$\' -c \'$ARG2$\' -M exim'),(5009,1,1,63,'/usr/lib/nagios/plugins/check_mailq -w \'$ARG1$\' -c \'$ARG2$\' -M postfix'),(5010,1,1,64,'/usr/lib/nagios/plugins/check_mailq -w \'$ARG1$\' -c \'$ARG2$\' -M qmail'),(5011,1,1,65,'/usr/lib/nagios/plugins/check_mailq -w \'$ARG1$\' -c \'$ARG2$\' -M sendmail'),(5012,1,1,66,'/usr/lib/nagios/plugins/check_mrtg \'$ARG1$\' 10 AVG \'$ARG2$\' \'$ARG3$\' \'$ARG4$\' \'$ARG5$\' \'$ARG6$\''),(5013,1,1,195,'/usr/lib/nagios/plugins/check_multi $ARG1$ $ARG2$ $ARG3$ $ARG4$'),(5014,1,1,67,'/usr/lib/nagios/plugins/check_mysql -H \'$HOSTADDRESS$\' \'$ARG1$\''),(5015,1,1,68,'/usr/lib/nagios/plugins/check_mysql -H \'$HOSTADDRESS$\' -u \'$ARG1$\' -p \'$ARG2$\' \'$ARG3$\''),(5016,1,1,69,'/usr/lib/nagios/plugins/check_mysql -d \'$ARG3$\' -H \'$HOSTADDRESS$\' -u \'$ARG1$\' -p \'$ARG2$\' \'$ARG3$\''),(5017,1,1,70,'/usr/lib/nagios/plugins/check_mysql -H \'$HOSTADDRESS$\' -u \'$ARG1$\' -p \'$ARG2$\' -S \'$ARG3$\''),(5018,1,1,71,'/usr/lib/nagios/plugins/check_snmp -H \'$HOSTADDRESS$\' -C \'$ARG1$\' -o .1.3.6.1.4.1.789.1.2.1.3.0 -w 90 -c 95 -u \'%\' -l \"CPU LOAD \"'),(5019,1,1,72,'/usr/lib/nagios/plugins/check_snmp -H \'$HOSTADDRESS$\' -C \'$ARG1$\' -o .1.3.6.1.4.1.789.1.6.4.1.0,.1.3.6.1.4.1.789.1.6.4.2.0,.1.3.6.1.4.1.789.1.6.4.8.0,.1.3.6.1.4.1.789.1.6.4.7.0 -u \'Total Disks\',\'Active\',\'Spare\',\'Failed\' -l \"\"'),(5020,1,1,73,'/usr/lib/nagios/plugins/check_snmp -H \'$HOSTADDRESS$\' -C \'$ARG1$\' -o .1.3.6.1.2.1.1.3.0 --delimiter=\')\' -l \"Uptime is\"'),(5021,1,1,74,'/usr/lib/nagios/plugins/check_nwstat -H \'$HOSTADDRESS$\' -v \"LOAD15\" -w 70 -c 90'),(5022,1,1,75,'/usr/lib/nagios/plugins/check_nwstat -H \'$HOSTADDRESS$\' -v \"LOAD1\" -w 70 -c 90'),(5023,1,1,76,'/usr/lib/nagios/plugins/check_nwstat -H \'$HOSTADDRESS$\' -v \"LOAD5\" -w 70 -c 90'),(5024,1,1,77,'/usr/lib/nagios/plugins/check_nwstat -H \'$HOSTADDRESS$\' -v \"ABENDS\" -w 10 -c 30'),(5025,1,1,78,'/usr/lib/nagios/plugins/check_nwstat -H \'$HOSTADDRESS$\' -v \"LOGINS\" -w \'$ARG1$\' -c \'$ARG2$\''),(5026,1,1,79,'/usr/lib/nagios/plugins/check_nntp -H \'$HOSTADDRESS$\' \'$ARG1$\''),(5027,1,1,80,'/usr/lib/nagios/plugins/check_nntp -H \'$HOSTADDRESS$\' -4 \'$ARG1$\''),(5028,1,1,81,'/usr/lib/nagios/plugins/check_nt -H \'$HOSTADDRESS$\' -p 12489 -v \'$ARG1$\''),(5029,1,1,82,'/usr/lib/nagios/plugins/check_nt -H \'$HOSTADDRESS$\' -v \'$ARG1$\''),(5030,1,1,83,'/usr/lib/nagios/plugins/check_ntp_peer -H \'$HOSTADDRESS$\' \'$ARG1$\''),(5031,1,1,84,'/usr/lib/nagios/plugins/check_ntp_peer -H \'$HOSTADDRESS$\' -j 10 -k 15 \'$ARG1$\''),(5032,1,1,85,'/usr/lib/nagios/plugins/check_nwstat -H \'$HOSTADDRESS$\' -v CONNS -w \'$ARG1$\' -c \'$ARG2$\''),(5033,1,1,86,'/usr/lib/nagios/plugins/check_nwstat -H \'$HOSTADDRESS$\' -v CSPROCS -w \'$ARG1$\' -c \'$ARG2$\''),(5034,1,1,87,'/usr/lib/nagios/plugins/check_nwstat -H \'$HOSTADDRESS$\' -v DSDB'),(5035,1,1,88,'/usr/lib/nagios/plugins/check_nwstat -H \'$HOSTADDRESS$\' -v LTCH -w \'$ARG1$\' -c \'$ARG2$\''),(5036,1,1,89,'/usr/lib/nagios/plugins/check_nwstat -H \'$HOSTADDRESS$\' -v PUPRB -w \'$ARG1$\' -c \'$ARG2$\''),(5037,1,1,90,'/usr/lib/nagios/plugins/check_nwstat -H \'$HOSTADDRESS$\' -v VKF\'$ARG1$\' -w \'$ARG2$\' -c \'$ARG3$\''),(5038,1,1,91,'/usr/lib/nagios/plugins/check_nwstat -H \'$HOSTADDRESS$\' -v VPF\'$ARG1$\' -w \'$ARG2$\' -c \'$ARG3$\''),(5039,1,1,92,'/usr/lib/nagios/plugins/check_pgsql -H \'$HOSTADDRESS$\' \'$ARG1$\''),(5040,1,1,93,'/usr/lib/nagios/plugins/check_pgsql -H \'$HOSTADDRESS$\' -4 \'$ARG1$\''),(5041,1,1,94,'/usr/lib/nagios/plugins/check_ping -H \'$HOSTADDRESS$\' -w \'$ARG1$\' -c \'$ARG2$\''),(5042,1,1,95,'/usr/lib/nagios/plugins/check_ping -H \'$HOSTADDRESS$\' -w \'$ARG1$\' -c \'$ARG2$\' -4'),(5043,1,1,96,'/usr/lib/nagios/plugins/check_pop -H \'$HOSTADDRESS$\' \'$ARG1$\''),(5044,1,1,97,'/usr/lib/nagios/plugins/check_pop -H \'$HOSTADDRESS$\' -4 \'$ARG1$\''),(5045,1,1,98,'/usr/lib/nagios/plugins/check_procs -w \'$ARG1$\' -c \'$ARG2$\''),(5046,1,1,99,'/usr/lib/nagios/plugins/check_procs -w 5:\'$ARG1$\' -c 1:\'$ARG2$\' -C httpd'),(5047,1,1,100,'/usr/lib/nagios/plugins/check_procs -w \'$ARG1$\' -c \'$ARG2$\' -s Z'),(5048,1,1,101,'/usr/lib/nagios/plugins/check_game qs \'$HOSTADDRESS$\''),(5049,1,1,102,'/usr/lib/nagios/plugins/check_radius -F /etc/radiusclient/radiusclient.conf -H \'$HOSTADDRESS$\' -P \'$ARG4$\' -t \'$ARG3$\' -u \'$ARG1$\' -p \'$ARG2$\''),(5050,1,1,103,'/usr/lib/nagios/plugins/check_real \'$HOSTADDRESS$\' -p \'$ARG1$\' -wt \'$ARG2$\' -ct \'$ARG3$\' -to 5'),(5051,1,1,104,'/usr/lib/nagios/plugins/check_real \'$HOSTADDRESS$\' -p \'$ARG1$\' -wt \'$ARG2$\' -ct \'$ARG3$\' -to 5 -u \'$ARG4$\''),(5052,1,1,105,'/usr/lib/nagios/plugins/check_imap -p 993 -H \'$HOSTADDRESS$\' -S \'$ARG1$\''),(5053,1,1,106,'/usr/lib/nagios/plugins/check_imap -p 993 -H \'$HOSTADDRESS$\' -S -4 \'$ARG1$\''),(5054,1,1,107,'/usr/lib/nagios/plugins/check_smtp -H \'$HOSTADDRESS$\' \'$ARG1$\''),(5055,1,1,108,'/usr/lib/nagios/plugins/check_smtp -H \'$HOSTADDRESS$\' -4 \'$ARG1$\''),(5056,1,1,109,'/usr/lib/nagios/plugins/check_pop -p 995 -H \'$HOSTADDRESS$\' -S \'$ARG1$\''),(5057,1,1,110,'/usr/lib/nagios/plugins/check_pop -p 995 -H \'$HOSTADDRESS$\' -S -4 \'$ARG1$\''),(5058,1,1,111,'/usr/lib/nagios/plugins/check_http -H \'$HOSTADDRESS$\' -p \'$ARG1$\'  -u \'$ARG2$\'  -e \'HTTP/1.0 200 OK\''),(5059,1,1,112,'/usr/lib/nagios/plugins/check_http -H \'$HOSTADDRESS$\' -p \'$ARG1$\'  -u \'$ARG2$\'  -e \'HTTP/1.0 200 OK\' -4'),(5060,1,1,113,'/usr/lib/nagios/plugins/check_ssh \'$HOSTADDRESS$\''),(5061,1,1,114,'/usr/lib/nagios/plugins/check_ssh -4 \'$HOSTADDRESS$\''),(5062,1,1,115,'/usr/lib/nagios/plugins/check_ssh -p \'$ARG1$\' \'$HOSTADDRESS$\''),(5063,1,1,116,'/usr/lib/nagios/plugins/check_ssh -4 -p \'$ARG1$\' \'$HOSTADDRESS$\''),(5064,1,1,117,'/usr/lib/nagios/plugins/check_ssmtp -H \'$HOSTADDRESS$\' \'$ARG1$\''),(5065,1,1,118,'/usr/lib/nagios/plugins/check_ssmtp -H \'$HOSTADDRESS$\' -4 \'$ARG1$\''),(5066,1,1,119,'/usr/lib/nagios/plugins/check_tcp -H \'$HOSTADDRESS$\' -p \'$ARG1$\' \'$ARG2$\''),(5067,1,1,120,'/usr/lib/nagios/plugins/check_tcp -H \'$HOSTADDRESS$\' -p \'$ARG1$\' -4 \'$ARG2$\''),(5068,1,1,121,'/usr/lib/nagios/plugins/check_tcp -H \'$HOSTADDRESS$\' -p 23 \'$ARG1$\''),(5069,1,1,122,'/usr/lib/nagios/plugins/check_tcp -H \'$HOSTADDRESS$\' -p 23 -4 \'$ARG1$\''),(5070,1,1,123,'/usr/lib/nagios/plugins/check_time -H \'$HOSTADDRESS$\' \'$ARG1$\''),(5071,1,1,124,'/usr/lib/nagios/plugins/check_udp -H \'$HOSTADDRESS$\' -p \'$ARG1$\' \'$ARG2$\''),(5072,1,1,125,'/usr/lib/nagios/plugins/check_udp -H \'$HOSTADDRESS$\' -p \'$ARG1$\' -4 \'$ARG2$\''),(5073,1,1,126,'/usr/lib/nagios/plugins/check_game uns \'$HOSTADDRESS$\' -P \'$ARG1$\' -p 8'),(5074,1,1,127,'/usr/lib/nagios/plugins/check_users -w \'$ARG1$\' -c \'$ARG2$\''),(5075,1,1,128,'/usr/bin/printf \"%b\" \"***** Icinga *****\\n\\nNotification Type: $NOTIFICATIONTYPE$\\nHost: $HOSTNAME$\\nState: $HOSTSTATE$\\nAddress: $HOSTADDRESS$\\nInfo: $HOSTOUTPUT$\\n\\nDate/Time: $LONGDATETIME$\\n\" | /usr/bin/mail -s \"** $NOTIFICATIONTYPE$ Host Alert: $HOSTNAME$ is $HOSTSTATE$ **\" $CONTACTEMAIL$'),(5076,1,1,129,'/usr/bin/printf \"%b\" \"***** Icinga *****\\n\\nNotification Type: $NOTIFICATIONTYPE$\\n\\nService: $SERVICEDESC$\\nHost: $HOSTALIAS$\\nAddress: $HOSTADDRESS$\\nState: $SERVICESTATE$\\n\\nDate/Time: $LONGDATETIME$\\n\\nAdditional Info:\\n\\n$SERVICEOUTPUT$\\n\" | /usr/bin/mail -s \"** $NOTIFICATIONTYPE$ Service Alert: $HOSTALIAS$/$SERVICEDESC$ is $SERVICESTATE$ **\" $CONTACTEMAIL$'),(5077,1,1,130,'/usr/bin/printf \"%b\" \"$LASTHOSTCHECK$\\t$HOSTNAME$\\t$HOSTSTATE$\\t$HOSTATTEMPT$\\t$HOSTSTATETYPE$\\t$HOSTEXECUTIONTIME$\\t$HOSTOUTPUT$\\t$HOSTPERFDATA$\\n\" >> /var/cache/icinga/host-perfdata.out'),(5078,1,1,131,'/usr/bin/printf \"%b\" \"$LASTSERVICECHECK$\\t$HOSTNAME$\\t$SERVICEDESC$\\t$SERVICESTATE$\\t$SERVICEATTEMPT$\\t$SERVICESTATETYPE$\\t$SERVICEEXECUTIONTIME$\\t$SERVICELATENCY$\\t$SERVICEOUTPUT$\\t$SERVICEPERFDATA$\\n\" >> /var/cache/icinga/service-perfdata.out'),(5079,1,1,132,'/usr/lib/nagios/plugins/check_dummy 2'),(5080,1,1,133,'/usr/lib/nagios/plugins/check_dummy \'$ARG1$\''),(5081,1,1,134,'/usr/lib/nagios/plugins/check_dummy 0'),(5082,1,1,135,'/usr/lib/nagios/plugins/check_dummy 3'),(5083,1,1,136,'/usr/lib/nagios/plugins/check_dummy 1'),(5084,1,1,137,'/usr/lib/nagios/plugins/check_snmp -H \'$HOSTADDRESS$\' -C \'$ARG1$\' -o .1.3.6.1.4.1.2021.11.9.0,.1.3.6.1.4.1.2021.11.10.0,.1.3.6.1.4.1.2021.11.11.0 -l \'CPU usage (user system idle)\' -u \'%\''),(5085,1,1,138,'/usr/lib/nagios/plugins/check_snmp -H \'$HOSTADDRESS$\' -C \'$ARG1$\' -o .1.3.6.1.4.1.2021.9.1.7.\'$ARG2$\',.1.3.6.1.4.1.2021.9.1.9.\'$ARG2$\' -w \'$ARG3$\':,:\'$ARG4$\' -c \'$ARG5$\':,:\'$ARG6$\' -u \'kB free (\',\'% used)\' -l \'disk space\''),(5086,1,1,139,'/usr/lib/nagios/plugins/check_snmp -H \'$HOSTADDRESS$\' -C \'$ARG1$\' -o host.hrStorage.hrStorageTable.hrStorageEntry.hrStorageUsed.\'$ARG2$\' -w \'$ARG3$\' -c \'$ARG4$\''),(5087,1,1,140,'/usr/lib/nagios/plugins/check_snmp -H \'$HOSTADDRESS$\' -C \'$ARG1$\' -o .1.3.6.1.4.1.2021.10.1.5.1,.1.3.6.1.4.1.2021.10.1.5.2,.1.3.6.1.4.1.2021.10.1.5.3 -w :\'$ARG2$\',:\'$ARG3$\',:\'$ARG4$\' -c :\'$ARG5$\',:\'$ARG6$\',:\'$ARG7$\' -l load'),(5088,1,1,141,'/usr/lib/nagios/plugins/check_snmp -H \'$HOSTADDRESS$\' -C \'$ARG1$\' -o .1.3.6.1.4.1.2021.4.6.0,.1.3.6.1.4.1.2021.4.5.0 -w \'$ARG2$\': -c \'$ARG3$\':'),(5089,1,1,142,'/usr/lib/nagios/plugins/check_snmp -H \'$HOSTADDRESS$\' -C \'$ARG1$\' -o host.hrStorage.hrStorageTable.hrStorageEntry.hrStorageUsed.\'$ARG2$\',host.hrStorage.hrStorageTable.hrStorageEntry.hrStorageSize.\'$ARG2$\' -w \'$ARG3$\' -c \'$ARG4$\''),(5090,1,1,143,'/usr/lib/nagios/plugins/check_snmp -H \'$HOSTADDRESS$\' -C \'$ARG1$\' -o host.hrStorage.hrStorageTable.hrStorageEntry.hrStorageUsed.\'$ARG2$\',host.hrStorage.hrStorageTable.hrStorageEntry.hrStorageSize.\'$ARG2$\' -w \'$ARG3$\' -c \'$ARG4$\''),(5091,1,1,144,'/usr/lib/nagios/plugins/check_snmp -H \'$HOSTADDRESS$\' -C \'$ARG1$\' -o .1.3.6.1.4.1.2021.2.1.5.\'$ARG2$\' -w \'$ARG3$\':\'$ARG4$\' -c \'$ARG5$\':\'$ARG6$\''),(5092,1,1,145,'/usr/lib/nagios/plugins/check_snmp -H \'$HOSTADDRESS$\' -C \'$ARG1$\' -o host.hrSystem.hrSystemProcesses -w :\'$ARG2$\' -c :\'$ARG3$\' -l processes'),(5093,1,1,146,'/usr/lib/nagios/plugins/check_snmp -H \'$HOSTADDRESS$\' -C \'$ARG1$\' -o .1.3.6.1.4.1.2021.4.4.0,.1.3.6.1.4.1.2021.4.3.0 -w \'$ARG2$\': -c \'$ARG3$\':'),(5094,1,1,147,'/usr/lib/nagios/plugins/check_snmp -H \'$HOSTADDRESS$\' -C \'$ARG1$\' -o host.hrStorage.hrStorageTable.hrStorageEntry.hrStorageUsed.\'$ARG2$\',host.hrStorage.hrStorageTable.hrStorageEntry.hrStorageSize.\'$ARG2$\' -w \'$ARG3$\' -c \'$ARG4$\''),(5095,1,1,148,'/usr/lib/nagios/plugins/check_snmp -H \'$HOSTADDRESS$\' -C \'$ARG1$\' -o host.hrStorage.hrStorageTable.hrStorageEntry.hrStorageUsed.\'$ARG2$\',host.hrStorage.hrStorageTable.hrStorageEntry.hrStorageSize.\'$ARG2$\' -w \'$ARG3$\' -c \'$ARG4$\''),(5096,1,1,149,'/usr/lib/nagios/plugins/check_snmp -H \'$HOSTADDRESS$\' -C \'$ARG1$\' -o tcp.tcpCurrEstab.0 -w \'$ARG2$\' -c \'$ARG3$\''),(5097,1,1,150,'/usr/lib/nagios/plugins/check_snmp -H \'$HOSTADDRESS$\' -C \'$ARG1$\' -o tcp.tcpActiveOpens.0,tcp.tcpPassiveOpens.0,tcp.tcpInSegs.0,tcp.tcpOutSegs.0,tcp.tcpRetransSegs.0 -l \'TCP stats\''),(5098,1,1,151,'/usr/lib/nagios/plugins/check_snmp -H \'$HOSTADDRESS$\' -C \'$ARG1$\' -o host.hrSystem.hrSystemNumUsers -w :\'$ARG2$\' -c :\'$ARG3$\' -l users'),(5099,1,1,152,'/usr/lib/nagios/plugins/check_by_ssh -H \'$HOSTADDRESS$\' -C \"/usr/lib/nagios/plugins/check_disk -w \'$ARG1$\' -c \'$ARG2$\' -e -p \'$ARG3$\'\"'),(5100,1,1,153,'/usr/lib/nagios/plugins/check_by_ssh -H \'$HOSTADDRESS$\' -C \"/usr/lib/nagios/plugins/check_disk -w \'$ARG1$\' -c \'$ARG2$\' -e -p \'$ARG3$\'\" -4'),(5101,1,1,154,'/usr/lib/nagios/plugins/check_mrtgtraf \'$ARG1$\' 10 AVG \'$ARG2$\' \'$ARG3$\' \'$ARG4$\' \'$ARG5$\'');
/*!40000 ALTER TABLE `icinga_commands` ENABLE KEYS */;
UNLOCK TABLES;

--
-- Table structure for table `icinga_commenthistory`
--

DROP TABLE IF EXISTS `icinga_commenthistory`;
/*!40101 SET @saved_cs_client     = @@character_set_client */;
/*!40101 SET character_set_client = utf8 */;
CREATE TABLE `icinga_commenthistory` (
  `commenthistory_id` bigint(20) unsigned NOT NULL AUTO_INCREMENT,
  `instance_id` bigint(20) unsigned DEFAULT '0',
  `entry_time` timestamp NOT NULL DEFAULT '0000-00-00 00:00:00',
  `entry_time_usec` int(11) DEFAULT '0',
  `comment_type` smallint(6) DEFAULT '0',
  `entry_type` smallint(6) DEFAULT '0',
  `object_id` bigint(20) unsigned DEFAULT '0',
  `comment_time` timestamp NOT NULL DEFAULT '0000-00-00 00:00:00',
  `internal_comment_id` bigint(20) unsigned DEFAULT '0',
  `author_name` varchar(64) DEFAULT '',
  `comment_data` text,
  `is_persistent` smallint(6) DEFAULT '0',
  `comment_source` smallint(6) DEFAULT '0',
  `expires` smallint(6) DEFAULT '0',
  `expiration_time` timestamp NOT NULL DEFAULT '0000-00-00 00:00:00',
  `deletion_time` timestamp NOT NULL DEFAULT '0000-00-00 00:00:00',
  `deletion_time_usec` int(11) DEFAULT '0',
  PRIMARY KEY (`commenthistory_id`),
  UNIQUE KEY `instance_id` (`instance_id`,`object_id`,`comment_time`,`internal_comment_id`)
) ENGINE=InnoDB AUTO_INCREMENT=6 DEFAULT CHARSET=latin1 COMMENT='Historical host and service comments';
/*!40101 SET character_set_client = @saved_cs_client */;

--
-- Dumping data for table `icinga_commenthistory`
--

LOCK TABLES `icinga_commenthistory` WRITE;
/*!40000 ALTER TABLE `icinga_commenthistory` DISABLE KEYS */;
INSERT INTO `icinga_commenthistory` VALUES (1,1,'2015-07-03 11:52:24',133108,1,3,179,'2015-07-03 11:52:24',1,'(Icinga Process)','Notifications for this host are being suppressed because it was detected as having been flapping between different states (22.4% change > 20.0% threshold).  When the host state stabilizes and the flapping stops, notifications will be re-enabled.',0,0,0,'0000-00-00 00:00:00','2015-07-03 12:10:14',7771),(2,1,'2015-07-03 11:53:14',137896,2,3,185,'2015-07-03 11:53:14',2,'(Icinga Process)','Notifications for this service are being suppressed because it was detected as having been flapping between different states (22.6% change >= 20.0% threshold).  When the service state stabilizes and the flapping stops, notifications will be re-enabled.',0,0,0,'0000-00-00 00:00:00','2015-07-03 12:10:14',7791),(3,1,'2015-07-03 12:10:14',7173,2,3,185,'2015-07-03 12:10:14',3,'(Icinga Process)','Notifications for this service are being suppressed because it was detected as having been flapping between different states (27.3% change >= 20.0% threshold).  When the service state stabilizes and the flapping stops, notifications will be re-enabled.',0,0,0,'0000-00-00 00:00:00','2015-07-03 12:14:36',762367),(4,1,'2015-07-03 12:14:36',761904,2,3,185,'2015-07-03 12:14:36',4,'(Icinga Process)','Notifications for this service are being suppressed because it was detected as having been flapping between different states (26.6% change >= 20.0% threshold).  When the service state stabilizes and the flapping stops, notifications will be re-enabled.',0,0,0,'0000-00-00 00:00:00','2015-07-03 12:16:00',616846),(5,1,'2015-07-03 12:16:00',616405,2,3,185,'2015-07-03 12:16:00',5,'(Icinga Process)','Notifications for this service are being suppressed because it was detected as having been flapping between different states (26.6% change >= 20.0% threshold).  When the service state stabilizes and the flapping stops, notifications will be re-enabled.',0,0,0,'0000-00-00 00:00:00','2015-07-03 13:45:37',622393);
/*!40000 ALTER TABLE `icinga_commenthistory` ENABLE KEYS */;
UNLOCK TABLES;

--
-- Table structure for table `icinga_comments`
--

DROP TABLE IF EXISTS `icinga_comments`;
/*!40101 SET @saved_cs_client     = @@character_set_client */;
/*!40101 SET character_set_client = utf8 */;
CREATE TABLE `icinga_comments` (
  `comment_id` bigint(20) unsigned NOT NULL AUTO_INCREMENT,
  `instance_id` bigint(20) unsigned DEFAULT '0',
  `entry_time` timestamp NOT NULL DEFAULT '0000-00-00 00:00:00',
  `entry_time_usec` int(11) DEFAULT '0',
  `comment_type` smallint(6) DEFAULT '0',
  `entry_type` smallint(6) DEFAULT '0',
  `object_id` bigint(20) unsigned DEFAULT '0',
  `comment_time` timestamp NOT NULL DEFAULT '0000-00-00 00:00:00',
  `internal_comment_id` bigint(20) unsigned DEFAULT '0',
  `author_name` varchar(64) DEFAULT '',
  `comment_data` text,
  `is_persistent` smallint(6) DEFAULT '0',
  `comment_source` smallint(6) DEFAULT '0',
  `expires` smallint(6) DEFAULT '0',
  `expiration_time` timestamp NOT NULL DEFAULT '0000-00-00 00:00:00',
  PRIMARY KEY (`comment_id`),
  UNIQUE KEY `instance_id` (`instance_id`,`object_id`,`comment_time`,`internal_comment_id`),
  KEY `comments_i_id_idx` (`instance_id`)
) ENGINE=InnoDB DEFAULT CHARSET=latin1 COMMENT='Usercomments on Icinga objects';
/*!40101 SET character_set_client = @saved_cs_client */;

--
-- Dumping data for table `icinga_comments`
--

LOCK TABLES `icinga_comments` WRITE;
/*!40000 ALTER TABLE `icinga_comments` DISABLE KEYS */;
/*!40000 ALTER TABLE `icinga_comments` ENABLE KEYS */;
UNLOCK TABLES;

--
-- Table structure for table `icinga_configfiles`
--

DROP TABLE IF EXISTS `icinga_configfiles`;
/*!40101 SET @saved_cs_client     = @@character_set_client */;
/*!40101 SET character_set_client = utf8 */;
CREATE TABLE `icinga_configfiles` (
  `configfile_id` bigint(20) unsigned NOT NULL AUTO_INCREMENT,
  `instance_id` bigint(20) unsigned DEFAULT '0',
  `configfile_type` smallint(6) DEFAULT '0',
  `configfile_path` varchar(255) DEFAULT '',
  PRIMARY KEY (`configfile_id`),
  UNIQUE KEY `instance_id` (`instance_id`,`configfile_type`,`configfile_path`),
  KEY `configfiles_i_id_idx` (`instance_id`)
) ENGINE=InnoDB AUTO_INCREMENT=34 DEFAULT CHARSET=latin1 COMMENT='Configuration files';
/*!40101 SET character_set_client = @saved_cs_client */;

--
-- Dumping data for table `icinga_configfiles`
--

LOCK TABLES `icinga_configfiles` WRITE;
/*!40000 ALTER TABLE `icinga_configfiles` DISABLE KEYS */;
INSERT INTO `icinga_configfiles` VALUES (33,1,0,'/etc/icinga/icinga.cfg');
/*!40000 ALTER TABLE `icinga_configfiles` ENABLE KEYS */;
UNLOCK TABLES;

--
-- Table structure for table `icinga_configfilevariables`
--

DROP TABLE IF EXISTS `icinga_configfilevariables`;
/*!40101 SET @saved_cs_client     = @@character_set_client */;
/*!40101 SET character_set_client = utf8 */;
CREATE TABLE `icinga_configfilevariables` (
  `configfilevariable_id` bigint(20) unsigned NOT NULL AUTO_INCREMENT,
  `instance_id` bigint(20) unsigned DEFAULT '0',
  `configfile_id` bigint(20) unsigned DEFAULT '0',
  `varname` varchar(64) DEFAULT '',
  `varvalue` text,
  PRIMARY KEY (`configfilevariable_id`),
  KEY `configfilevariables_i_id_idx` (`instance_id`)
) ENGINE=InnoDB AUTO_INCREMENT=3994 DEFAULT CHARSET=latin1 COMMENT='Configuration file variables';
/*!40101 SET character_set_client = @saved_cs_client */;

--
-- Dumping data for table `icinga_configfilevariables`
--

LOCK TABLES `icinga_configfilevariables` WRITE;
/*!40000 ALTER TABLE `icinga_configfilevariables` DISABLE KEYS */;
INSERT INTO `icinga_configfilevariables` VALUES (3873,1,33,'log_file','/var/log/icinga/icinga.log'),(3874,1,33,'cfg_file','/etc/icinga/commands.cfg'),(3875,1,33,'cfg_dir','/etc/nagios-plugins/config'),(3876,1,33,'cfg_dir','/etc/icinga/objects/'),(3877,1,33,'cfg_dir','/etc/icinga/modules'),(3878,1,33,'object_cache_file','/var/cache/icinga/objects.cache'),(3879,1,33,'precached_object_file','/var/cache/icinga/objects.precache'),(3880,1,33,'resource_file','/etc/icinga/resource.cfg'),(3881,1,33,'status_file','/var/lib/icinga/status.dat'),(3882,1,33,'status_update_interval','10'),(3883,1,33,'icinga_user','nagios'),(3884,1,33,'icinga_group','nagios'),(3885,1,33,'check_external_commands','0'),(3886,1,33,'command_check_interval','-1'),(3887,1,33,'command_file','/var/lib/icinga/rw/icinga.cmd'),(3888,1,33,'external_command_buffer_slots','4096'),(3889,1,33,'lock_file','/var/run/icinga/icinga.pid'),(3890,1,33,'temp_file','/var/cache/icinga/icinga.tmp'),(3891,1,33,'temp_path','/tmp'),(3892,1,33,'event_broker_options','-1'),(3893,1,33,'log_rotation_method','d'),(3894,1,33,'log_archive_path','/var/log/icinga/archives'),(3895,1,33,'use_daemon_log','1'),(3896,1,33,'use_syslog','1'),(3897,1,33,'use_syslog_local_facility','0'),(3898,1,33,'syslog_local_facility','5'),(3899,1,33,'log_notifications','1'),(3900,1,33,'log_service_retries','1'),(3901,1,33,'log_host_retries','1'),(3902,1,33,'log_event_handlers','1'),(3903,1,33,'log_initial_states','0'),(3904,1,33,'log_current_states','1'),(3905,1,33,'log_external_commands','1'),(3906,1,33,'log_passive_checks','1'),(3907,1,33,'log_long_plugin_output','0'),(3908,1,33,'service_inter_check_delay_method','s'),(3909,1,33,'max_service_check_spread','30'),(3910,1,33,'service_interleave_factor','s'),(3911,1,33,'host_inter_check_delay_method','s'),(3912,1,33,'max_host_check_spread','30'),(3913,1,33,'max_concurrent_checks','0'),(3914,1,33,'check_result_reaper_frequency','10'),(3915,1,33,'max_check_result_reaper_time','30'),(3916,1,33,'check_result_path','/var/lib/icinga/spool/checkresults'),(3917,1,33,'max_check_result_file_age','3600'),(3918,1,33,'cached_host_check_horizon','15'),(3919,1,33,'cached_service_check_horizon','15'),(3920,1,33,'enable_predictive_host_dependency_checks','1'),(3921,1,33,'enable_predictive_service_dependency_checks','1'),(3922,1,33,'soft_state_dependencies','0'),(3923,1,33,'auto_reschedule_checks','0'),(3924,1,33,'auto_rescheduling_interval','30'),(3925,1,33,'auto_rescheduling_window','180'),(3926,1,33,'sleep_time','0.25'),(3927,1,33,'service_check_timeout','60'),(3928,1,33,'host_check_timeout','30'),(3929,1,33,'event_handler_timeout','30'),(3930,1,33,'notification_timeout','30'),(3931,1,33,'ocsp_timeout','5'),(3932,1,33,'perfdata_timeout','5'),(3933,1,33,'retain_state_information','1'),(3934,1,33,'state_retention_file','/var/cache/icinga/retention.dat'),(3935,1,33,'retention_update_interval','60'),(3936,1,33,'use_retained_program_state','1'),(3937,1,33,'dump_retained_host_service_states_to_neb','0'),(3938,1,33,'use_retained_scheduling_info','1'),(3939,1,33,'retained_host_attribute_mask','0'),(3940,1,33,'retained_service_attribute_mask','0'),(3941,1,33,'retained_process_host_attribute_mask','0'),(3942,1,33,'retained_process_service_attribute_mask','0'),(3943,1,33,'retained_contact_host_attribute_mask','0'),(3944,1,33,'retained_contact_service_attribute_mask','0'),(3945,1,33,'interval_length','60'),(3946,1,33,'use_aggressive_host_checking','0'),(3947,1,33,'execute_service_checks','1'),(3948,1,33,'accept_passive_service_checks','1'),(3949,1,33,'execute_host_checks','1'),(3950,1,33,'accept_passive_host_checks','1'),(3951,1,33,'enable_notifications','1'),(3952,1,33,'enable_event_handlers','1'),(3953,1,33,'process_performance_data','0'),(3954,1,33,'obsess_over_services','0'),(3955,1,33,'obsess_over_hosts','0'),(3956,1,33,'translate_passive_host_checks','0'),(3957,1,33,'passive_host_checks_are_soft','0'),(3958,1,33,'check_for_orphaned_services','1'),(3959,1,33,'check_for_orphaned_hosts','1'),(3960,1,33,'service_check_timeout_state','u'),(3961,1,33,'check_service_freshness','1'),(3962,1,33,'service_freshness_check_interval','60'),(3963,1,33,'check_host_freshness','0'),(3964,1,33,'host_freshness_check_interval','60'),(3965,1,33,'additional_freshness_latency','15'),(3966,1,33,'enable_flap_detection','1'),(3967,1,33,'low_service_flap_threshold','5.0'),(3968,1,33,'high_service_flap_threshold','20.0'),(3969,1,33,'low_host_flap_threshold','5.0'),(3970,1,33,'high_host_flap_threshold','20.0'),(3971,1,33,'date_format','iso8601'),(3972,1,33,'p1_file','/usr/lib/icinga/p1.pl'),(3973,1,33,'enable_embedded_perl','1'),(3974,1,33,'use_embedded_perl_implicitly','1'),(3975,1,33,'stalking_event_handlers_for_hosts','0'),(3976,1,33,'stalking_event_handlers_for_services','0'),(3977,1,33,'stalking_notifications_for_hosts','0'),(3978,1,33,'stalking_notifications_for_services','0'),(3979,1,33,'illegal_object_name_chars','`~!$%^&*|\'\"<>?,()=:'),(3980,1,33,'illegal_macro_output_chars','`~$&|\'\"<>'),(3981,1,33,'keep_unknown_macros','0'),(3982,1,33,'use_regexp_matching','0'),(3983,1,33,'use_true_regexp_matching','0'),(3984,1,33,'admin_email','root@localhost'),(3985,1,33,'admin_pager','pageroot@localhost'),(3986,1,33,'daemon_dumps_core','0'),(3987,1,33,'use_large_installation_tweaks','0'),(3988,1,33,'enable_environment_macros','1'),(3989,1,33,'debug_level','0'),(3990,1,33,'debug_verbosity','2'),(3991,1,33,'debug_file','/var/log/icinga/icinga.debug'),(3992,1,33,'max_debug_file_size','100000000'),(3993,1,33,'event_profiling_enabled','0');
/*!40000 ALTER TABLE `icinga_configfilevariables` ENABLE KEYS */;
UNLOCK TABLES;

--
-- Table structure for table `icinga_conninfo`
--

DROP TABLE IF EXISTS `icinga_conninfo`;
/*!40101 SET @saved_cs_client     = @@character_set_client */;
/*!40101 SET character_set_client = utf8 */;
CREATE TABLE `icinga_conninfo` (
  `conninfo_id` bigint(20) unsigned NOT NULL AUTO_INCREMENT,
  `instance_id` bigint(20) unsigned DEFAULT '0',
  `agent_name` varchar(32) DEFAULT '',
  `agent_version` varchar(16) DEFAULT '',
  `disposition` varchar(16) DEFAULT '',
  `connect_source` varchar(16) DEFAULT '',
  `connect_type` varchar(16) DEFAULT '',
  `connect_time` timestamp NOT NULL DEFAULT '0000-00-00 00:00:00',
  `disconnect_time` timestamp NOT NULL DEFAULT '0000-00-00 00:00:00',
  `last_checkin_time` timestamp NOT NULL DEFAULT '0000-00-00 00:00:00',
  `data_start_time` timestamp NOT NULL DEFAULT '0000-00-00 00:00:00',
  `data_end_time` timestamp NOT NULL DEFAULT '0000-00-00 00:00:00',
  `bytes_processed` bigint(20) unsigned DEFAULT '0',
  `lines_processed` bigint(20) unsigned DEFAULT '0',
  `entries_processed` bigint(20) unsigned DEFAULT '0',
  PRIMARY KEY (`conninfo_id`)
) ENGINE=InnoDB AUTO_INCREMENT=48 DEFAULT CHARSET=latin1 COMMENT='IDO2DB daemon connection information';
/*!40101 SET character_set_client = @saved_cs_client */;

--
-- Dumping data for table `icinga_conninfo`
--

LOCK TABLES `icinga_conninfo` WRITE;
/*!40000 ALTER TABLE `icinga_conninfo` DISABLE KEYS */;
INSERT INTO `icinga_conninfo` VALUES (1,1,'IDOMOD','1.10.3','REALTIME','UNIXSOCKET','INITIAL','2015-07-03 09:53:06','0000-00-00 00:00:00','2015-07-03 09:53:06','2015-07-03 09:53:06','0000-00-00 00:00:00',362,25,0),(2,1,'IDOMOD','1.10.3','REALTIME','UNIXSOCKET','INITIAL','2015-07-03 09:54:29','2015-07-03 09:55:51','2015-07-03 09:55:51','2015-07-03 09:54:29','2015-07-03 09:55:51',46110,3657,257),(3,1,'IDOMOD','1.10.3','REALTIME','UNIXSOCKET','INITIAL','2015-07-03 09:55:51','2015-07-03 09:56:01','2015-07-03 09:56:01','2015-07-03 09:55:51','2015-07-03 09:56:01',38059,2521,206),(4,1,'IDOMOD','1.10.3','REALTIME','UNIXSOCKET','INITIAL','2015-07-03 09:56:01','2015-07-03 10:15:21','2015-07-03 10:15:21','2015-07-03 09:56:01','2015-07-03 10:15:21',107809,13029,684),(5,1,'IDO2DB Trimming Thread','1.10.3','REALTIME','UNIXSOCKET','INITIAL','2015-07-03 10:01:01','0000-00-00 00:00:00','2015-07-03 10:01:01','2015-07-03 10:01:01','0000-00-00 00:00:00',0,0,0),(6,1,'IDOMOD','1.10.3','REALTIME','UNIXSOCKET','INITIAL','2015-07-03 10:15:21','2015-07-03 10:27:17','2015-07-03 10:27:17','2015-07-03 10:15:21','2015-07-03 10:27:17',81783,8999,500),(7,1,'IDO2DB Trimming Thread','1.10.3','REALTIME','UNIXSOCKET','INITIAL','2015-07-03 10:20:21','0000-00-00 00:00:00','2015-07-03 10:20:21','2015-07-03 10:20:21','0000-00-00 00:00:00',0,0,0),(8,1,'IDOMOD','1.10.3','REALTIME','UNIXSOCKET','INITIAL','2015-07-03 10:27:17','2015-07-03 10:30:34','2015-07-03 10:30:34','2015-07-03 10:27:17','2015-07-03 10:30:34',57827,5213,301),(9,1,'IDOMOD','1.10.3','REALTIME','UNIXSOCKET','INITIAL','2015-07-03 10:30:34','2015-07-03 10:35:10','2015-07-03 10:35:10','2015-07-03 10:30:34','2015-07-03 10:35:10',66235,6288,341),(10,1,'IDOMOD','1.10.3','REALTIME','UNIXSOCKET','INITIAL','2015-07-03 10:35:10','2015-07-03 10:38:16','2015-07-03 10:38:16','2015-07-03 10:35:10','2015-07-03 10:38:16',62436,5612,312),(11,1,'IDOMOD','1.10.3','REALTIME','UNIXSOCKET','INITIAL','2015-07-03 10:38:16','2015-07-03 10:39:11','2015-07-03 10:39:11','2015-07-03 10:38:16','2015-07-03 10:39:11',50418,3955,246),(12,1,'IDOMOD','1.10.3','REALTIME','UNIXSOCKET','INITIAL','2015-07-03 10:39:26','2015-07-03 10:40:08','2015-07-03 10:40:08','2015-07-03 10:39:26','2015-07-03 10:40:08',52939,4333,247),(13,1,'IDOMOD','1.10.3','REALTIME','UNIXSOCKET','INITIAL','2015-07-03 10:40:08','2015-07-03 10:41:30','2015-07-03 10:41:30','2015-07-03 10:40:08','2015-07-03 10:41:30',58311,5037,270),(14,1,'IDOMOD','1.10.3','REALTIME','UNIXSOCKET','INITIAL','2015-07-03 10:42:28','2015-07-03 10:59:39','2015-07-03 10:59:39','2015-07-03 10:42:28','2015-07-03 10:59:39',161129,18915,780),(15,1,'IDO2DB Trimming Thread','1.10.3','REALTIME','UNIXSOCKET','INITIAL','2015-07-03 10:47:28','0000-00-00 00:00:00','2015-07-03 10:47:28','2015-07-03 10:47:28','0000-00-00 00:00:00',0,0,0),(16,1,'IDOMOD','1.10.3','REALTIME','UNIXSOCKET','INITIAL','2015-07-03 10:59:39','2015-07-03 11:00:23','2015-07-03 11:00:23','2015-07-03 10:59:39','2015-07-03 11:00:23',55958,4641,256),(17,1,'IDOMOD','1.10.3','REALTIME','UNIXSOCKET','INITIAL','2015-07-03 11:00:23','2015-07-03 11:27:53','2015-07-03 11:27:53','2015-07-03 11:00:23','2015-07-03 11:27:53',233832,28424,1114),(18,1,'IDO2DB Trimming Thread','1.10.3','REALTIME','UNIXSOCKET','INITIAL','2015-07-03 11:05:23','0000-00-00 00:00:00','2015-07-03 11:05:23','2015-07-03 11:05:23','0000-00-00 00:00:00',0,0,0),(19,1,'IDOMOD','1.10.3','REALTIME','UNIXSOCKET','INITIAL','2015-07-03 11:27:53','2015-07-03 11:29:50','2015-07-03 11:29:50','2015-07-03 11:27:53','2015-07-03 11:29:50',64685,5646,298),(20,1,'IDOMOD','1.10.3','REALTIME','UNIXSOCKET','INITIAL','2015-07-03 11:29:50','2015-07-03 11:30:12','2015-07-03 11:30:12','2015-07-03 11:29:50','2015-07-03 11:30:12',49812,3902,235),(21,1,'IDOMOD','1.10.3','REALTIME','UNIXSOCKET','INITIAL','2015-07-03 11:30:12','2015-07-03 11:30:41','2015-07-03 11:30:41','2015-07-03 11:30:12','2015-07-03 11:30:41',53291,4255,242),(22,1,'IDOMOD','1.10.3','REALTIME','UNIXSOCKET','INITIAL','2015-07-03 11:30:41','2015-07-03 11:32:44','2015-07-03 11:32:44','2015-07-03 11:30:41','2015-07-03 11:32:44',68096,6079,311),(23,1,'IDOMOD','1.10.3','REALTIME','UNIXSOCKET','INITIAL','2015-07-03 11:32:44','2015-07-03 12:10:13','2015-07-03 12:10:13','2015-07-03 11:32:44','2015-07-03 12:10:13',292935,36000,1416),(24,1,'IDO2DB Trimming Thread','1.10.3','REALTIME','UNIXSOCKET','INITIAL','2015-07-03 11:37:44','0000-00-00 00:00:00','2015-07-03 11:37:44','2015-07-03 11:37:44','0000-00-00 00:00:00',0,0,0),(25,1,'IDOMOD','1.10.3','REALTIME','UNIXSOCKET','INITIAL','2015-07-03 12:10:13','2015-07-03 12:14:36','2015-07-03 12:14:36','2015-07-03 12:10:13','2015-07-03 12:14:36',78620,7531,367),(26,1,'IDOMOD','1.10.3','REALTIME','UNIXSOCKET','INITIAL','2015-07-03 12:14:36','2015-07-03 12:16:00','2015-07-03 12:16:00','2015-07-03 12:14:36','2015-07-03 12:16:00',62247,5278,280),(27,1,'IDOMOD','1.10.3','REALTIME','UNIXSOCKET','INITIAL','2015-07-03 12:16:00','2015-07-03 13:45:37','2015-07-03 13:45:37','2015-07-03 12:16:00','2015-07-03 13:45:37',610349,78545,2986),(28,1,'IDO2DB Trimming Thread','1.10.3','REALTIME','UNIXSOCKET','INITIAL','2015-07-03 12:21:00','0000-00-00 00:00:00','2015-07-03 12:21:00','2015-07-03 12:21:00','0000-00-00 00:00:00',0,0,0),(29,1,'IDOMOD','1.10.3','REALTIME','UNIXSOCKET','INITIAL','2015-07-03 13:45:37','0000-00-00 00:00:00','2015-07-03 13:52:01','2015-07-03 13:45:37','0000-00-00 00:00:00',102234,10620,445),(30,1,'IDO2DB Trimming Thread','1.10.3','REALTIME','UNIXSOCKET','INITIAL','2015-07-03 13:50:37','0000-00-00 00:00:00','2015-07-03 13:50:37','2015-07-03 13:50:37','0000-00-00 00:00:00',0,0,0),(31,1,'IDOMOD','1.10.3','REALTIME','UNIXSOCKET','INITIAL','2015-07-04 12:23:13','0000-00-00 00:00:00','2015-07-04 14:03:55','2015-07-04 12:23:13','0000-00-00 00:00:00',853511,108234,3725),(32,1,'IDO2DB Trimming Thread','1.10.3','REALTIME','UNIXSOCKET','INITIAL','2015-07-04 12:28:13','0000-00-00 00:00:00','2015-07-04 12:28:13','2015-07-04 12:28:13','0000-00-00 00:00:00',0,0,0),(33,1,'IDOMOD','1.10.3','REALTIME','UNIXSOCKET','INITIAL','2015-07-04 14:04:52','0000-00-00 00:00:00','2015-07-04 14:05:54','2015-07-04 14:04:52','0000-00-00 00:00:00',67482,5940,282),(34,1,'IDOMOD','1.10.3','REALTIME','UNIXSOCKET','INITIAL','2015-07-04 14:07:29','0000-00-00 00:00:00','2015-07-04 14:11:47','2015-07-04 14:07:29','0000-00-00 00:00:00',94261,9387,406),(35,1,'IDOMOD','1.10.3','REALTIME','UNIXSOCKET','INITIAL','2015-07-04 14:12:39','0000-00-00 00:00:00','2015-07-04 14:19:03','2015-07-04 14:12:39','0000-00-00 00:00:00',106911,11140,466),(36,1,'IDO2DB Trimming Thread','1.10.3','REALTIME','UNIXSOCKET','INITIAL','2015-07-04 14:17:39','0000-00-00 00:00:00','2015-07-04 14:17:39','2015-07-04 14:17:39','0000-00-00 00:00:00',0,0,0),(37,1,'IDOMOD','1.10.3','REALTIME','UNIXSOCKET','INITIAL','2015-07-04 14:20:15','0000-00-00 00:00:00','2015-07-04 14:42:45','2015-07-04 14:20:15','0000-00-00 00:00:00',226620,26617,986),(38,1,'IDO2DB Trimming Thread','1.10.3','REALTIME','UNIXSOCKET','INITIAL','2015-07-04 14:25:15','0000-00-00 00:00:00','2015-07-04 14:25:15','2015-07-04 14:25:15','0000-00-00 00:00:00',0,0,0),(39,1,'IDOMOD','1.10.3','REALTIME','UNIXSOCKET','INITIAL','2015-07-04 14:44:04','0000-00-00 00:00:00','2015-07-04 15:27:34','2015-07-04 14:44:04','0000-00-00 00:00:00',383197,47099,1679),(40,1,'IDO2DB Trimming Thread','1.10.3','REALTIME','UNIXSOCKET','INITIAL','2015-07-04 14:49:04','0000-00-00 00:00:00','2015-07-04 14:49:04','2015-07-04 14:49:04','0000-00-00 00:00:00',0,0,0),(41,1,'IDOMOD','1.10.3','REALTIME','UNIXSOCKET','INITIAL','2015-07-05 10:50:47','0000-00-00 00:00:00','2015-07-05 11:05:47','2015-07-05 10:50:47','0000-00-00 00:00:00',165307,18583,734),(42,1,'IDO2DB Trimming Thread','1.10.3','REALTIME','UNIXSOCKET','INITIAL','2015-07-05 10:55:47','0000-00-00 00:00:00','2015-07-05 10:55:47','2015-07-05 10:55:47','0000-00-00 00:00:00',0,0,0),(43,1,'IDOMOD','1.10.3','REALTIME','UNIXSOCKET','INITIAL','2015-07-05 11:07:33','2015-07-05 11:31:50','2015-07-05 11:31:50','2015-07-05 11:07:33','2015-07-05 11:31:50',233696,27447,1033),(44,1,'IDO2DB Trimming Thread','1.10.3','REALTIME','UNIXSOCKET','INITIAL','2015-07-05 11:12:33','0000-00-00 00:00:00','2015-07-05 11:12:33','2015-07-05 11:12:33','0000-00-00 00:00:00',0,0,0),(45,1,'IDOMOD','1.10.3','REALTIME','UNIXSOCKET','INITIAL','2015-07-05 11:31:50','2015-07-05 11:53:44','2015-07-05 11:53:44','2015-07-05 11:31:50','2015-07-05 11:53:44',237839,27688,997),(46,1,'IDO2DB Trimming Thread','1.10.3','REALTIME','UNIXSOCKET','INITIAL','2015-07-05 11:36:50','0000-00-00 00:00:00','2015-07-05 11:36:50','2015-07-05 11:36:50','0000-00-00 00:00:00',0,0,0),(47,1,'IDOMOD','1.10.3','REALTIME','UNIXSOCKET','INITIAL','2015-07-05 12:32:18','0000-00-00 00:00:00','2015-07-05 12:33:24','2015-07-05 12:32:18','0000-00-00 00:00:00',64616,5639,272);
/*!40000 ALTER TABLE `icinga_conninfo` ENABLE KEYS */;
UNLOCK TABLES;

--
-- Table structure for table `icinga_contact_addresses`
--

DROP TABLE IF EXISTS `icinga_contact_addresses`;
/*!40101 SET @saved_cs_client     = @@character_set_client */;
/*!40101 SET character_set_client = utf8 */;
CREATE TABLE `icinga_contact_addresses` (
  `contact_address_id` bigint(20) unsigned NOT NULL AUTO_INCREMENT,
  `instance_id` bigint(20) unsigned DEFAULT '0',
  `contact_id` bigint(20) unsigned DEFAULT '0',
  `address_number` smallint(6) DEFAULT '0',
  `address` varchar(255) DEFAULT '',
  PRIMARY KEY (`contact_address_id`),
  UNIQUE KEY `contact_id` (`contact_id`,`address_number`),
  KEY `contact_addresses_i_id_idx` (`instance_id`)
) ENGINE=InnoDB DEFAULT CHARSET=latin1 COMMENT='Contact addresses';
/*!40101 SET character_set_client = @saved_cs_client */;

--
-- Dumping data for table `icinga_contact_addresses`
--

LOCK TABLES `icinga_contact_addresses` WRITE;
/*!40000 ALTER TABLE `icinga_contact_addresses` DISABLE KEYS */;
/*!40000 ALTER TABLE `icinga_contact_addresses` ENABLE KEYS */;
UNLOCK TABLES;

--
-- Table structure for table `icinga_contact_notificationcommands`
--

DROP TABLE IF EXISTS `icinga_contact_notificationcommands`;
/*!40101 SET @saved_cs_client     = @@character_set_client */;
/*!40101 SET character_set_client = utf8 */;
CREATE TABLE `icinga_contact_notificationcommands` (
  `contact_notificationcommand_id` bigint(20) unsigned NOT NULL AUTO_INCREMENT,
  `instance_id` bigint(20) unsigned DEFAULT '0',
  `contact_id` bigint(20) unsigned DEFAULT '0',
  `notification_type` smallint(6) DEFAULT '0',
  `command_object_id` bigint(20) unsigned DEFAULT '0',
  `command_args` varchar(255) DEFAULT '',
  PRIMARY KEY (`contact_notificationcommand_id`),
  UNIQUE KEY `contact_id` (`contact_id`,`notification_type`,`command_object_id`,`command_args`),
  KEY `contact_notifcommands_i_id_idx` (`instance_id`)
) ENGINE=InnoDB AUTO_INCREMENT=67 DEFAULT CHARSET=latin1 COMMENT='Contact host and service notification commands';
/*!40101 SET character_set_client = @saved_cs_client */;

--
-- Dumping data for table `icinga_contact_notificationcommands`
--

LOCK TABLES `icinga_contact_notificationcommands` WRITE;
/*!40000 ALTER TABLE `icinga_contact_notificationcommands` DISABLE KEYS */;
INSERT INTO `icinga_contact_notificationcommands` VALUES (65,1,33,0,128,''),(66,1,33,1,129,'');
/*!40000 ALTER TABLE `icinga_contact_notificationcommands` ENABLE KEYS */;
UNLOCK TABLES;

--
-- Table structure for table `icinga_contactgroup_members`
--

DROP TABLE IF EXISTS `icinga_contactgroup_members`;
/*!40101 SET @saved_cs_client     = @@character_set_client */;
/*!40101 SET character_set_client = utf8 */;
CREATE TABLE `icinga_contactgroup_members` (
  `contactgroup_member_id` bigint(20) unsigned NOT NULL AUTO_INCREMENT,
  `instance_id` bigint(20) unsigned DEFAULT '0',
  `contactgroup_id` bigint(20) unsigned DEFAULT '0',
  `contact_object_id` bigint(20) unsigned DEFAULT '0',
  PRIMARY KEY (`contactgroup_member_id`),
  KEY `contactgroup_members_i_id_idx` (`instance_id`),
  KEY `cntgrpmbrs_cgid_coid` (`contactgroup_id`,`contact_object_id`)
) ENGINE=InnoDB AUTO_INCREMENT=34 DEFAULT CHARSET=latin1 COMMENT='Contactgroup members';
/*!40101 SET character_set_client = @saved_cs_client */;

--
-- Dumping data for table `icinga_contactgroup_members`
--

LOCK TABLES `icinga_contactgroup_members` WRITE;
/*!40000 ALTER TABLE `icinga_contactgroup_members` DISABLE KEYS */;
INSERT INTO `icinga_contactgroup_members` VALUES (33,1,33,159);
/*!40000 ALTER TABLE `icinga_contactgroup_members` ENABLE KEYS */;
UNLOCK TABLES;

--
-- Table structure for table `icinga_contactgroups`
--

DROP TABLE IF EXISTS `icinga_contactgroups`;
/*!40101 SET @saved_cs_client     = @@character_set_client */;
/*!40101 SET character_set_client = utf8 */;
CREATE TABLE `icinga_contactgroups` (
  `contactgroup_id` bigint(20) unsigned NOT NULL AUTO_INCREMENT,
  `instance_id` bigint(20) unsigned DEFAULT '0',
  `config_type` smallint(6) DEFAULT '0',
  `contactgroup_object_id` bigint(20) unsigned DEFAULT '0',
  `alias` text,
  PRIMARY KEY (`contactgroup_id`),
  UNIQUE KEY `instance_id` (`instance_id`,`config_type`,`contactgroup_object_id`),
  KEY `contactgroups_i_id_idx` (`instance_id`)
) ENGINE=InnoDB AUTO_INCREMENT=34 DEFAULT CHARSET=latin1 COMMENT='Contactgroup definitions';
/*!40101 SET character_set_client = @saved_cs_client */;

--
-- Dumping data for table `icinga_contactgroups`
--

LOCK TABLES `icinga_contactgroups` WRITE;
/*!40000 ALTER TABLE `icinga_contactgroups` DISABLE KEYS */;
INSERT INTO `icinga_contactgroups` VALUES (33,1,1,160,'Nagios Administrators');
/*!40000 ALTER TABLE `icinga_contactgroups` ENABLE KEYS */;
UNLOCK TABLES;

--
-- Table structure for table `icinga_contactnotificationmethods`
--

DROP TABLE IF EXISTS `icinga_contactnotificationmethods`;
/*!40101 SET @saved_cs_client     = @@character_set_client */;
/*!40101 SET character_set_client = utf8 */;
CREATE TABLE `icinga_contactnotificationmethods` (
  `contactnotificationmethod_id` bigint(20) unsigned NOT NULL AUTO_INCREMENT,
  `instance_id` bigint(20) unsigned DEFAULT '0',
  `contactnotification_id` bigint(20) unsigned DEFAULT '0',
  `start_time` timestamp NOT NULL DEFAULT '0000-00-00 00:00:00',
  `start_time_usec` int(11) DEFAULT '0',
  `end_time` timestamp NOT NULL DEFAULT '0000-00-00 00:00:00',
  `end_time_usec` int(11) DEFAULT '0',
  `command_object_id` bigint(20) unsigned DEFAULT '0',
  `command_args` text,
  PRIMARY KEY (`contactnotificationmethod_id`),
  UNIQUE KEY `instance_id` (`instance_id`,`contactnotification_id`,`start_time`,`start_time_usec`),
  KEY `contact_notif_meth_notif_idx` (`contactnotification_id`,`command_object_id`)
) ENGINE=InnoDB AUTO_INCREMENT=11 DEFAULT CHARSET=latin1 COMMENT='Historical record of contact notification methods';
/*!40101 SET character_set_client = @saved_cs_client */;

--
-- Dumping data for table `icinga_contactnotificationmethods`
--

LOCK TABLES `icinga_contactnotificationmethods` WRITE;
/*!40000 ALTER TABLE `icinga_contactnotificationmethods` DISABLE KEYS */;
INSERT INTO `icinga_contactnotificationmethods` VALUES (1,1,1,'2015-07-03 11:06:43',50179,'2015-07-03 11:06:43',97251,128,''),(2,1,2,'2015-07-03 11:28:43',98319,'2015-07-03 11:28:43',124778,128,''),(3,1,3,'2015-07-03 11:32:11',93645,'2015-07-03 11:32:11',127537,129,''),(4,1,4,'2015-07-03 11:37:14',147253,'2015-07-03 11:37:14',179951,129,''),(5,1,5,'2015-07-03 12:30:30',10853,'2015-07-03 12:30:30',40334,128,''),(6,1,6,'2015-07-03 12:51:00',47497,'2015-07-03 12:51:00',77976,128,''),(7,1,7,'2015-07-04 12:31:15',111891,'2015-07-04 12:31:15',178642,128,''),(8,1,8,'2015-07-04 12:33:05',240276,'2015-07-04 12:33:05',276414,128,''),(9,1,9,'2015-07-04 13:43:05',62202,'2015-07-04 13:43:05',95412,128,''),(10,1,10,'2015-07-05 10:53:49',145806,'2015-07-05 10:53:49',193342,128,'');
/*!40000 ALTER TABLE `icinga_contactnotificationmethods` ENABLE KEYS */;
UNLOCK TABLES;

--
-- Table structure for table `icinga_contactnotifications`
--

DROP TABLE IF EXISTS `icinga_contactnotifications`;
/*!40101 SET @saved_cs_client     = @@character_set_client */;
/*!40101 SET character_set_client = utf8 */;
CREATE TABLE `icinga_contactnotifications` (
  `contactnotification_id` bigint(20) unsigned NOT NULL AUTO_INCREMENT,
  `instance_id` bigint(20) unsigned DEFAULT '0',
  `notification_id` bigint(20) unsigned DEFAULT '0',
  `contact_object_id` bigint(20) unsigned DEFAULT '0',
  `start_time` timestamp NOT NULL DEFAULT '0000-00-00 00:00:00',
  `start_time_usec` int(11) DEFAULT '0',
  `end_time` timestamp NOT NULL DEFAULT '0000-00-00 00:00:00',
  `end_time_usec` int(11) DEFAULT '0',
  PRIMARY KEY (`contactnotification_id`),
  UNIQUE KEY `instance_id` (`instance_id`,`contact_object_id`,`start_time`,`start_time_usec`),
  KEY `contact_notification_idx` (`notification_id`,`contact_object_id`)
) ENGINE=InnoDB AUTO_INCREMENT=11 DEFAULT CHARSET=latin1 COMMENT='Historical record of contact notifications';
/*!40101 SET character_set_client = @saved_cs_client */;

--
-- Dumping data for table `icinga_contactnotifications`
--

LOCK TABLES `icinga_contactnotifications` WRITE;
/*!40000 ALTER TABLE `icinga_contactnotifications` DISABLE KEYS */;
INSERT INTO `icinga_contactnotifications` VALUES (1,1,1,159,'2015-07-03 11:06:43',50169,'2015-07-03 11:06:43',97293),(2,1,2,159,'2015-07-03 11:28:43',98307,'2015-07-03 11:28:43',124996),(3,1,3,159,'2015-07-03 11:32:11',93598,'2015-07-03 11:32:11',127584),(4,1,4,159,'2015-07-03 11:37:14',147240,'2015-07-03 11:37:14',180163),(5,1,5,159,'2015-07-03 12:30:30',10837,'2015-07-03 12:30:30',40393),(6,1,6,159,'2015-07-03 12:51:00',47483,'2015-07-03 12:51:00',78267),(7,1,7,159,'2015-07-04 12:31:15',111837,'2015-07-04 12:31:15',178863),(8,1,8,159,'2015-07-04 12:33:05',240262,'2015-07-04 12:33:05',276786),(9,1,9,159,'2015-07-04 13:43:05',62186,'2015-07-04 13:43:05',95650),(10,1,10,159,'2015-07-05 10:53:49',145727,'2015-07-05 10:53:49',193596);
/*!40000 ALTER TABLE `icinga_contactnotifications` ENABLE KEYS */;
UNLOCK TABLES;

--
-- Table structure for table `icinga_contacts`
--

DROP TABLE IF EXISTS `icinga_contacts`;
/*!40101 SET @saved_cs_client     = @@character_set_client */;
/*!40101 SET character_set_client = utf8 */;
CREATE TABLE `icinga_contacts` (
  `contact_id` bigint(20) unsigned NOT NULL AUTO_INCREMENT,
  `instance_id` bigint(20) unsigned DEFAULT '0',
  `config_type` smallint(6) DEFAULT '0',
  `contact_object_id` bigint(20) unsigned DEFAULT '0',
  `alias` varchar(64) DEFAULT '',
  `email_address` varchar(255) DEFAULT '',
  `pager_address` varchar(64) DEFAULT '',
  `host_timeperiod_object_id` bigint(20) unsigned DEFAULT '0',
  `service_timeperiod_object_id` bigint(20) unsigned DEFAULT '0',
  `host_notifications_enabled` smallint(6) DEFAULT '0',
  `service_notifications_enabled` smallint(6) DEFAULT '0',
  `can_submit_commands` smallint(6) DEFAULT '0',
  `notify_service_recovery` smallint(6) DEFAULT '0',
  `notify_service_warning` smallint(6) DEFAULT '0',
  `notify_service_unknown` smallint(6) DEFAULT '0',
  `notify_service_critical` smallint(6) DEFAULT '0',
  `notify_service_flapping` smallint(6) DEFAULT '0',
  `notify_service_downtime` smallint(6) DEFAULT '0',
  `notify_host_recovery` smallint(6) DEFAULT '0',
  `notify_host_down` smallint(6) DEFAULT '0',
  `notify_host_unreachable` smallint(6) DEFAULT '0',
  `notify_host_flapping` smallint(6) DEFAULT '0',
  `notify_host_downtime` smallint(6) DEFAULT '0',
  PRIMARY KEY (`contact_id`),
  UNIQUE KEY `instance_id` (`instance_id`,`config_type`,`contact_object_id`),
  KEY `contacts_i_id_idx` (`instance_id`),
  KEY `contacts_object_id_idx` (`contact_object_id`)
) ENGINE=InnoDB AUTO_INCREMENT=34 DEFAULT CHARSET=latin1 COMMENT='Contact definitions';
/*!40101 SET character_set_client = @saved_cs_client */;

--
-- Dumping data for table `icinga_contacts`
--

LOCK TABLES `icinga_contacts` WRITE;
/*!40000 ALTER TABLE `icinga_contacts` DISABLE KEYS */;
INSERT INTO `icinga_contacts` VALUES (33,1,1,159,'Root','root','',155,155,1,1,1,1,1,1,1,0,0,1,1,0,0,0);
/*!40000 ALTER TABLE `icinga_contacts` ENABLE KEYS */;
UNLOCK TABLES;

--
-- Table structure for table `icinga_contactstatus`
--

DROP TABLE IF EXISTS `icinga_contactstatus`;
/*!40101 SET @saved_cs_client     = @@character_set_client */;
/*!40101 SET character_set_client = utf8 */;
CREATE TABLE `icinga_contactstatus` (
  `contactstatus_id` bigint(20) unsigned NOT NULL AUTO_INCREMENT,
  `instance_id` bigint(20) unsigned DEFAULT '0',
  `contact_object_id` bigint(20) unsigned DEFAULT '0',
  `status_update_time` timestamp NOT NULL DEFAULT '0000-00-00 00:00:00',
  `host_notifications_enabled` smallint(6) DEFAULT '0',
  `service_notifications_enabled` smallint(6) DEFAULT '0',
  `last_host_notification` timestamp NOT NULL DEFAULT '0000-00-00 00:00:00',
  `last_service_notification` timestamp NOT NULL DEFAULT '0000-00-00 00:00:00',
  `modified_attributes` int(11) DEFAULT '0',
  `modified_host_attributes` int(11) DEFAULT '0',
  `modified_service_attributes` int(11) DEFAULT '0',
  PRIMARY KEY (`contactstatus_id`),
  UNIQUE KEY `contact_object_id` (`contact_object_id`),
  KEY `contactstatus_i_id_idx` (`instance_id`)
) ENGINE=InnoDB AUTO_INCREMENT=33 DEFAULT CHARSET=latin1 COMMENT='Contact status';
/*!40101 SET character_set_client = @saved_cs_client */;

--
-- Dumping data for table `icinga_contactstatus`
--

LOCK TABLES `icinga_contactstatus` WRITE;
/*!40000 ALTER TABLE `icinga_contactstatus` DISABLE KEYS */;
INSERT INTO `icinga_contactstatus` VALUES (32,1,159,'2015-07-05 12:32:18',1,1,'2015-07-05 10:53:49','2015-07-03 11:37:14',0,0,0);
/*!40000 ALTER TABLE `icinga_contactstatus` ENABLE KEYS */;
UNLOCK TABLES;

--
-- Table structure for table `icinga_customvariables`
--

DROP TABLE IF EXISTS `icinga_customvariables`;
/*!40101 SET @saved_cs_client     = @@character_set_client */;
/*!40101 SET character_set_client = utf8 */;
CREATE TABLE `icinga_customvariables` (
  `customvariable_id` bigint(20) unsigned NOT NULL AUTO_INCREMENT,
  `instance_id` bigint(20) unsigned DEFAULT '0',
  `object_id` bigint(20) unsigned DEFAULT '0',
  `config_type` smallint(6) DEFAULT '0',
  `has_been_modified` smallint(6) DEFAULT '0',
  `varname` varchar(255) DEFAULT '',
  `varvalue` text,
  PRIMARY KEY (`customvariable_id`),
  UNIQUE KEY `object_id_2` (`object_id`,`config_type`,`varname`),
  KEY `varname` (`varname`),
  KEY `customvariables_i_id_idx` (`instance_id`)
) ENGINE=InnoDB DEFAULT CHARSET=latin1 COMMENT='Custom variables';
/*!40101 SET character_set_client = @saved_cs_client */;

--
-- Dumping data for table `icinga_customvariables`
--

LOCK TABLES `icinga_customvariables` WRITE;
/*!40000 ALTER TABLE `icinga_customvariables` DISABLE KEYS */;
/*!40000 ALTER TABLE `icinga_customvariables` ENABLE KEYS */;
UNLOCK TABLES;

--
-- Table structure for table `icinga_customvariablestatus`
--

DROP TABLE IF EXISTS `icinga_customvariablestatus`;
/*!40101 SET @saved_cs_client     = @@character_set_client */;
/*!40101 SET character_set_client = utf8 */;
CREATE TABLE `icinga_customvariablestatus` (
  `customvariablestatus_id` bigint(20) unsigned NOT NULL AUTO_INCREMENT,
  `instance_id` bigint(20) unsigned DEFAULT '0',
  `object_id` bigint(20) unsigned DEFAULT '0',
  `status_update_time` timestamp NOT NULL DEFAULT '0000-00-00 00:00:00',
  `has_been_modified` smallint(6) DEFAULT '0',
  `varname` varchar(255) DEFAULT '',
  `varvalue` text,
  PRIMARY KEY (`customvariablestatus_id`),
  UNIQUE KEY `object_id_2` (`object_id`,`varname`),
  KEY `varname` (`varname`),
  KEY `customvariablestatus_i_id_idx` (`instance_id`)
) ENGINE=InnoDB DEFAULT CHARSET=latin1 COMMENT='Custom variable status information';
/*!40101 SET character_set_client = @saved_cs_client */;

--
-- Dumping data for table `icinga_customvariablestatus`
--

LOCK TABLES `icinga_customvariablestatus` WRITE;
/*!40000 ALTER TABLE `icinga_customvariablestatus` DISABLE KEYS */;
/*!40000 ALTER TABLE `icinga_customvariablestatus` ENABLE KEYS */;
UNLOCK TABLES;

--
-- Table structure for table `icinga_dbversion`
--

DROP TABLE IF EXISTS `icinga_dbversion`;
/*!40101 SET @saved_cs_client     = @@character_set_client */;
/*!40101 SET character_set_client = utf8 */;
CREATE TABLE `icinga_dbversion` (
  `dbversion_id` bigint(20) unsigned NOT NULL AUTO_INCREMENT,
  `name` varchar(10) DEFAULT '',
  `version` varchar(10) DEFAULT '',
  `create_time` timestamp NOT NULL DEFAULT '0000-00-00 00:00:00',
  `modify_time` timestamp NOT NULL DEFAULT '0000-00-00 00:00:00',
  PRIMARY KEY (`dbversion_id`),
  UNIQUE KEY `dbversion` (`name`)
) ENGINE=InnoDB AUTO_INCREMENT=2 DEFAULT CHARSET=latin1;
/*!40101 SET character_set_client = @saved_cs_client */;

--
-- Dumping data for table `icinga_dbversion`
--

LOCK TABLES `icinga_dbversion` WRITE;
/*!40000 ALTER TABLE `icinga_dbversion` DISABLE KEYS */;
INSERT INTO `icinga_dbversion` VALUES (1,'idoutils','1.10.0','2015-07-03 09:40:52','2015-07-03 09:40:52');
/*!40000 ALTER TABLE `icinga_dbversion` ENABLE KEYS */;
UNLOCK TABLES;

--
-- Table structure for table `icinga_downtimehistory`
--

DROP TABLE IF EXISTS `icinga_downtimehistory`;
/*!40101 SET @saved_cs_client     = @@character_set_client */;
/*!40101 SET character_set_client = utf8 */;
CREATE TABLE `icinga_downtimehistory` (
  `downtimehistory_id` bigint(20) unsigned NOT NULL AUTO_INCREMENT,
  `instance_id` bigint(20) unsigned DEFAULT '0',
  `downtime_type` smallint(6) DEFAULT '0',
  `object_id` bigint(20) unsigned DEFAULT '0',
  `entry_time` timestamp NOT NULL DEFAULT '0000-00-00 00:00:00',
  `author_name` varchar(64) DEFAULT '',
  `comment_data` text,
  `internal_downtime_id` bigint(20) unsigned DEFAULT '0',
  `triggered_by_id` bigint(20) unsigned DEFAULT '0',
  `is_fixed` smallint(6) DEFAULT '0',
  `duration` bigint(20) DEFAULT '0',
  `scheduled_start_time` timestamp NOT NULL DEFAULT '0000-00-00 00:00:00',
  `scheduled_end_time` timestamp NOT NULL DEFAULT '0000-00-00 00:00:00',
  `was_started` smallint(6) DEFAULT '0',
  `actual_start_time` timestamp NOT NULL DEFAULT '0000-00-00 00:00:00',
  `actual_start_time_usec` int(11) DEFAULT '0',
  `actual_end_time` timestamp NOT NULL DEFAULT '0000-00-00 00:00:00',
  `actual_end_time_usec` int(11) DEFAULT '0',
  `was_cancelled` smallint(6) DEFAULT '0',
  `is_in_effect` smallint(6) DEFAULT '0',
  `trigger_time` timestamp NOT NULL DEFAULT '0000-00-00 00:00:00',
  PRIMARY KEY (`downtimehistory_id`),
  UNIQUE KEY `instance_id` (`instance_id`,`object_id`,`entry_time`,`internal_downtime_id`),
  KEY `sla_idx_dohist` (`object_id`,`actual_start_time`,`actual_end_time`)
) ENGINE=InnoDB DEFAULT CHARSET=latin1 COMMENT='Historical scheduled host and service downtime';
/*!40101 SET character_set_client = @saved_cs_client */;

--
-- Dumping data for table `icinga_downtimehistory`
--

LOCK TABLES `icinga_downtimehistory` WRITE;
/*!40000 ALTER TABLE `icinga_downtimehistory` DISABLE KEYS */;
/*!40000 ALTER TABLE `icinga_downtimehistory` ENABLE KEYS */;
UNLOCK TABLES;

--
-- Table structure for table `icinga_eventhandlers`
--

DROP TABLE IF EXISTS `icinga_eventhandlers`;
/*!40101 SET @saved_cs_client     = @@character_set_client */;
/*!40101 SET character_set_client = utf8 */;
CREATE TABLE `icinga_eventhandlers` (
  `eventhandler_id` bigint(20) unsigned NOT NULL AUTO_INCREMENT,
  `instance_id` bigint(20) unsigned DEFAULT '0',
  `eventhandler_type` smallint(6) DEFAULT '0',
  `object_id` bigint(20) unsigned DEFAULT '0',
  `state` smallint(6) DEFAULT '0',
  `state_type` smallint(6) DEFAULT '0',
  `start_time` timestamp NOT NULL DEFAULT '0000-00-00 00:00:00',
  `start_time_usec` int(11) DEFAULT '0',
  `end_time` timestamp NOT NULL DEFAULT '0000-00-00 00:00:00',
  `end_time_usec` int(11) DEFAULT '0',
  `command_object_id` bigint(20) unsigned DEFAULT '0',
  `command_args` text,
  `command_line` text,
  `timeout` smallint(6) DEFAULT '0',
  `early_timeout` smallint(6) DEFAULT '0',
  `execution_time` double DEFAULT '0',
  `return_code` smallint(6) DEFAULT '0',
  `output` text,
  `long_output` text,
  PRIMARY KEY (`eventhandler_id`),
  UNIQUE KEY `instance_id` (`instance_id`,`object_id`,`start_time`,`start_time_usec`),
  KEY `eventhandlers_i_id_idx` (`instance_id`),
  KEY `eventhandlers_time_id_idx` (`start_time`)
) ENGINE=InnoDB DEFAULT CHARSET=latin1 COMMENT='Historical host and service event handlers';
/*!40101 SET character_set_client = @saved_cs_client */;

--
-- Dumping data for table `icinga_eventhandlers`
--

LOCK TABLES `icinga_eventhandlers` WRITE;
/*!40000 ALTER TABLE `icinga_eventhandlers` DISABLE KEYS */;
/*!40000 ALTER TABLE `icinga_eventhandlers` ENABLE KEYS */;
UNLOCK TABLES;

--
-- Table structure for table `icinga_externalcommands`
--

DROP TABLE IF EXISTS `icinga_externalcommands`;
/*!40101 SET @saved_cs_client     = @@character_set_client */;
/*!40101 SET character_set_client = utf8 */;
CREATE TABLE `icinga_externalcommands` (
  `externalcommand_id` bigint(20) unsigned NOT NULL AUTO_INCREMENT,
  `instance_id` bigint(20) unsigned DEFAULT '0',
  `entry_time` timestamp NOT NULL DEFAULT '0000-00-00 00:00:00',
  `command_type` smallint(6) DEFAULT '0',
  `command_name` varchar(128) DEFAULT '',
  `command_args` text,
  PRIMARY KEY (`externalcommand_id`),
  KEY `externalcommands_i_id_idx` (`instance_id`),
  KEY `externalcommands_time_id_idx` (`entry_time`)
) ENGINE=InnoDB DEFAULT CHARSET=latin1 COMMENT='Historical record of processed external commands';
/*!40101 SET character_set_client = @saved_cs_client */;

--
-- Dumping data for table `icinga_externalcommands`
--

LOCK TABLES `icinga_externalcommands` WRITE;
/*!40000 ALTER TABLE `icinga_externalcommands` DISABLE KEYS */;
/*!40000 ALTER TABLE `icinga_externalcommands` ENABLE KEYS */;
UNLOCK TABLES;

--
-- Table structure for table `icinga_flappinghistory`
--

DROP TABLE IF EXISTS `icinga_flappinghistory`;
/*!40101 SET @saved_cs_client     = @@character_set_client */;
/*!40101 SET character_set_client = utf8 */;
CREATE TABLE `icinga_flappinghistory` (
  `flappinghistory_id` bigint(20) unsigned NOT NULL AUTO_INCREMENT,
  `instance_id` bigint(20) unsigned DEFAULT '0',
  `event_time` timestamp NOT NULL DEFAULT '0000-00-00 00:00:00',
  `event_time_usec` int(11) DEFAULT '0',
  `event_type` smallint(6) DEFAULT '0',
  `reason_type` smallint(6) DEFAULT '0',
  `flapping_type` smallint(6) DEFAULT '0',
  `object_id` bigint(20) unsigned DEFAULT '0',
  `percent_state_change` double DEFAULT '0',
  `low_threshold` double DEFAULT '0',
  `high_threshold` double DEFAULT '0',
  `comment_time` timestamp NOT NULL DEFAULT '0000-00-00 00:00:00',
  `internal_comment_id` bigint(20) unsigned DEFAULT '0',
  PRIMARY KEY (`flappinghistory_id`)
) ENGINE=InnoDB AUTO_INCREMENT=6 DEFAULT CHARSET=latin1 COMMENT='Current and historical record of host and service flapping';
/*!40101 SET character_set_client = @saved_cs_client */;

--
-- Dumping data for table `icinga_flappinghistory`
--

LOCK TABLES `icinga_flappinghistory` WRITE;
/*!40000 ALTER TABLE `icinga_flappinghistory` DISABLE KEYS */;
INSERT INTO `icinga_flappinghistory` VALUES (1,1,'2015-07-03 11:52:24',133132,1000,0,0,179,22.36842,5,20,'2015-07-03 11:52:24',1),(2,1,'2015-07-03 11:53:14',137925,1000,0,1,185,22.63158,5,20,'2015-07-03 11:53:14',2),(3,1,'2015-07-03 12:10:14',7188,1000,0,1,185,27.30263,5,20,'2015-07-03 12:10:14',3),(4,1,'2015-07-03 12:14:36',761916,1000,0,1,185,26.64474,5,20,'2015-07-03 12:14:36',4),(5,1,'2015-07-03 12:16:00',616416,1000,0,1,185,26.64474,5,20,'2015-07-03 12:16:00',5);
/*!40000 ALTER TABLE `icinga_flappinghistory` ENABLE KEYS */;
UNLOCK TABLES;

--
-- Table structure for table `icinga_host_contactgroups`
--

DROP TABLE IF EXISTS `icinga_host_contactgroups`;
/*!40101 SET @saved_cs_client     = @@character_set_client */;
/*!40101 SET character_set_client = utf8 */;
CREATE TABLE `icinga_host_contactgroups` (
  `host_contactgroup_id` bigint(20) unsigned NOT NULL AUTO_INCREMENT,
  `instance_id` bigint(20) unsigned DEFAULT '0',
  `host_id` bigint(20) unsigned DEFAULT '0',
  `contactgroup_object_id` bigint(20) unsigned DEFAULT '0',
  PRIMARY KEY (`host_contactgroup_id`),
  KEY `host_contactgroups_i_id_idx` (`instance_id`),
  KEY `hstcntgrps_hid_cgoid` (`host_id`,`contactgroup_object_id`)
) ENGINE=InnoDB AUTO_INCREMENT=103 DEFAULT CHARSET=latin1 COMMENT='Host contact groups';
/*!40101 SET character_set_client = @saved_cs_client */;

--
-- Dumping data for table `icinga_host_contactgroups`
--

LOCK TABLES `icinga_host_contactgroups` WRITE;
/*!40000 ALTER TABLE `icinga_host_contactgroups` DISABLE KEYS */;
INSERT INTO `icinga_host_contactgroups` VALUES (97,1,97,160),(98,1,98,160),(99,1,99,160),(100,1,100,160),(101,1,101,160),(102,1,102,160);
/*!40000 ALTER TABLE `icinga_host_contactgroups` ENABLE KEYS */;
UNLOCK TABLES;

--
-- Table structure for table `icinga_host_contacts`
--

DROP TABLE IF EXISTS `icinga_host_contacts`;
/*!40101 SET @saved_cs_client     = @@character_set_client */;
/*!40101 SET character_set_client = utf8 */;
CREATE TABLE `icinga_host_contacts` (
  `host_contact_id` bigint(20) unsigned NOT NULL AUTO_INCREMENT,
  `instance_id` bigint(20) unsigned DEFAULT '0',
  `host_id` bigint(20) unsigned DEFAULT '0',
  `contact_object_id` bigint(20) unsigned DEFAULT '0',
  PRIMARY KEY (`host_contact_id`),
  KEY `host_contacts_i_id_idx` (`instance_id`)
) ENGINE=InnoDB DEFAULT CHARSET=latin1 COMMENT='Host contacts';
/*!40101 SET character_set_client = @saved_cs_client */;

--
-- Dumping data for table `icinga_host_contacts`
--

LOCK TABLES `icinga_host_contacts` WRITE;
/*!40000 ALTER TABLE `icinga_host_contacts` DISABLE KEYS */;
/*!40000 ALTER TABLE `icinga_host_contacts` ENABLE KEYS */;
UNLOCK TABLES;

--
-- Table structure for table `icinga_host_parenthosts`
--

DROP TABLE IF EXISTS `icinga_host_parenthosts`;
/*!40101 SET @saved_cs_client     = @@character_set_client */;
/*!40101 SET character_set_client = utf8 */;
CREATE TABLE `icinga_host_parenthosts` (
  `host_parenthost_id` bigint(20) unsigned NOT NULL AUTO_INCREMENT,
  `instance_id` bigint(20) unsigned DEFAULT '0',
  `host_id` bigint(20) unsigned DEFAULT '0',
  `parent_host_object_id` bigint(20) unsigned DEFAULT '0',
  PRIMARY KEY (`host_parenthost_id`),
  KEY `host_parenthosts_i_id_idx` (`instance_id`),
  KEY `hstprnthsts_hid_phoid` (`host_id`,`parent_host_object_id`)
) ENGINE=InnoDB DEFAULT CHARSET=latin1 COMMENT='Parent hosts';
/*!40101 SET character_set_client = @saved_cs_client */;

--
-- Dumping data for table `icinga_host_parenthosts`
--

LOCK TABLES `icinga_host_parenthosts` WRITE;
/*!40000 ALTER TABLE `icinga_host_parenthosts` DISABLE KEYS */;
/*!40000 ALTER TABLE `icinga_host_parenthosts` ENABLE KEYS */;
UNLOCK TABLES;

--
-- Table structure for table `icinga_hostchecks`
--

DROP TABLE IF EXISTS `icinga_hostchecks`;
/*!40101 SET @saved_cs_client     = @@character_set_client */;
/*!40101 SET character_set_client = utf8 */;
CREATE TABLE `icinga_hostchecks` (
  `hostcheck_id` bigint(20) unsigned NOT NULL AUTO_INCREMENT,
  `instance_id` bigint(20) unsigned DEFAULT '0',
  `host_object_id` bigint(20) unsigned DEFAULT '0',
  `check_type` smallint(6) DEFAULT '0',
  `is_raw_check` smallint(6) DEFAULT '0',
  `current_check_attempt` smallint(6) DEFAULT '0',
  `max_check_attempts` smallint(6) DEFAULT '0',
  `state` smallint(6) DEFAULT '0',
  `state_type` smallint(6) DEFAULT '0',
  `start_time` timestamp NOT NULL DEFAULT '0000-00-00 00:00:00',
  `start_time_usec` int(11) DEFAULT '0',
  `end_time` timestamp NOT NULL DEFAULT '0000-00-00 00:00:00',
  `end_time_usec` int(11) DEFAULT '0',
  `command_object_id` bigint(20) unsigned DEFAULT '0',
  `command_args` text,
  `command_line` text,
  `timeout` smallint(6) DEFAULT '0',
  `early_timeout` smallint(6) DEFAULT '0',
  `execution_time` double DEFAULT '0',
  `latency` double DEFAULT '0',
  `return_code` smallint(6) DEFAULT '0',
  `output` text,
  `long_output` text,
  `perfdata` text,
  PRIMARY KEY (`hostcheck_id`),
  KEY `hostchecks_i_id_idx` (`instance_id`),
  KEY `hostchecks_time_id_idx` (`start_time`),
  KEY `hostchks_h_obj_id_idx` (`host_object_id`)
) ENGINE=InnoDB DEFAULT CHARSET=latin1 COMMENT='Historical host checks';
/*!40101 SET character_set_client = @saved_cs_client */;

--
-- Dumping data for table `icinga_hostchecks`
--

LOCK TABLES `icinga_hostchecks` WRITE;
/*!40000 ALTER TABLE `icinga_hostchecks` DISABLE KEYS */;
/*!40000 ALTER TABLE `icinga_hostchecks` ENABLE KEYS */;
UNLOCK TABLES;

--
-- Table structure for table `icinga_hostdependencies`
--

DROP TABLE IF EXISTS `icinga_hostdependencies`;
/*!40101 SET @saved_cs_client     = @@character_set_client */;
/*!40101 SET character_set_client = utf8 */;
CREATE TABLE `icinga_hostdependencies` (
  `hostdependency_id` bigint(20) unsigned NOT NULL AUTO_INCREMENT,
  `instance_id` bigint(20) unsigned DEFAULT '0',
  `config_type` smallint(6) DEFAULT '0',
  `host_object_id` bigint(20) unsigned DEFAULT '0',
  `dependent_host_object_id` bigint(20) unsigned DEFAULT '0',
  `dependency_type` smallint(6) DEFAULT '0',
  `inherits_parent` smallint(6) DEFAULT '0',
  `timeperiod_object_id` bigint(20) unsigned DEFAULT '0',
  `fail_on_up` smallint(6) DEFAULT '0',
  `fail_on_down` smallint(6) DEFAULT '0',
  `fail_on_unreachable` smallint(6) DEFAULT '0',
  PRIMARY KEY (`hostdependency_id`),
  UNIQUE KEY `instance_id` (`instance_id`,`config_type`,`host_object_id`,`dependent_host_object_id`,`dependency_type`,`inherits_parent`,`fail_on_up`,`fail_on_down`,`fail_on_unreachable`),
  KEY `hostdependencies_i_id_idx` (`instance_id`)
) ENGINE=InnoDB DEFAULT CHARSET=latin1 COMMENT='Host dependency definitions';
/*!40101 SET character_set_client = @saved_cs_client */;

--
-- Dumping data for table `icinga_hostdependencies`
--

LOCK TABLES `icinga_hostdependencies` WRITE;
/*!40000 ALTER TABLE `icinga_hostdependencies` DISABLE KEYS */;
/*!40000 ALTER TABLE `icinga_hostdependencies` ENABLE KEYS */;
UNLOCK TABLES;

--
-- Table structure for table `icinga_hostescalation_contactgroups`
--

DROP TABLE IF EXISTS `icinga_hostescalation_contactgroups`;
/*!40101 SET @saved_cs_client     = @@character_set_client */;
/*!40101 SET character_set_client = utf8 */;
CREATE TABLE `icinga_hostescalation_contactgroups` (
  `hostescalation_contactgroup_id` bigint(20) unsigned NOT NULL AUTO_INCREMENT,
  `instance_id` bigint(20) unsigned DEFAULT '0',
  `hostescalation_id` bigint(20) unsigned DEFAULT '0',
  `contactgroup_object_id` bigint(20) unsigned DEFAULT '0',
  PRIMARY KEY (`hostescalation_contactgroup_id`),
  UNIQUE KEY `instance_id` (`hostescalation_id`,`contactgroup_object_id`),
  KEY `hostesc_cgroups_i_id_idx` (`instance_id`)
) ENGINE=InnoDB DEFAULT CHARSET=latin1 COMMENT='Host escalation contact groups';
/*!40101 SET character_set_client = @saved_cs_client */;

--
-- Dumping data for table `icinga_hostescalation_contactgroups`
--

LOCK TABLES `icinga_hostescalation_contactgroups` WRITE;
/*!40000 ALTER TABLE `icinga_hostescalation_contactgroups` DISABLE KEYS */;
/*!40000 ALTER TABLE `icinga_hostescalation_contactgroups` ENABLE KEYS */;
UNLOCK TABLES;

--
-- Table structure for table `icinga_hostescalation_contacts`
--

DROP TABLE IF EXISTS `icinga_hostescalation_contacts`;
/*!40101 SET @saved_cs_client     = @@character_set_client */;
/*!40101 SET character_set_client = utf8 */;
CREATE TABLE `icinga_hostescalation_contacts` (
  `hostescalation_contact_id` bigint(20) unsigned NOT NULL AUTO_INCREMENT,
  `instance_id` bigint(20) unsigned DEFAULT '0',
  `hostescalation_id` bigint(20) unsigned DEFAULT '0',
  `contact_object_id` bigint(20) unsigned DEFAULT '0',
  PRIMARY KEY (`hostescalation_contact_id`),
  UNIQUE KEY `instance_id` (`instance_id`,`hostescalation_id`,`contact_object_id`),
  KEY `hostesc_contacts_i_id_idx` (`instance_id`)
) ENGINE=InnoDB DEFAULT CHARSET=latin1 COMMENT='Host escalation contacts';
/*!40101 SET character_set_client = @saved_cs_client */;

--
-- Dumping data for table `icinga_hostescalation_contacts`
--

LOCK TABLES `icinga_hostescalation_contacts` WRITE;
/*!40000 ALTER TABLE `icinga_hostescalation_contacts` DISABLE KEYS */;
/*!40000 ALTER TABLE `icinga_hostescalation_contacts` ENABLE KEYS */;
UNLOCK TABLES;

--
-- Table structure for table `icinga_hostescalations`
--

DROP TABLE IF EXISTS `icinga_hostescalations`;
/*!40101 SET @saved_cs_client     = @@character_set_client */;
/*!40101 SET character_set_client = utf8 */;
CREATE TABLE `icinga_hostescalations` (
  `hostescalation_id` bigint(20) unsigned NOT NULL AUTO_INCREMENT,
  `instance_id` bigint(20) unsigned DEFAULT '0',
  `config_type` smallint(6) DEFAULT '0',
  `host_object_id` bigint(20) unsigned DEFAULT '0',
  `timeperiod_object_id` bigint(20) unsigned DEFAULT '0',
  `first_notification` smallint(6) DEFAULT '0',
  `last_notification` smallint(6) DEFAULT '0',
  `notification_interval` double DEFAULT '0',
  `escalate_on_recovery` smallint(6) DEFAULT '0',
  `escalate_on_down` smallint(6) DEFAULT '0',
  `escalate_on_unreachable` smallint(6) DEFAULT '0',
  PRIMARY KEY (`hostescalation_id`),
  UNIQUE KEY `instance_id` (`instance_id`,`config_type`,`host_object_id`,`timeperiod_object_id`,`first_notification`,`last_notification`),
  KEY `hostesc_i_id_idx` (`instance_id`)
) ENGINE=InnoDB DEFAULT CHARSET=latin1 COMMENT='Host escalation definitions';
/*!40101 SET character_set_client = @saved_cs_client */;

--
-- Dumping data for table `icinga_hostescalations`
--

LOCK TABLES `icinga_hostescalations` WRITE;
/*!40000 ALTER TABLE `icinga_hostescalations` DISABLE KEYS */;
/*!40000 ALTER TABLE `icinga_hostescalations` ENABLE KEYS */;
UNLOCK TABLES;

--
-- Table structure for table `icinga_hostgroup_members`
--

DROP TABLE IF EXISTS `icinga_hostgroup_members`;
/*!40101 SET @saved_cs_client     = @@character_set_client */;
/*!40101 SET character_set_client = utf8 */;
CREATE TABLE `icinga_hostgroup_members` (
  `hostgroup_member_id` bigint(20) unsigned NOT NULL AUTO_INCREMENT,
  `instance_id` bigint(20) unsigned DEFAULT '0',
  `hostgroup_id` bigint(20) unsigned DEFAULT '0',
  `host_object_id` bigint(20) unsigned DEFAULT '0',
  PRIMARY KEY (`hostgroup_member_id`),
  KEY `hostgroup_members_i_id_idx` (`instance_id`),
  KEY `hstgrpmbrs_hgid_hoid` (`hostgroup_id`,`host_object_id`)
) ENGINE=InnoDB AUTO_INCREMENT=334 DEFAULT CHARSET=latin1 COMMENT='Hostgroup members';
/*!40101 SET character_set_client = @saved_cs_client */;

--
-- Dumping data for table `icinga_hostgroup_members`
--

LOCK TABLES `icinga_hostgroup_members` WRITE;
/*!40000 ALTER TABLE `icinga_hostgroup_members` DISABLE KEYS */;
INSERT INTO `icinga_hostgroup_members` VALUES (314,1,129,173),(315,1,129,179),(316,1,129,196),(317,1,129,203),(318,1,129,186),(319,1,129,204),(320,1,130,173),(321,1,130,179),(322,1,130,196),(323,1,130,203),(324,1,130,186),(325,1,130,204),(326,1,131,203),(327,1,131,186),(328,1,132,173),(329,1,132,179),(330,1,132,196),(331,1,132,203),(332,1,132,186),(333,1,132,204);
/*!40000 ALTER TABLE `icinga_hostgroup_members` ENABLE KEYS */;
UNLOCK TABLES;

--
-- Table structure for table `icinga_hostgroups`
--

DROP TABLE IF EXISTS `icinga_hostgroups`;
/*!40101 SET @saved_cs_client     = @@character_set_client */;
/*!40101 SET character_set_client = utf8 */;
CREATE TABLE `icinga_hostgroups` (
  `hostgroup_id` bigint(20) unsigned NOT NULL AUTO_INCREMENT,
  `instance_id` bigint(20) unsigned DEFAULT '0',
  `config_type` smallint(6) DEFAULT '0',
  `hostgroup_object_id` bigint(20) unsigned DEFAULT '0',
  `alias` text,
  PRIMARY KEY (`hostgroup_id`),
  UNIQUE KEY `instance_id` (`instance_id`,`hostgroup_object_id`),
  KEY `hostgroups_i_id_idx` (`instance_id`)
) ENGINE=InnoDB AUTO_INCREMENT=133 DEFAULT CHARSET=latin1 COMMENT='Hostgroup definitions';
/*!40101 SET character_set_client = @saved_cs_client */;

--
-- Dumping data for table `icinga_hostgroups`
--

LOCK TABLES `icinga_hostgroups` WRITE;
/*!40000 ALTER TABLE `icinga_hostgroups` DISABLE KEYS */;
INSERT INTO `icinga_hostgroups` VALUES (129,1,1,162,'All Servers'),(130,1,1,163,'Debian GNU/Linux Servers'),(131,1,1,164,'HTTP servers'),(132,1,1,165,'SSH servers');
/*!40000 ALTER TABLE `icinga_hostgroups` ENABLE KEYS */;
UNLOCK TABLES;

--
-- Table structure for table `icinga_hosts`
--

DROP TABLE IF EXISTS `icinga_hosts`;
/*!40101 SET @saved_cs_client     = @@character_set_client */;
/*!40101 SET character_set_client = utf8 */;
CREATE TABLE `icinga_hosts` (
  `host_id` bigint(20) unsigned NOT NULL AUTO_INCREMENT,
  `instance_id` bigint(20) unsigned DEFAULT '0',
  `config_type` smallint(6) DEFAULT '0',
  `host_object_id` bigint(20) unsigned DEFAULT '0',
  `alias` varchar(64) DEFAULT '',
  `display_name` varchar(255) CHARACTER SET latin1 COLLATE latin1_general_cs DEFAULT '',
  `address` varchar(128) DEFAULT '',
  `address6` varchar(128) DEFAULT '',
  `check_command_object_id` bigint(20) unsigned DEFAULT '0',
  `check_command_args` text,
  `eventhandler_command_object_id` bigint(20) unsigned DEFAULT '0',
  `eventhandler_command_args` text,
  `notification_timeperiod_object_id` bigint(20) unsigned DEFAULT '0',
  `check_timeperiod_object_id` bigint(20) unsigned DEFAULT '0',
  `failure_prediction_options` varchar(128) DEFAULT '',
  `check_interval` double DEFAULT '0',
  `retry_interval` double DEFAULT '0',
  `max_check_attempts` smallint(6) DEFAULT '0',
  `first_notification_delay` double DEFAULT '0',
  `notification_interval` double DEFAULT '0',
  `notify_on_down` smallint(6) DEFAULT '0',
  `notify_on_unreachable` smallint(6) DEFAULT '0',
  `notify_on_recovery` smallint(6) DEFAULT '0',
  `notify_on_flapping` smallint(6) DEFAULT '0',
  `notify_on_downtime` smallint(6) DEFAULT '0',
  `stalk_on_up` smallint(6) DEFAULT '0',
  `stalk_on_down` smallint(6) DEFAULT '0',
  `stalk_on_unreachable` smallint(6) DEFAULT '0',
  `flap_detection_enabled` smallint(6) DEFAULT '0',
  `flap_detection_on_up` smallint(6) DEFAULT '0',
  `flap_detection_on_down` smallint(6) DEFAULT '0',
  `flap_detection_on_unreachable` smallint(6) DEFAULT '0',
  `low_flap_threshold` double DEFAULT '0',
  `high_flap_threshold` double DEFAULT '0',
  `process_performance_data` smallint(6) DEFAULT '0',
  `freshness_checks_enabled` smallint(6) DEFAULT '0',
  `freshness_threshold` smallint(6) DEFAULT '0',
  `passive_checks_enabled` smallint(6) DEFAULT '0',
  `event_handler_enabled` smallint(6) DEFAULT '0',
  `active_checks_enabled` smallint(6) DEFAULT '0',
  `retain_status_information` smallint(6) DEFAULT '0',
  `retain_nonstatus_information` smallint(6) DEFAULT '0',
  `notifications_enabled` smallint(6) DEFAULT '0',
  `obsess_over_host` smallint(6) DEFAULT '0',
  `failure_prediction_enabled` smallint(6) DEFAULT '0',
  `notes` text,
  `notes_url` text,
  `action_url` text,
  `icon_image` text,
  `icon_image_alt` text,
  `vrml_image` text,
  `statusmap_image` text,
  `have_2d_coords` smallint(6) DEFAULT '0',
  `x_2d` smallint(6) DEFAULT '0',
  `y_2d` smallint(6) DEFAULT '0',
  `have_3d_coords` smallint(6) DEFAULT '0',
  `x_3d` double DEFAULT '0',
  `y_3d` double DEFAULT '0',
  `z_3d` double DEFAULT '0',
  PRIMARY KEY (`host_id`),
  UNIQUE KEY `instance_id` (`instance_id`,`config_type`,`host_object_id`),
  KEY `host_object_id` (`host_object_id`),
  KEY `hosts_i_id_idx` (`instance_id`),
  KEY `hosts_host_object_id_idx` (`host_object_id`)
) ENGINE=InnoDB AUTO_INCREMENT=103 DEFAULT CHARSET=latin1 COMMENT='Host definitions';
/*!40101 SET character_set_client = @saved_cs_client */;

--
-- Dumping data for table `icinga_hosts`
--

LOCK TABLES `icinga_hosts` WRITE;
/*!40000 ALTER TABLE `icinga_hosts` DISABLE KEYS */;
INSERT INTO `icinga_hosts` VALUES (97,1,1,173,'beastie','beastie','10.0.69.1','beastie',2,'',0,'',155,0,'Debian GNU/Linux servers',5,1,10,0,0,1,1,1,0,0,0,0,0,1,1,1,1,0,0,1,0,0,1,1,1,1,1,1,1,1,'Debian GNU/Linux servers','','','base/debian.png','Debian GNU/Linux','debian.png','base/debian.gd2',0,-1,-1,0,0,0,0),(98,1,1,179,'helena','helena','fc00:10:0:69::6','helena',2,'',0,'',155,0,'Debian GNU/Linux servers',5,1,10,0,0,1,1,1,0,0,0,0,0,1,1,1,1,0,0,1,0,0,1,1,1,1,1,1,1,1,'Debian GNU/Linux servers','','','base/debian.png','Debian GNU/Linux','debian.png','base/debian.gd2',0,-1,-1,0,0,0,0),(99,1,1,196,'joaquina','joaquina','10.0.69.5','joaquina',2,'',0,'',155,0,'Debian GNU/Linux servers',5,1,10,0,0,1,1,1,0,0,0,0,0,1,1,1,1,0,0,1,0,0,1,1,1,1,1,1,1,1,'Debian GNU/Linux servers','','','base/debian.png','Debian GNU/Linux','debian.png','base/debian.gd2',0,-1,-1,0,0,0,0),(100,1,1,203,'madalena','madalena','10.0.69.4','madalena',2,'',0,'',155,0,'Debian GNU/Linux servers',5,1,10,0,0,1,1,1,0,0,0,0,0,1,1,1,1,0,0,1,0,0,1,1,1,1,1,1,1,1,'Debian GNU/Linux servers','','','base/debian.png','Debian GNU/Linux','debian.png','base/debian.gd2',0,-1,-1,0,0,0,0),(101,1,1,186,'maria','maria','10.0.69.3','maria',2,'',0,'',155,0,'Debian GNU/Linux servers',5,1,10,0,0,1,1,1,0,0,0,0,0,1,1,1,1,0,0,1,0,0,1,1,1,1,1,1,1,1,'Debian GNU/Linux servers','','','base/debian.png','Debian GNU/Linux','debian.png','base/debian.gd2',0,-1,-1,0,0,0,0),(102,1,1,204,'rita','rita','10.0.69.2','rita',2,'',0,'',155,0,'Debian GNU/Linux servers',5,1,10,0,0,1,1,1,0,0,0,0,0,1,1,1,1,0,0,1,0,0,1,1,1,1,1,1,1,1,'Debian GNU/Linux servers','','','base/debian.png','Debian GNU/Linux','debian.png','base/debian.gd2',0,-1,-1,0,0,0,0);
/*!40000 ALTER TABLE `icinga_hosts` ENABLE KEYS */;
UNLOCK TABLES;

--
-- Table structure for table `icinga_hoststatus`
--

DROP TABLE IF EXISTS `icinga_hoststatus`;
/*!40101 SET @saved_cs_client     = @@character_set_client */;
/*!40101 SET character_set_client = utf8 */;
CREATE TABLE `icinga_hoststatus` (
  `hoststatus_id` bigint(20) unsigned NOT NULL AUTO_INCREMENT,
  `instance_id` bigint(20) unsigned DEFAULT '0',
  `host_object_id` bigint(20) unsigned DEFAULT '0',
  `status_update_time` timestamp NOT NULL DEFAULT '0000-00-00 00:00:00',
  `output` text,
  `long_output` text,
  `perfdata` text,
  `check_source` text,
  `current_state` smallint(6) DEFAULT '0',
  `has_been_checked` smallint(6) DEFAULT '0',
  `should_be_scheduled` smallint(6) DEFAULT '0',
  `current_check_attempt` smallint(6) DEFAULT '0',
  `max_check_attempts` smallint(6) DEFAULT '0',
  `last_check` timestamp NOT NULL DEFAULT '0000-00-00 00:00:00',
  `next_check` timestamp NOT NULL DEFAULT '0000-00-00 00:00:00',
  `check_type` smallint(6) DEFAULT '0',
  `last_state_change` timestamp NOT NULL DEFAULT '0000-00-00 00:00:00',
  `last_hard_state_change` timestamp NOT NULL DEFAULT '0000-00-00 00:00:00',
  `last_hard_state` smallint(6) DEFAULT '0',
  `last_time_up` timestamp NOT NULL DEFAULT '0000-00-00 00:00:00',
  `last_time_down` timestamp NOT NULL DEFAULT '0000-00-00 00:00:00',
  `last_time_unreachable` timestamp NOT NULL DEFAULT '0000-00-00 00:00:00',
  `state_type` smallint(6) DEFAULT '0',
  `last_notification` timestamp NOT NULL DEFAULT '0000-00-00 00:00:00',
  `next_notification` timestamp NOT NULL DEFAULT '0000-00-00 00:00:00',
  `no_more_notifications` smallint(6) DEFAULT '0',
  `notifications_enabled` smallint(6) DEFAULT '0',
  `problem_has_been_acknowledged` smallint(6) DEFAULT '0',
  `acknowledgement_type` smallint(6) DEFAULT '0',
  `current_notification_number` smallint(6) DEFAULT '0',
  `passive_checks_enabled` smallint(6) DEFAULT '0',
  `active_checks_enabled` smallint(6) DEFAULT '0',
  `event_handler_enabled` smallint(6) DEFAULT '0',
  `flap_detection_enabled` smallint(6) DEFAULT '0',
  `is_flapping` smallint(6) DEFAULT '0',
  `percent_state_change` double DEFAULT '0',
  `latency` double DEFAULT '0',
  `execution_time` double DEFAULT '0',
  `scheduled_downtime_depth` smallint(6) DEFAULT '0',
  `failure_prediction_enabled` smallint(6) DEFAULT '0',
  `process_performance_data` smallint(6) DEFAULT '0',
  `obsess_over_host` smallint(6) DEFAULT '0',
  `modified_host_attributes` int(11) DEFAULT '0',
  `event_handler` text,
  `check_command` text,
  `normal_check_interval` double DEFAULT '0',
  `retry_check_interval` double DEFAULT '0',
  `check_timeperiod_object_id` bigint(20) unsigned DEFAULT '0',
  PRIMARY KEY (`hoststatus_id`),
  UNIQUE KEY `object_id` (`host_object_id`),
  KEY `hoststatus_i_id_idx` (`instance_id`),
  KEY `hoststatus_stat_upd_time_idx` (`status_update_time`),
  KEY `hoststatus_current_state_idx` (`current_state`),
  KEY `hoststatus_check_type_idx` (`check_type`),
  KEY `hoststatus_state_type_idx` (`state_type`),
  KEY `hoststatus_last_state_chg_idx` (`last_state_change`),
  KEY `hoststatus_notif_enabled_idx` (`notifications_enabled`),
  KEY `hoststatus_problem_ack_idx` (`problem_has_been_acknowledged`),
  KEY `hoststatus_act_chks_en_idx` (`active_checks_enabled`),
  KEY `hoststatus_pas_chks_en_idx` (`passive_checks_enabled`),
  KEY `hoststatus_event_hdl_en_idx` (`event_handler_enabled`),
  KEY `hoststatus_flap_det_en_idx` (`flap_detection_enabled`),
  KEY `hoststatus_is_flapping_idx` (`is_flapping`),
  KEY `hoststatus_p_state_chg_idx` (`percent_state_change`),
  KEY `hoststatus_latency_idx` (`latency`),
  KEY `hoststatus_ex_time_idx` (`execution_time`),
  KEY `hoststatus_sch_downt_d_idx` (`scheduled_downtime_depth`)
) ENGINE=InnoDB AUTO_INCREMENT=8 DEFAULT CHARSET=latin1 COMMENT='Current host status information';
/*!40101 SET character_set_client = @saved_cs_client */;

--
-- Dumping data for table `icinga_hoststatus`
--

LOCK TABLES `icinga_hoststatus` WRITE;
/*!40000 ALTER TABLE `icinga_hoststatus` DISABLE KEYS */;
INSERT INTO `icinga_hoststatus` VALUES (1,1,161,'2015-07-03 10:40:08','PING OK - Packet loss = 0%, RTA = 0.03 ms','','rta=0.025000ms;5000.000000;5000.000000;0.000000 pl=0%;100;100;0',NULL,0,1,1,1,10,'2015-07-03 10:39:27','2015-07-03 10:44:37',0,'2015-07-03 09:53:54','2015-07-03 09:53:54',0,'2015-07-03 10:39:37','0000-00-00 00:00:00','0000-00-00 00:00:00',1,'0000-00-00 00:00:00','0000-00-00 00:00:00',0,1,0,0,0,1,1,1,1,0,0,0.036,0.021,0,1,1,1,0,'','check-host-alive',5,1,0),(2,1,173,'2015-07-05 12:32:28','PING OK - Packet loss = 0%, RTA = 0.57 ms','','rta=0.572000ms;5000.000000;5000.000000;0.000000 pl=0%;100;100;0',NULL,0,1,1,1,10,'2015-07-05 12:32:18','2015-07-05 12:37:28',0,'2015-07-03 10:28:16','2015-07-03 10:28:16',0,'2015-07-05 12:32:28','0000-00-00 00:00:00','0000-00-00 00:00:00',1,'0000-00-00 00:00:00','0000-00-00 00:00:00',0,1,0,0,0,1,1,1,1,0,0,0.774,0.00596,0,1,1,1,0,'','check-host-alive',5,1,0),(3,1,179,'2015-07-05 12:33:18','PING OK - Packet loss = 0%, RTA = 0.39 ms','','rta=0.386000ms;5000.000000;5000.000000;0.000000 pl=0%;100;100;0',NULL,0,1,1,1,10,'2015-07-05 12:33:08','2015-07-05 12:38:18',0,'2015-07-05 10:53:49','2015-07-05 10:53:49',0,'2015-07-05 12:33:18','2015-07-05 10:52:49','0000-00-00 00:00:00',1,'2015-07-05 10:53:49','0000-00-00 00:00:00',0,1,0,0,0,1,1,1,1,0,4.14474,0.276,0.00722,0,1,1,1,0,'','check-host-alive',5,1,0),(4,1,186,'2015-07-05 12:32:18','PING OK - Packet loss = 0%, RTA = 0.04 ms','','rta=0.036000ms;5000.000000;5000.000000;0.000000 pl=0%;100;100;0',NULL,0,1,1,1,10,'2015-07-05 11:50:50','2015-07-05 12:35:38',0,'2015-07-03 10:59:59','2015-07-03 10:43:42',0,'2015-07-05 11:51:00','2015-07-03 10:59:28','0000-00-00 00:00:00',1,'0000-00-00 00:00:00','0000-00-00 00:00:00',0,1,0,0,0,1,1,1,1,0,0,0.225,0.007,0,1,1,1,0,'','check-host-alive',5,1,0),(5,1,196,'2015-07-05 12:32:18','PING OK - Packet loss = 0%, RTA = 0.73 ms','','rta=0.726000ms;5000.000000;5000.000000;0.000000 pl=0%;100;100;0',NULL,0,1,1,1,10,'2015-07-05 11:49:40','2015-07-05 12:33:58',0,'2015-07-04 13:43:05','2015-07-04 13:43:05',0,'2015-07-05 11:49:50','2015-07-04 13:41:25','0000-00-00 00:00:00',1,'2015-07-04 13:43:05','0000-00-00 00:00:00',0,1,0,0,0,1,1,1,1,0,0,0.222,0.015,0,1,1,1,0,'','check-host-alive',5,1,0),(6,1,203,'2015-07-05 12:32:18','PING OK - Packet loss = 0%, RTA = 2.25 ms','','rta=2.249000ms;5000.000000;5000.000000;0.000000 pl=0%;100;100;0',NULL,0,1,1,1,10,'2015-07-05 11:53:20','2015-07-05 12:34:48',0,'2015-07-05 11:32:52','2015-07-05 11:32:52',0,'2015-07-05 11:53:30','0000-00-00 00:00:00','0000-00-00 00:00:00',1,'0000-00-00 00:00:00','0000-00-00 00:00:00',0,1,0,0,0,1,1,1,1,0,0,0.132,0.014,0,1,1,1,0,'','check-host-alive',5,1,0),(7,1,204,'2015-07-05 12:32:18','PING OK - Packet loss = 0%, RTA = 0.56 ms','','rta=0.558000ms;5000.000000;5000.000000;0.000000 pl=0%;100;100;0',NULL,0,1,1,1,10,'2015-07-05 11:49:00','2015-07-05 12:36:28',0,'2015-07-05 11:34:57','2015-07-05 11:34:57',0,'2015-07-05 11:49:10','0000-00-00 00:00:00','0000-00-00 00:00:00',1,'0000-00-00 00:00:00','0000-00-00 00:00:00',0,1,0,0,0,1,1,1,1,0,0,0.035,0.008,0,1,1,1,0,'','check-host-alive',5,1,0);
/*!40000 ALTER TABLE `icinga_hoststatus` ENABLE KEYS */;
UNLOCK TABLES;

--
-- Table structure for table `icinga_instances`
--

DROP TABLE IF EXISTS `icinga_instances`;
/*!40101 SET @saved_cs_client     = @@character_set_client */;
/*!40101 SET character_set_client = utf8 */;
CREATE TABLE `icinga_instances` (
  `instance_id` bigint(20) unsigned NOT NULL AUTO_INCREMENT,
  `instance_name` varchar(64) DEFAULT '',
  `instance_description` varchar(128) DEFAULT '',
  PRIMARY KEY (`instance_id`)
) ENGINE=InnoDB AUTO_INCREMENT=2 DEFAULT CHARSET=latin1 COMMENT='Location names of various Icinga installations';
/*!40101 SET character_set_client = @saved_cs_client */;

--
-- Dumping data for table `icinga_instances`
--

LOCK TABLES `icinga_instances` WRITE;
/*!40000 ALTER TABLE `icinga_instances` DISABLE KEYS */;
INSERT INTO `icinga_instances` VALUES (1,'default','');
/*!40000 ALTER TABLE `icinga_instances` ENABLE KEYS */;
UNLOCK TABLES;

--
-- Table structure for table `icinga_logentries`
--

DROP TABLE IF EXISTS `icinga_logentries`;
/*!40101 SET @saved_cs_client     = @@character_set_client */;
/*!40101 SET character_set_client = utf8 */;
CREATE TABLE `icinga_logentries` (
  `logentry_id` bigint(20) unsigned NOT NULL AUTO_INCREMENT,
  `instance_id` bigint(20) unsigned DEFAULT '0',
  `logentry_time` timestamp NOT NULL DEFAULT '0000-00-00 00:00:00',
  `entry_time` timestamp NOT NULL DEFAULT '0000-00-00 00:00:00',
  `entry_time_usec` int(11) DEFAULT '0',
  `logentry_type` int(11) DEFAULT '0',
  `logentry_data` text,
  `realtime_data` smallint(6) DEFAULT '0',
  `inferred_data_extracted` smallint(6) DEFAULT '0',
  `object_id` bigint(20) unsigned DEFAULT NULL,
  PRIMARY KEY (`logentry_id`),
  KEY `loge_time_idx` (`logentry_time`),
  KEY `loge_inst_id_time_idx` (`instance_id`,`logentry_time`)
) ENGINE=InnoDB AUTO_INCREMENT=291 DEFAULT CHARSET=latin1 COMMENT='Historical record of log entries';
/*!40101 SET character_set_client = @saved_cs_client */;

--
-- Dumping data for table `icinga_logentries`
--

LOCK TABLES `icinga_logentries` WRITE;
/*!40000 ALTER TABLE `icinga_logentries` DISABLE KEYS */;
INSERT INTO `icinga_logentries` VALUES (1,1,'2015-07-03 09:53:06','2015-07-03 09:53:06',0,300,'Event broker module \'IDOMOD\' version \'1.10.3\' from \'/usr/lib/icinga/idomod.so\' initialized successfully.',1,1,NULL),(2,1,'2015-07-03 09:53:06','2015-07-03 09:53:06',0,300,'Finished daemonizing... (New PID=3162)',1,1,NULL),(3,1,'2015-07-03 09:53:06','2015-07-03 09:53:06',0,300,'Event loop started...',1,1,NULL),(4,1,'2015-07-03 09:53:54','2015-07-03 09:53:54',0,300,'idomod: Error writing to data sink!  Some output may get lost...',1,1,NULL),(5,1,'2015-07-03 09:53:54','2015-07-03 09:53:54',0,300,'idomod: Please check remote ido2db log, database connection or SSL Parameters',1,1,NULL),(6,1,'2015-07-03 09:53:54','2015-07-03 09:53:54',0,300,'Caught SIGTERM, shutting down...',1,1,NULL),(7,1,'2015-07-03 09:53:54','2015-07-03 09:53:54',0,300,'Successfully shutdown... (PID=3162)',1,1,NULL),(8,1,'2015-07-03 09:54:11','2015-07-03 09:54:11',0,300,'Event broker module \'IDOMOD\' version \'1.10.3\' from \'/usr/lib/icinga/idomod.so\' initialized successfully.',1,1,NULL),(9,1,'2015-07-03 09:54:11','2015-07-03 09:54:11',0,300,'Finished daemonizing... (New PID=1251)',1,1,NULL),(10,1,'2015-07-03 09:54:11','2015-07-03 09:54:11',0,300,'Event loop started...',1,1,NULL),(11,1,'2015-07-03 09:54:29','2015-07-03 09:54:29',0,300,'idomod: Successfully flushed 336 queued items to data sink.',1,1,NULL),(12,1,'2015-07-03 09:54:29','2015-07-03 09:54:29',0,300,'idomod: Successfully connected to data sink.  336 queued items to flush.',1,1,NULL),(13,1,'2015-07-03 09:55:51','2015-07-03 09:55:51',0,300,'Caught SIGTERM, shutting down...',1,1,NULL),(14,1,'2015-07-03 09:55:51','2015-07-03 09:55:51',0,300,'Successfully shutdown... (PID=1251)',1,1,NULL),(15,1,'2015-07-03 09:55:51','2015-07-03 09:55:51',0,300,'Event broker module \'IDOMOD\' version \'1.10.3\' from \'/usr/lib/icinga/idomod.so\' initialized successfully.',1,1,NULL),(16,1,'2015-07-03 09:55:51','2015-07-03 09:55:51',0,300,'Finished daemonizing... (New PID=2146)',1,1,NULL),(17,1,'2015-07-03 09:55:51','2015-07-03 09:55:51',0,300,'Event loop started...',1,1,NULL),(18,1,'2015-07-03 09:56:01','2015-07-03 09:56:01',0,300,'Caught SIGTERM, shutting down...',1,1,NULL),(19,1,'2015-07-03 09:56:01','2015-07-03 09:56:01',0,300,'Successfully shutdown... (PID=2146)',1,1,NULL),(20,1,'2015-07-03 09:56:01','2015-07-03 09:56:01',0,300,'Event broker module \'IDOMOD\' version \'1.10.3\' from \'/usr/lib/icinga/idomod.so\' initialized successfully.',1,1,NULL),(21,1,'2015-07-03 09:56:01','2015-07-03 09:56:01',0,300,'Finished daemonizing... (New PID=2211)',1,1,NULL),(22,1,'2015-07-03 09:56:01','2015-07-03 09:56:01',0,300,'Event loop started...',1,1,NULL),(23,1,'2015-07-03 10:15:21','2015-07-03 10:15:21',0,300,'Caught SIGTERM, shutting down...',1,1,NULL),(24,1,'2015-07-03 10:15:21','2015-07-03 10:15:21',0,300,'Successfully shutdown... (PID=2211)',1,1,NULL),(25,1,'2015-07-03 10:15:21','2015-07-03 10:15:21',0,300,'Event broker module \'IDOMOD\' version \'1.10.3\' from \'/usr/lib/icinga/idomod.so\' initialized successfully.',1,1,NULL),(26,1,'2015-07-03 10:15:21','2015-07-03 10:15:21',0,300,'Finished daemonizing... (New PID=2592)',1,1,NULL),(27,1,'2015-07-03 10:15:21','2015-07-03 10:15:21',0,300,'Event loop started...',1,1,NULL),(28,1,'2015-07-03 10:27:17','2015-07-03 10:27:17',0,300,'Caught SIGTERM, shutting down...',1,1,NULL),(29,1,'2015-07-03 10:27:17','2015-07-03 10:27:17',0,300,'Successfully shutdown... (PID=2592)',1,1,NULL),(30,1,'2015-07-03 10:27:17','2015-07-03 10:27:17',0,300,'Event broker module \'IDOMOD\' version \'1.10.3\' from \'/usr/lib/icinga/idomod.so\' initialized successfully.',1,1,NULL),(31,1,'2015-07-03 10:27:17','2015-07-03 10:27:17',0,300,'Finished daemonizing... (New PID=2856)',1,1,NULL),(32,1,'2015-07-03 10:27:17','2015-07-03 10:27:17',0,300,'Event loop started...',1,1,NULL),(33,1,'2015-07-03 10:30:34','2015-07-03 10:30:34',0,300,'Caught SIGTERM, shutting down...',1,1,NULL),(34,1,'2015-07-03 10:30:34','2015-07-03 10:30:34',0,300,'Successfully shutdown... (PID=2856)',1,1,NULL),(35,1,'2015-07-03 10:30:34','2015-07-03 10:30:34',0,300,'Event broker module \'IDOMOD\' version \'1.10.3\' from \'/usr/lib/icinga/idomod.so\' initialized successfully.',1,1,NULL),(36,1,'2015-07-03 10:30:34','2015-07-03 10:30:34',0,300,'Finished daemonizing... (New PID=2990)',1,1,NULL),(37,1,'2015-07-03 10:30:34','2015-07-03 10:30:34',0,300,'Event loop started...',1,1,NULL),(38,1,'2015-07-03 10:35:10','2015-07-03 10:35:10',0,300,'Caught SIGTERM, shutting down...',1,1,NULL),(39,1,'2015-07-03 10:35:10','2015-07-03 10:35:10',0,300,'Successfully shutdown... (PID=2990)',1,1,NULL),(40,1,'2015-07-03 10:35:10','2015-07-03 10:35:10',0,300,'Event broker module \'IDOMOD\' version \'1.10.3\' from \'/usr/lib/icinga/idomod.so\' initialized successfully.',1,1,NULL),(41,1,'2015-07-03 10:35:10','2015-07-03 10:35:10',0,300,'Warning: Duplicate definition found for service \'Current Load\' on host \'beastie\' (config file \'/etc/icinga/objects/inf520_hosts.cfg\', starting on line 29)',1,1,NULL),(42,1,'2015-07-03 10:35:10','2015-07-03 10:35:10',0,300,'Warning: Duplicate definition found for service \'Total Processes\' on host \'beastie\' (config file \'/etc/icinga/objects/inf520_hosts.cfg\', starting on line 22)',1,1,NULL),(43,1,'2015-07-03 10:35:10','2015-07-03 10:35:10',0,300,'Warning: Duplicate definition found for service \'Current Users\' on host \'beastie\' (config file \'/etc/icinga/objects/inf520_hosts.cfg\', starting on line 15)',1,1,NULL),(44,1,'2015-07-03 10:35:10','2015-07-03 10:35:10',0,300,'Warning: Duplicate definition found for service \'Disk Space\' on host \'beastie\' (config file \'/etc/icinga/objects/inf520_hosts.cfg\', starting on line 8)',1,1,NULL),(45,1,'2015-07-03 10:35:10','2015-07-03 10:35:10',0,300,'Finished daemonizing... (New PID=3134)',1,1,NULL),(46,1,'2015-07-03 10:35:10','2015-07-03 10:35:10',0,300,'Event loop started...',1,1,NULL),(47,1,'2015-07-03 10:35:20','2015-07-03 10:35:20',0,300,'HOST ALERT: helena;DOWN;SOFT;1;CRITICAL - Host Unreachable (10.0.69.6)',1,1,180),(48,1,'2015-07-03 10:36:30','2015-07-03 10:36:30',0,300,'HOST ALERT: helena;UP;SOFT;2;PING OK - Packet loss = 0%, RTA = 1.79 ms',1,1,180),(49,1,'2015-07-03 10:38:16','2015-07-03 10:38:16',0,300,'Caught SIGTERM, shutting down...',1,1,NULL),(50,1,'2015-07-03 10:38:16','2015-07-03 10:38:16',0,300,'Successfully shutdown... (PID=3134)',1,1,NULL),(51,1,'2015-07-03 10:38:16','2015-07-03 10:38:16',0,300,'Event broker module \'IDOMOD\' version \'1.10.3\' from \'/usr/lib/icinga/idomod.so\' initialized successfully.',1,1,NULL),(52,1,'2015-07-03 10:38:16','2015-07-03 10:38:16',0,300,'Warning: Duplicate definition found for service \'Total Processes\' on host \'beastie\' (config file \'/etc/icinga/objects/inf520_hosts.cfg\', starting on line 22)',1,1,NULL),(53,1,'2015-07-03 10:38:16','2015-07-03 10:38:16',0,300,'Warning: Duplicate definition found for service \'Current Users\' on host \'beastie\' (config file \'/etc/icinga/objects/inf520_hosts.cfg\', starting on line 15)',1,1,NULL),(54,1,'2015-07-03 10:38:16','2015-07-03 10:38:16',0,300,'Warning: Duplicate definition found for service \'Disk Space\' on host \'beastie\' (config file \'/etc/icinga/objects/inf520_hosts.cfg\', starting on line 8)',1,1,NULL),(55,1,'2015-07-03 10:38:16','2015-07-03 10:38:16',0,300,'Warning: Duplicate definition found for service \'Current Load\' on host \'beastie\' (config file \'/etc/icinga/objects/inf520_hosts.cfg\', starting on line 29)',1,1,NULL),(56,1,'2015-07-03 10:38:16','2015-07-03 10:38:16',0,300,'Finished daemonizing... (New PID=3276)',1,1,NULL),(57,1,'2015-07-03 10:38:16','2015-07-03 10:38:16',0,300,'Event loop started...',1,1,NULL),(58,1,'2015-07-03 10:39:11','2015-07-03 10:39:11',0,300,'Caught SIGTERM, shutting down...',1,1,NULL),(59,1,'2015-07-03 10:39:11','2015-07-03 10:39:11',0,300,'Successfully shutdown... (PID=3276)',1,1,NULL),(60,1,'2015-07-03 10:39:26','2015-07-03 10:39:26',0,300,'Event broker module \'IDOMOD\' version \'1.10.3\' from \'/usr/lib/icinga/idomod.so\' initialized successfully.',1,1,NULL),(61,1,'2015-07-03 10:39:27','2015-07-03 10:39:27',0,300,'Finished daemonizing... (New PID=3408)',1,1,NULL),(62,1,'2015-07-03 10:39:27','2015-07-03 10:39:27',0,300,'Event loop started...',1,1,NULL),(63,1,'2015-07-03 10:40:08','2015-07-03 10:40:08',0,300,'Caught SIGTERM, shutting down...',1,1,NULL),(64,1,'2015-07-03 10:40:08','2015-07-03 10:40:08',0,300,'Successfully shutdown... (PID=3408)',1,1,NULL),(65,1,'2015-07-03 10:40:08','2015-07-03 10:40:08',0,300,'Event broker module \'IDOMOD\' version \'1.10.3\' from \'/usr/lib/icinga/idomod.so\' initialized successfully.',1,1,NULL),(66,1,'2015-07-03 10:40:08','2015-07-03 10:40:08',0,300,'Finished daemonizing... (New PID=3493)',1,1,NULL),(67,1,'2015-07-03 10:40:08','2015-07-03 10:40:08',0,300,'Event loop started...',1,1,NULL),(68,1,'2015-07-03 10:41:30','2015-07-03 10:41:30',0,300,'Caught SIGTERM, shutting down...',1,1,NULL),(69,1,'2015-07-03 10:41:30','2015-07-03 10:41:30',0,300,'Successfully shutdown... (PID=3493)',1,1,NULL),(70,1,'2015-07-03 10:42:28','2015-07-03 10:42:28',0,300,'Event broker module \'IDOMOD\' version \'1.10.3\' from \'/usr/lib/icinga/idomod.so\' initialized successfully.',1,1,NULL),(71,1,'2015-07-03 10:42:28','2015-07-03 10:42:28',0,300,'Finished daemonizing... (New PID=3702)',1,1,NULL),(72,1,'2015-07-03 10:42:28','2015-07-03 10:42:28',0,300,'Event loop started...',1,1,NULL),(73,1,'2015-07-03 10:56:18','2015-07-03 10:56:18',0,300,'SERVICE ALERT: helena;SSH;CRITICAL;SOFT;1;CRITICAL - Socket timeout after 10 seconds',1,1,185),(74,1,'2015-07-03 10:56:28','2015-07-03 10:56:28',0,300,'HOST ALERT: helena;DOWN;SOFT;1;CRITICAL - Host Unreachable (10.0.69.6)',1,1,180),(75,1,'2015-07-03 10:57:08','2015-07-03 10:57:08',0,300,'SERVICE ALERT: helena;SSH;CRITICAL;HARD;1;No route to host',1,1,185),(76,1,'2015-07-03 10:57:38','2015-07-03 10:57:38',0,300,'HOST ALERT: helena;DOWN;SOFT;2;CRITICAL - Host Unreachable (10.0.69.6)',1,1,180),(77,1,'2015-07-03 10:58:08','2015-07-03 10:58:08',0,300,'SERVICE ALERT: maria;HTTP;CRITICAL;SOFT;1;No route to host',1,1,190),(78,1,'2015-07-03 10:58:18','2015-07-03 10:58:18',0,300,'HOST ALERT: maria;DOWN;SOFT;1;CRITICAL - Host Unreachable (10.0.69.6)',1,1,194),(79,1,'2015-07-03 10:58:38','2015-07-03 10:58:38',0,300,'HOST ALERT: helena;DOWN;SOFT;3;CRITICAL - Host Unreachable (10.0.69.6)',1,1,180),(80,1,'2015-07-03 10:58:48','2015-07-03 10:58:48',0,300,'HOST ALERT: helena;DOWN;SOFT;4;CRITICAL - Host Unreachable (10.0.69.6)',1,1,180),(81,1,'2015-07-03 10:58:48','2015-07-03 10:58:48',0,300,'SERVICE ALERT: maria;SSH;CRITICAL;HARD;1;No route to host',1,1,191),(82,1,'2015-07-03 10:59:08','2015-07-03 10:59:08',0,300,'SERVICE ALERT: maria;HTTP;CRITICAL;HARD;1;No route to host',1,1,190),(83,1,'2015-07-03 10:59:28','2015-07-03 10:59:28',0,300,'HOST ALERT: maria;DOWN;SOFT;2;CRITICAL - Host Unreachable (10.0.69.6)',1,1,194),(84,1,'2015-07-03 10:59:38','2015-07-03 10:59:38',0,300,'HOST ALERT: helena;DOWN;SOFT;5;CRITICAL - Host Unreachable (10.0.69.6)',1,1,180),(85,1,'2015-07-03 10:59:39','2015-07-03 10:59:39',0,300,'Caught SIGTERM, shutting down...',1,1,NULL),(86,1,'2015-07-03 10:59:39','2015-07-03 10:59:39',0,300,'Successfully shutdown... (PID=3702)',1,1,NULL),(87,1,'2015-07-03 10:59:39','2015-07-03 10:59:39',0,300,'Event broker module \'IDOMOD\' version \'1.10.3\' from \'/usr/lib/icinga/idomod.so\' initialized successfully.',1,1,NULL),(88,1,'2015-07-03 10:59:39','2015-07-03 10:59:39',0,300,'Finished daemonizing... (New PID=4164)',1,1,NULL),(89,1,'2015-07-03 10:59:39','2015-07-03 10:59:39',0,300,'Event loop started...',1,1,NULL),(90,1,'2015-07-03 10:59:59','2015-07-03 10:59:59',0,300,'HOST ALERT: maria;UP;SOFT;2;PING OK - Packet loss = 0%, RTA = 0.04 ms',1,1,194),(91,1,'2015-07-03 10:59:59','2015-07-03 10:59:59',0,300,'HOST ALERT: helena;DOWN;SOFT;2;CRITICAL - Host Unreachable (10.0.69.6)',1,1,180),(92,1,'2015-07-03 11:00:23','2015-07-03 11:00:23',0,300,'Caught SIGTERM, shutting down...',1,1,NULL),(93,1,'2015-07-03 11:00:23','2015-07-03 11:00:23',0,300,'Successfully shutdown... (PID=4164)',1,1,NULL),(94,1,'2015-07-03 11:00:23','2015-07-03 11:00:23',0,300,'Event broker module \'IDOMOD\' version \'1.10.3\' from \'/usr/lib/icinga/idomod.so\' initialized successfully.',1,1,NULL),(95,1,'2015-07-03 11:00:23','2015-07-03 11:00:23',0,300,'Finished daemonizing... (New PID=4258)',1,1,NULL),(96,1,'2015-07-03 11:00:23','2015-07-03 11:00:23',0,300,'Event loop started...',1,1,NULL),(97,1,'2015-07-03 11:01:03','2015-07-03 11:01:03',0,300,'HOST ALERT: helena;DOWN;SOFT;2;CRITICAL - Host Unreachable (10.0.69.6)',1,1,180),(98,1,'2015-07-03 11:01:43','2015-07-03 11:01:43',0,300,'HOST ALERT: helena;DOWN;SOFT;3;CRITICAL - Host Unreachable (10.0.69.6)',1,1,180),(99,1,'2015-07-03 11:02:13','2015-07-03 11:02:13',0,300,'HOST ALERT: helena;DOWN;SOFT;4;CRITICAL - Host Unreachable (10.0.69.6)',1,1,180),(100,1,'2015-07-03 11:03:23','2015-07-03 11:03:23',0,300,'HOST ALERT: helena;DOWN;SOFT;5;CRITICAL - Host Unreachable (10.0.69.6)',1,1,180),(101,1,'2015-07-03 11:03:43','2015-07-03 11:03:43',0,300,'HOST ALERT: helena;DOWN;SOFT;6;CRITICAL - Host Unreachable (10.0.69.6)',1,1,180),(102,1,'2015-07-03 11:03:43','2015-07-03 11:03:43',0,300,'SERVICE ALERT: maria;SSH;OK;HARD;4;SSH OK - OpenSSH_6.6.1p1 Ubuntu-2ubuntu2 (protocol 2.0)',1,1,191),(103,1,'2015-07-03 11:04:13','2015-07-03 11:04:13',0,300,'SERVICE ALERT: maria;HTTP;OK;HARD;4;HTTP OK: HTTP/1.1 200 OK - 11783 bytes in 0.001 second response time',1,1,190),(104,1,'2015-07-03 11:04:33','2015-07-03 11:04:33',0,300,'HOST ALERT: helena;DOWN;SOFT;7;CRITICAL - Host Unreachable (10.0.69.6)',1,1,180),(105,1,'2015-07-03 11:05:43','2015-07-03 11:05:43',0,300,'HOST ALERT: helena;DOWN;SOFT;8;CRITICAL - Host Unreachable (10.0.69.6)',1,1,180),(106,1,'2015-07-03 11:06:03','2015-07-03 11:06:03',0,300,'HOST ALERT: helena;DOWN;SOFT;9;CRITICAL - Host Unreachable (10.0.69.6)',1,1,180),(107,1,'2015-07-03 11:06:43','2015-07-03 11:06:43',0,300,'HOST ALERT: helena;DOWN;HARD;10;CRITICAL - Host Unreachable (10.0.69.6)',1,1,180),(108,1,'2015-07-03 11:06:43','2015-07-03 11:06:43',0,300,'HOST NOTIFICATION: root;helena;DOWN;notify-host-by-email;CRITICAL - Host Unreachable (10.0.69.6)',1,1,NULL),(109,1,'2015-07-03 11:27:53','2015-07-03 11:27:53',0,300,'Caught SIGTERM, shutting down...',1,1,NULL),(110,1,'2015-07-03 11:27:53','2015-07-03 11:27:53',0,300,'Successfully shutdown... (PID=4258)',1,1,NULL),(111,1,'2015-07-03 11:27:53','2015-07-03 11:27:53',0,300,'Event broker module \'IDOMOD\' version \'1.10.3\' from \'/usr/lib/icinga/idomod.so\' initialized successfully.',1,1,NULL),(112,1,'2015-07-03 11:27:53','2015-07-03 11:27:53',0,300,'Finished daemonizing... (New PID=5573)',1,1,NULL),(113,1,'2015-07-03 11:27:53','2015-07-03 11:27:53',0,300,'Event loop started...',1,1,NULL),(114,1,'2015-07-03 11:28:43','2015-07-03 11:28:43',0,300,'HOST ALERT: helena;UP;HARD;1;PING OK - Packet loss = 0%, RTA = 0.96 ms',1,1,180),(115,1,'2015-07-03 11:28:43','2015-07-03 11:28:43',0,300,'HOST NOTIFICATION: root;helena;UP;notify-host-by-email;PING OK - Packet loss = 0%, RTA = 0.96 ms',1,1,NULL),(116,1,'2015-07-03 11:29:50','2015-07-03 11:29:50',0,300,'Caught SIGTERM, shutting down...',1,1,NULL),(117,1,'2015-07-03 11:29:50','2015-07-03 11:29:50',0,300,'Successfully shutdown... (PID=5573)',1,1,NULL),(118,1,'2015-07-03 11:29:50','2015-07-03 11:29:50',0,300,'Event broker module \'IDOMOD\' version \'1.10.3\' from \'/usr/lib/icinga/idomod.so\' initialized successfully.',1,1,NULL),(119,1,'2015-07-03 11:29:51','2015-07-03 11:29:51',0,300,'Finished daemonizing... (New PID=5696)',1,1,NULL),(120,1,'2015-07-03 11:29:51','2015-07-03 11:29:51',0,300,'Event loop started...',1,1,NULL),(121,1,'2015-07-03 11:30:12','2015-07-03 11:30:12',0,300,'Caught SIGTERM, shutting down...',1,1,NULL),(122,1,'2015-07-03 11:30:12','2015-07-03 11:30:12',0,300,'Successfully shutdown... (PID=5696)',1,1,NULL),(123,1,'2015-07-03 11:30:12','2015-07-03 11:30:12',0,300,'Event broker module \'IDOMOD\' version \'1.10.3\' from \'/usr/lib/icinga/idomod.so\' initialized successfully.',1,1,NULL),(124,1,'2015-07-03 11:30:12','2015-07-03 11:30:12',0,300,'Finished daemonizing... (New PID=5760)',1,1,NULL),(125,1,'2015-07-03 11:30:12','2015-07-03 11:30:12',0,300,'Event loop started...',1,1,NULL),(126,1,'2015-07-03 11:30:41','2015-07-03 11:30:41',0,300,'Caught SIGTERM, shutting down...',1,1,NULL),(127,1,'2015-07-03 11:30:41','2015-07-03 11:30:41',0,300,'Successfully shutdown... (PID=5760)',1,1,NULL),(128,1,'2015-07-03 11:30:41','2015-07-03 11:30:41',0,300,'Event broker module \'IDOMOD\' version \'1.10.3\' from \'/usr/lib/icinga/idomod.so\' initialized successfully.',1,1,NULL),(129,1,'2015-07-03 11:30:41','2015-07-03 11:30:41',0,300,'Finished daemonizing... (New PID=5843)',1,1,NULL),(130,1,'2015-07-03 11:30:41','2015-07-03 11:30:41',0,300,'Event loop started...',1,1,NULL),(131,1,'2015-07-03 11:32:11','2015-07-03 11:32:11',0,300,'SERVICE ALERT: helena;SSH;UNKNOWN;HARD;4;Usage:',1,1,185),(132,1,'2015-07-03 11:32:11','2015-07-03 11:32:11',0,300,'SERVICE NOTIFICATION: root;helena;SSH;UNKNOWN;notify-service-by-email;Usage:',1,1,NULL),(133,1,'2015-07-03 11:32:21','2015-07-03 11:32:21',0,300,'HOST ALERT: helena;DOWN;SOFT;1;check_ping: Invalid hostname/address - helena',1,1,180),(134,1,'2015-07-03 11:32:41','2015-07-03 11:32:41',0,300,'HOST ALERT: helena;DOWN;SOFT;2;check_ping: Invalid hostname/address - helena',1,1,180),(135,1,'2015-07-03 11:32:44','2015-07-03 11:32:44',0,300,'Caught SIGTERM, shutting down...',1,1,NULL),(136,1,'2015-07-03 11:32:44','2015-07-03 11:32:44',0,300,'Successfully shutdown... (PID=5843)',1,1,NULL),(137,1,'2015-07-03 11:32:44','2015-07-03 11:32:44',0,300,'Event broker module \'IDOMOD\' version \'1.10.3\' from \'/usr/lib/icinga/idomod.so\' initialized successfully.',1,1,NULL),(138,1,'2015-07-03 11:32:44','2015-07-03 11:32:44',0,300,'Finished daemonizing... (New PID=5974)',1,1,NULL),(139,1,'2015-07-03 11:32:44','2015-07-03 11:32:44',0,300,'Event loop started...',1,1,NULL),(140,1,'2015-07-03 11:33:44','2015-07-03 11:33:44',0,300,'HOST ALERT: helena;UP;SOFT;2;PING OK - Packet loss = 0%, RTA = 0.79 ms',1,1,180),(141,1,'2015-07-03 11:37:14','2015-07-03 11:37:14',0,300,'SERVICE ALERT: helena;SSH;OK;HARD;4;SSH OK - OpenSSH_6.6.1p1 Ubuntu-2ubuntu2 (protocol 2.0)',1,1,185),(142,1,'2015-07-03 11:37:14','2015-07-03 11:37:14',0,300,'SERVICE NOTIFICATION: root;helena;SSH;OK;notify-service-by-email;SSH OK - OpenSSH_6.6.1p1 Ubuntu-2ubuntu2 (protocol 2.0)',1,1,NULL),(143,1,'2015-07-03 11:52:14','2015-07-03 11:52:14',0,300,'SERVICE ALERT: helena;SSH;CRITICAL;SOFT;1;CRITICAL - Socket timeout after 10 seconds',1,1,185),(144,1,'2015-07-03 11:52:24','2015-07-03 11:52:24',0,300,'HOST ALERT: helena;DOWN;SOFT;1;CRITICAL - Host Unreachable (10.0.69.6)',1,1,180),(145,1,'2015-07-03 11:52:24','2015-07-03 11:52:24',0,300,'HOST FLAPPING ALERT: helena;STARTED; Host appears to have started flapping (22.4% change > 20.0% threshold)',1,1,NULL),(146,1,'2015-07-03 11:53:14','2015-07-03 11:53:14',0,300,'SERVICE ALERT: helena;SSH;CRITICAL;HARD;1;No route to host',1,1,185),(147,1,'2015-07-03 11:53:14','2015-07-03 11:53:14',0,300,'SERVICE FLAPPING ALERT: helena;SSH;STARTED; Service appears to have started flapping (22.6% change >= 20.0% threshold)',1,1,NULL),(148,1,'2015-07-03 11:53:34','2015-07-03 11:53:34',0,300,'HOST ALERT: helena;DOWN;SOFT;2;CRITICAL - Host Unreachable (10.0.69.6)',1,1,180),(149,1,'2015-07-03 11:54:34','2015-07-03 11:54:34',0,300,'HOST ALERT: helena;DOWN;SOFT;3;CRITICAL - Host Unreachable (10.0.69.6)',1,1,180),(150,1,'2015-07-03 11:54:44','2015-07-03 11:54:44',0,300,'HOST ALERT: helena;DOWN;SOFT;4;CRITICAL - Host Unreachable (10.0.69.6)',1,1,180),(151,1,'2015-07-03 11:55:54','2015-07-03 11:55:54',0,300,'HOST ALERT: helena;DOWN;SOFT;5;CRITICAL - Host Unreachable (10.0.69.6)',1,1,180),(152,1,'2015-07-03 11:56:44','2015-07-03 11:56:44',0,300,'HOST ALERT: helena;DOWN;SOFT;6;CRITICAL - Host Unreachable (10.0.69.6)',1,1,180),(153,1,'2015-07-03 11:57:04','2015-07-03 11:57:04',0,300,'HOST ALERT: helena;DOWN;SOFT;7;CRITICAL - Host Unreachable (10.0.69.6)',1,1,180),(154,1,'2015-07-03 11:58:14','2015-07-03 11:58:14',0,300,'HOST ALERT: helena;DOWN;SOFT;8;CRITICAL - Host Unreachable (10.0.69.6)',1,1,180),(155,1,'2015-07-03 11:58:44','2015-07-03 11:58:44',0,300,'HOST ALERT: helena;DOWN;SOFT;9;CRITICAL - Host Unreachable (10.0.69.6)',1,1,180),(156,1,'2015-07-03 11:59:24','2015-07-03 11:59:24',0,300,'HOST ALERT: helena;DOWN;HARD;10;CRITICAL - Host Unreachable (10.0.69.6)',1,1,180),(157,1,'2015-07-03 12:06:44','2015-07-03 12:06:44',0,300,'HOST ALERT: helena;UP;HARD;1;PING OK - Packet loss = 0%, RTA = 1.36 ms',1,1,180),(158,1,'2015-07-03 12:08:14','2015-07-03 12:08:14',0,300,'SERVICE ALERT: helena;SSH;OK;HARD;1;SSH OK - OpenSSH_6.6.1p1 Ubuntu-2ubuntu2 (protocol 2.0)',1,1,185),(159,1,'2015-07-03 12:10:13','2015-07-03 12:10:13',0,300,'Caught SIGTERM, shutting down...',1,1,NULL),(160,1,'2015-07-03 12:10:13','2015-07-03 12:10:13',0,300,'Successfully shutdown... (PID=5974)',1,1,NULL),(161,1,'2015-07-03 12:10:13','2015-07-03 12:10:13',0,300,'Event broker module \'IDOMOD\' version \'1.10.3\' from \'/usr/lib/icinga/idomod.so\' initialized successfully.',1,1,NULL),(162,1,'2015-07-03 12:10:14','2015-07-03 12:10:14',0,300,'Finished daemonizing... (New PID=6962)',1,1,NULL),(163,1,'2015-07-03 12:10:14','2015-07-03 12:10:14',0,300,'SERVICE FLAPPING ALERT: helena;SSH;STARTED; Service appears to have started flapping (27.3% change >= 20.0% threshold)',1,1,NULL),(164,1,'2015-07-03 12:10:14','2015-07-03 12:10:14',0,300,'Event loop started...',1,1,NULL),(165,1,'2015-07-03 12:14:36','2015-07-03 12:14:36',0,300,'Caught SIGTERM, shutting down...',1,1,NULL),(166,1,'2015-07-03 12:14:36','2015-07-03 12:14:36',0,300,'Successfully shutdown... (PID=6962)',1,1,NULL),(167,1,'2015-07-03 12:14:36','2015-07-03 12:14:36',0,300,'Event broker module \'IDOMOD\' version \'1.10.3\' from \'/usr/lib/icinga/idomod.so\' initialized successfully.',1,1,NULL),(168,1,'2015-07-03 12:14:36','2015-07-03 12:14:36',0,300,'Finished daemonizing... (New PID=7125)',1,1,NULL),(169,1,'2015-07-03 12:14:36','2015-07-03 12:14:36',0,300,'SERVICE FLAPPING ALERT: helena;SSH;STARTED; Service appears to have started flapping (26.6% change >= 20.0% threshold)',1,1,NULL),(170,1,'2015-07-03 12:14:36','2015-07-03 12:14:36',0,300,'Event loop started...',1,1,NULL),(171,1,'2015-07-03 12:16:00','2015-07-03 12:16:00',0,300,'Caught SIGTERM, shutting down...',1,1,NULL),(172,1,'2015-07-03 12:16:00','2015-07-03 12:16:00',0,300,'Successfully shutdown... (PID=7125)',1,1,NULL),(173,1,'2015-07-03 12:16:00','2015-07-03 12:16:00',0,300,'Event broker module \'IDOMOD\' version \'1.10.3\' from \'/usr/lib/icinga/idomod.so\' initialized successfully.',1,1,NULL),(174,1,'2015-07-03 12:16:00','2015-07-03 12:16:00',0,300,'Finished daemonizing... (New PID=7229)',1,1,NULL),(175,1,'2015-07-03 12:16:00','2015-07-03 12:16:00',0,300,'SERVICE FLAPPING ALERT: helena;SSH;STARTED; Service appears to have started flapping (26.6% change >= 20.0% threshold)',1,1,NULL),(176,1,'2015-07-03 12:16:00','2015-07-03 12:16:00',0,300,'Event loop started...',1,1,NULL),(177,1,'2015-07-03 12:23:20','2015-07-03 12:23:20',0,300,'SERVICE ALERT: helena;SSH;CRITICAL;SOFT;1;CRITICAL - Socket timeout after 10 seconds',1,1,185),(178,1,'2015-07-03 12:23:30','2015-07-03 12:23:30',0,300,'HOST ALERT: helena;DOWN;SOFT;1;CRITICAL - Destination Unreachable (fc00:10:0:69::6)',1,1,180),(179,1,'2015-07-03 12:24:10','2015-07-03 12:24:10',0,300,'SERVICE ALERT: helena;SSH;CRITICAL;HARD;1;No route to host',1,1,185),(180,1,'2015-07-03 12:24:40','2015-07-03 12:24:40',0,300,'HOST ALERT: helena;DOWN;SOFT;2;CRITICAL - Destination Unreachable (fc00:10:0:69::6)',1,1,180),(181,1,'2015-07-03 12:25:50','2015-07-03 12:25:50',0,300,'HOST ALERT: helena;DOWN;SOFT;3;CRITICAL - Destination Unreachable (fc00:10:0:69::6)',1,1,180),(182,1,'2015-07-03 12:26:40','2015-07-03 12:26:40',0,300,'HOST ALERT: helena;DOWN;SOFT;4;CRITICAL - Destination Unreachable (fc00:10:0:69::6)',1,1,180),(183,1,'2015-07-03 12:27:00','2015-07-03 12:27:00',0,300,'HOST ALERT: helena;DOWN;SOFT;5;CRITICAL - Destination Unreachable (fc00:10:0:69::6)',1,1,180),(184,1,'2015-07-03 12:28:10','2015-07-03 12:28:10',0,300,'HOST ALERT: helena;DOWN;SOFT;6;CRITICAL - Destination Unreachable (fc00:10:0:69::6)',1,1,180),(185,1,'2015-07-03 12:28:40','2015-07-03 12:28:40',0,300,'HOST ALERT: helena;DOWN;SOFT;7;CRITICAL - Destination Unreachable (fc00:10:0:69::6)',1,1,180),(186,1,'2015-07-03 12:29:20','2015-07-03 12:29:20',0,300,'HOST ALERT: helena;DOWN;SOFT;8;CRITICAL - Destination Unreachable (fc00:10:0:69::6)',1,1,180),(187,1,'2015-07-03 12:29:40','2015-07-03 12:29:40',0,300,'HOST ALERT: helena;DOWN;SOFT;9;CRITICAL - Destination Unreachable (fc00:10:0:69::6)',1,1,180),(188,1,'2015-07-03 12:30:30','2015-07-03 12:30:30',0,300,'HOST ALERT: helena;DOWN;HARD;10;CRITICAL - Destination Unreachable (fc00:10:0:69::6)',1,1,180),(189,1,'2015-07-03 12:30:30','2015-07-03 12:30:30',0,300,'HOST NOTIFICATION: root;helena;DOWN;notify-host-by-email;CRITICAL - Destination Unreachable (fc00:10:0:69::6)',1,1,NULL),(190,1,'2015-07-03 12:51:00','2015-07-03 12:51:00',0,300,'HOST ALERT: helena;UP;HARD;1;PING OK - Packet loss = 0%, RTA = 1.06 ms',1,1,180),(191,1,'2015-07-03 12:51:00','2015-07-03 12:51:00',0,300,'HOST NOTIFICATION: root;helena;UP;notify-host-by-email;PING OK - Packet loss = 0%, RTA = 1.06 ms',1,1,NULL),(192,1,'2015-07-03 12:54:10','2015-07-03 12:54:10',0,300,'SERVICE ALERT: helena;SSH;OK;HARD;1;SSH OK - OpenSSH_6.6.1p1 Ubuntu-2ubuntu2 (protocol 2.0)',1,1,185),(193,1,'2015-07-03 13:16:00','2015-07-03 13:16:00',0,300,'Auto-save of retention data completed successfully.',1,1,NULL),(194,1,'2015-07-03 13:45:37','2015-07-03 13:45:37',0,300,'Caught SIGTERM, shutting down...',1,1,NULL),(195,1,'2015-07-03 13:45:37','2015-07-03 13:45:37',0,300,'Successfully shutdown... (PID=7229)',1,1,NULL),(196,1,'2015-07-03 13:45:37','2015-07-03 13:45:37',0,300,'Event broker module \'IDOMOD\' version \'1.10.3\' from \'/usr/lib/icinga/idomod.so\' initialized successfully.',1,1,NULL),(197,1,'2015-07-03 13:45:37','2015-07-03 13:45:37',0,300,'Finished daemonizing... (New PID=13690)',1,1,NULL),(198,1,'2015-07-03 13:45:37','2015-07-03 13:45:37',0,300,'Event loop started...',1,1,NULL),(199,1,'2015-07-04 12:22:55','2015-07-04 12:22:55',0,300,'Event broker module \'IDOMOD\' version \'1.10.3\' from \'/usr/lib/icinga/idomod.so\' initialized successfully.',1,1,NULL),(200,1,'2015-07-04 12:22:55','2015-07-04 12:22:55',0,300,'Finished daemonizing... (New PID=1283)',1,1,NULL),(201,1,'2015-07-04 12:22:55','2015-07-04 12:22:55',0,300,'Event loop started...',1,1,NULL),(202,1,'2015-07-04 12:23:13','2015-07-04 12:23:13',0,300,'idomod: Successfully flushed 365 queued items to data sink.',1,1,NULL),(203,1,'2015-07-04 12:23:13','2015-07-04 12:23:13',0,300,'idomod: Successfully connected to data sink.  365 queued items to flush.',1,1,NULL),(204,1,'2015-07-04 12:24:15','2015-07-04 12:24:15',0,300,'HOST ALERT: helena;DOWN;SOFT;1;CRITICAL - Destination Unreachable (fc00:10:0:69::6)',1,1,180),(205,1,'2015-07-04 12:25:15','2015-07-04 12:25:15',0,300,'HOST ALERT: helena;DOWN;SOFT;2;CRITICAL - Destination Unreachable (fc00:10:0:69::6)',1,1,180),(206,1,'2015-07-04 12:25:25','2015-07-04 12:25:25',0,300,'HOST ALERT: helena;DOWN;SOFT;3;CRITICAL - Destination Unreachable (fc00:10:0:69::6)',1,1,180),(207,1,'2015-07-04 12:25:25','2015-07-04 12:25:25',0,300,'SERVICE ALERT: joaquina;SSH;CRITICAL;SOFT;1;No route to host',1,1,200),(208,1,'2015-07-04 12:25:35','2015-07-04 12:25:35',0,300,'HOST ALERT: joaquina;DOWN;SOFT;1;CRITICAL - Host Unreachable (10.0.69.5)',1,1,202),(209,1,'2015-07-04 12:26:05','2015-07-04 12:26:05',0,300,'SERVICE ALERT: helena;SSH;CRITICAL;HARD;1;No route to host',1,1,185),(210,1,'2015-07-04 12:26:25','2015-07-04 12:26:25',0,300,'HOST ALERT: joaquina;DOWN;SOFT;2;CRITICAL - Host Unreachable (10.0.69.5)',1,1,202),(211,1,'2015-07-04 12:26:25','2015-07-04 12:26:25',0,300,'SERVICE ALERT: joaquina;SSH;CRITICAL;HARD;1;No route to host',1,1,200),(212,1,'2015-07-04 12:26:35','2015-07-04 12:26:35',0,300,'HOST ALERT: helena;DOWN;SOFT;4;CRITICAL - Destination Unreachable (fc00:10:0:69::6)',1,1,180),(213,1,'2015-07-04 12:26:45','2015-07-04 12:26:45',0,300,'HOST ALERT: joaquina;DOWN;SOFT;3;CRITICAL - Host Unreachable (10.0.69.5)',1,1,202),(214,1,'2015-07-04 12:27:15','2015-07-04 12:27:15',0,300,'HOST ALERT: helena;DOWN;SOFT;5;CRITICAL - Destination Unreachable (fc00:10:0:69::6)',1,1,180),(215,1,'2015-07-04 12:27:45','2015-07-04 12:27:45',0,300,'HOST ALERT: helena;DOWN;SOFT;6;CRITICAL - Destination Unreachable (fc00:10:0:69::6)',1,1,180),(216,1,'2015-07-04 12:27:55','2015-07-04 12:27:55',0,300,'HOST ALERT: joaquina;DOWN;SOFT;4;CRITICAL - Host Unreachable (10.0.69.5)',1,1,202),(217,1,'2015-07-04 12:28:55','2015-07-04 12:28:55',0,300,'HOST ALERT: helena;DOWN;SOFT;7;CRITICAL - Destination Unreachable (fc00:10:0:69::6)',1,1,180),(218,1,'2015-07-04 12:29:05','2015-07-04 12:29:05',0,300,'HOST ALERT: joaquina;DOWN;SOFT;5;CRITICAL - Host Unreachable (10.0.69.5)',1,1,202),(219,1,'2015-07-04 12:29:25','2015-07-04 12:29:25',0,300,'HOST ALERT: helena;DOWN;SOFT;8;CRITICAL - Destination Unreachable (fc00:10:0:69::6)',1,1,180),(220,1,'2015-07-04 12:29:35','2015-07-04 12:29:35',0,300,'HOST ALERT: joaquina;DOWN;SOFT;6;CRITICAL - Host Unreachable (10.0.69.5)',1,1,202),(221,1,'2015-07-04 12:30:05','2015-07-04 12:30:05',0,300,'HOST ALERT: helena;DOWN;SOFT;9;CRITICAL - Destination Unreachable (fc00:10:0:69::6)',1,1,180),(222,1,'2015-07-04 12:30:15','2015-07-04 12:30:15',0,300,'HOST ALERT: joaquina;DOWN;SOFT;7;CRITICAL - Host Unreachable (10.0.69.5)',1,1,202),(223,1,'2015-07-04 12:31:15','2015-07-04 12:31:15',0,300,'HOST ALERT: helena;DOWN;HARD;10;CRITICAL - Destination Unreachable (fc00:10:0:69::6)',1,1,180),(224,1,'2015-07-04 12:31:15','2015-07-04 12:31:15',0,300,'HOST NOTIFICATION: root;helena;DOWN;notify-host-by-email;CRITICAL - Destination Unreachable (fc00:10:0:69::6)',1,1,NULL),(225,1,'2015-07-04 12:31:25','2015-07-04 12:31:25',0,300,'HOST ALERT: joaquina;DOWN;SOFT;8;CRITICAL - Host Unreachable (10.0.69.5)',1,1,202),(226,1,'2015-07-04 12:32:35','2015-07-04 12:32:35',0,300,'HOST ALERT: joaquina;DOWN;SOFT;9;CRITICAL - Host Unreachable (10.0.69.5)',1,1,202),(227,1,'2015-07-04 12:33:05','2015-07-04 12:33:05',0,300,'HOST ALERT: joaquina;DOWN;HARD;10;CRITICAL - Host Unreachable (10.0.69.5)',1,1,202),(228,1,'2015-07-04 12:33:05','2015-07-04 12:33:05',0,300,'HOST NOTIFICATION: root;joaquina;DOWN;notify-host-by-email;CRITICAL - Host Unreachable (10.0.69.5)',1,1,NULL),(229,1,'2015-07-04 13:22:55','2015-07-04 13:22:55',0,300,'Auto-save of retention data completed successfully.',1,1,NULL),(230,1,'2015-07-04 13:43:05','2015-07-04 13:43:05',0,300,'HOST ALERT: joaquina;UP;HARD;1;PING OK - Packet loss = 0%, RTA = 1.63 ms',1,1,202),(231,1,'2015-07-04 13:43:05','2015-07-04 13:43:05',0,300,'HOST NOTIFICATION: root;joaquina;UP;notify-host-by-email;PING OK - Packet loss = 0%, RTA = 1.63 ms',1,1,NULL),(232,1,'2015-07-04 13:46:25','2015-07-04 13:46:25',0,300,'SERVICE ALERT: joaquina;SSH;OK;HARD;1;SSH OK - OpenSSH_6.6.1p1 Ubuntu-2ubuntu2 (protocol 2.0)',1,1,200),(233,1,'2015-07-04 14:04:34','2015-07-04 14:04:34',0,300,'Event broker module \'IDOMOD\' version \'1.10.3\' from \'/usr/lib/icinga/idomod.so\' initialized successfully.',1,1,NULL),(234,1,'2015-07-04 14:04:34','2015-07-04 14:04:34',0,300,'Finished daemonizing... (New PID=1268)',1,1,NULL),(235,1,'2015-07-04 14:04:34','2015-07-04 14:04:34',0,300,'Event loop started...',1,1,NULL),(236,1,'2015-07-04 14:04:52','2015-07-04 14:04:52',0,300,'idomod: Successfully flushed 369 queued items to data sink.',1,1,NULL),(237,1,'2015-07-04 14:04:52','2015-07-04 14:04:52',0,300,'idomod: Successfully connected to data sink.  369 queued items to flush.',1,1,NULL),(238,1,'2015-07-04 14:06:54','2015-07-04 14:06:54',0,300,'idomod: Error writing to data sink!  Some output may get lost...',1,1,NULL),(239,1,'2015-07-04 14:06:54','2015-07-04 14:06:54',0,300,'idomod: Please check remote ido2db log, database connection or SSL Parameters',1,1,NULL),(240,1,'2015-07-04 14:06:55','2015-07-04 14:06:55',0,300,'Caught SIGTERM, shutting down...',1,1,NULL),(241,1,'2015-07-04 14:06:55','2015-07-04 14:06:55',0,300,'Successfully shutdown... (PID=1268)',1,1,NULL),(242,1,'2015-07-04 14:07:11','2015-07-04 14:07:11',0,300,'Event broker module \'IDOMOD\' version \'1.10.3\' from \'/usr/lib/icinga/idomod.so\' initialized successfully.',1,1,NULL),(243,1,'2015-07-04 14:07:11','2015-07-04 14:07:11',0,300,'Finished daemonizing... (New PID=1346)',1,1,NULL),(244,1,'2015-07-04 14:07:11','2015-07-04 14:07:11',0,300,'Event loop started...',1,1,NULL),(245,1,'2015-07-04 14:07:29','2015-07-04 14:07:29',0,300,'idomod: Successfully flushed 375 queued items to data sink.',1,1,NULL),(246,1,'2015-07-04 14:07:29','2015-07-04 14:07:29',0,300,'idomod: Successfully connected to data sink.  375 queued items to flush.',1,1,NULL),(247,1,'2015-07-04 14:07:31','2015-07-04 14:07:31',0,300,'SERVICE ALERT: maria;ido2db Process;WARNING;SOFT;1;PROCS WARNING: 1 process with command name \'ido2db\'',1,1,193),(248,1,'2015-07-04 14:09:31','2015-07-04 14:09:31',0,300,'SERVICE ALERT: maria;ido2db Process;OK;SOFT;2;PROCS OK: 2 processes with command name \'ido2db\'',1,1,193),(249,1,'2015-07-04 14:12:04','2015-07-04 14:12:04',0,300,'idomod: Error writing to data sink!  Some output may get lost...',1,1,NULL),(250,1,'2015-07-04 14:12:04','2015-07-04 14:12:04',0,300,'idomod: Please check remote ido2db log, database connection or SSL Parameters',1,1,NULL),(251,1,'2015-07-04 14:12:04','2015-07-04 14:12:04',0,300,'Caught SIGTERM, shutting down...',1,1,NULL),(252,1,'2015-07-04 14:12:04','2015-07-04 14:12:04',0,300,'Successfully shutdown... (PID=1346)',1,1,NULL),(253,1,'2015-07-04 14:12:20','2015-07-04 14:12:20',0,300,'Event broker module \'IDOMOD\' version \'1.10.3\' from \'/usr/lib/icinga/idomod.so\' initialized successfully.',1,1,NULL),(254,1,'2015-07-04 14:12:21','2015-07-04 14:12:21',0,300,'Finished daemonizing... (New PID=1265)',1,1,NULL),(255,1,'2015-07-04 14:12:21','2015-07-04 14:12:21',0,300,'Event loop started...',1,1,NULL),(256,1,'2015-07-04 14:12:39','2015-07-04 14:12:39',0,300,'idomod: Successfully flushed 375 queued items to data sink.',1,1,NULL),(257,1,'2015-07-04 14:12:39','2015-07-04 14:12:39',0,300,'idomod: Successfully connected to data sink.  375 queued items to flush.',1,1,NULL),(258,1,'2015-07-04 14:19:56','2015-07-04 14:19:56',0,300,'Event broker module \'IDOMOD\' version \'1.10.3\' from \'/usr/lib/icinga/idomod.so\' initialized successfully.',1,1,NULL),(259,1,'2015-07-04 14:19:57','2015-07-04 14:19:57',0,300,'Finished daemonizing... (New PID=1269)',1,1,NULL),(260,1,'2015-07-04 14:19:57','2015-07-04 14:19:57',0,300,'Event loop started...',1,1,NULL),(261,1,'2015-07-04 14:20:15','2015-07-04 14:20:15',0,300,'idomod: Successfully flushed 367 queued items to data sink.',1,1,NULL),(262,1,'2015-07-04 14:20:15','2015-07-04 14:20:15',0,300,'idomod: Successfully connected to data sink.  367 queued items to flush.',1,1,NULL),(263,1,'2015-07-04 14:43:45','2015-07-04 14:43:45',0,300,'Event broker module \'IDOMOD\' version \'1.10.3\' from \'/usr/lib/icinga/idomod.so\' initialized successfully.',1,1,NULL),(264,1,'2015-07-04 14:43:45','2015-07-04 14:43:45',0,300,'Finished daemonizing... (New PID=1259)',1,1,NULL),(265,1,'2015-07-04 14:43:46','2015-07-04 14:43:46',0,300,'Event loop started...',1,1,NULL),(266,1,'2015-07-04 14:44:04','2015-07-04 14:44:04',0,300,'idomod: Successfully flushed 370 queued items to data sink.',1,1,NULL),(267,1,'2015-07-04 14:44:04','2015-07-04 14:44:04',0,300,'idomod: Successfully connected to data sink.  370 queued items to flush.',1,1,NULL),(268,1,'2015-07-05 10:50:29','2015-07-05 10:50:29',0,300,'Event broker module \'IDOMOD\' version \'1.10.3\' from \'/usr/lib/icinga/idomod.so\' initialized successfully.',1,1,NULL),(269,1,'2015-07-05 10:50:29','2015-07-05 10:50:29',0,300,'Finished daemonizing... (New PID=1292)',1,1,NULL),(270,1,'2015-07-05 10:50:29','2015-07-05 10:50:29',0,300,'Event loop started...',1,1,NULL),(271,1,'2015-07-05 10:50:47','2015-07-05 10:50:47',0,300,'idomod: Successfully flushed 365 queued items to data sink.',1,1,NULL),(272,1,'2015-07-05 10:50:47','2015-07-05 10:50:47',0,300,'idomod: Successfully connected to data sink.  365 queued items to flush.',1,1,NULL),(273,1,'2015-07-05 10:53:39','2015-07-05 10:53:39',0,300,'SERVICE ALERT: helena;SSH;OK;HARD;4;SSH OK - OpenSSH_6.6.1p1 Ubuntu-2ubuntu2 (protocol 2.0)',1,1,185),(274,1,'2015-07-05 10:53:49','2015-07-05 10:53:49',0,300,'HOST ALERT: helena;UP;HARD;1;PING OK - Packet loss = 0%, RTA = 0.53 ms',1,1,180),(275,1,'2015-07-05 10:53:49','2015-07-05 10:53:49',0,300,'HOST NOTIFICATION: root;helena;UP;notify-host-by-email;PING OK - Packet loss = 0%, RTA = 0.53 ms',1,1,NULL),(276,1,'2015-07-05 11:07:14','2015-07-05 11:07:14',0,300,'Event broker module \'IDOMOD\' version \'1.10.3\' from \'/usr/lib/icinga/idomod.so\' initialized successfully.',1,1,NULL),(277,1,'2015-07-05 11:07:14','2015-07-05 11:07:14',0,300,'Finished daemonizing... (New PID=1348)',1,1,NULL),(278,1,'2015-07-05 11:07:14','2015-07-05 11:07:14',0,300,'Event loop started...',1,1,NULL),(279,1,'2015-07-05 11:07:33','2015-07-05 11:07:33',0,300,'idomod: Successfully flushed 367 queued items to data sink.',1,1,NULL),(280,1,'2015-07-05 11:07:33','2015-07-05 11:07:33',0,300,'idomod: Successfully connected to data sink.  367 queued items to flush.',1,1,NULL),(281,1,'2015-07-05 11:31:50','2015-07-05 11:31:50',0,300,'Caught SIGTERM, shutting down...',1,1,NULL),(282,1,'2015-07-05 11:31:50','2015-07-05 11:31:50',0,300,'Successfully shutdown... (PID=1348)',1,1,NULL),(283,1,'2015-07-05 11:31:50','2015-07-05 11:31:50',0,300,'Event broker module \'IDOMOD\' version \'1.10.3\' from \'/usr/lib/icinga/idomod.so\' initialized successfully.',1,1,NULL),(284,1,'2015-07-05 11:31:50','2015-07-05 11:31:50',0,300,'Finished daemonizing... (New PID=3158)',1,1,NULL),(285,1,'2015-07-05 11:31:50','2015-07-05 11:31:50',0,300,'Event loop started...',1,1,NULL),(286,1,'2015-07-05 11:53:44','2015-07-05 11:53:44',0,300,'Caught SIGTERM, shutting down...',1,1,NULL),(287,1,'2015-07-05 11:53:44','2015-07-05 11:53:44',0,300,'Successfully shutdown... (PID=3158)',1,1,NULL),(288,1,'2015-07-05 12:32:18','2015-07-05 12:32:18',0,300,'Event broker module \'IDOMOD\' version \'1.10.3\' from \'/usr/lib/icinga/idomod.so\' initialized successfully.',1,1,NULL),(289,1,'2015-07-05 12:32:18','2015-07-05 12:32:18',0,300,'Finished daemonizing... (New PID=6414)',1,1,NULL),(290,1,'2015-07-05 12:32:18','2015-07-05 12:32:18',0,300,'Event loop started...',1,1,NULL);
/*!40000 ALTER TABLE `icinga_logentries` ENABLE KEYS */;
UNLOCK TABLES;

--
-- Table structure for table `icinga_notifications`
--

DROP TABLE IF EXISTS `icinga_notifications`;
/*!40101 SET @saved_cs_client     = @@character_set_client */;
/*!40101 SET character_set_client = utf8 */;
CREATE TABLE `icinga_notifications` (
  `notification_id` bigint(20) unsigned NOT NULL AUTO_INCREMENT,
  `instance_id` bigint(20) unsigned DEFAULT '0',
  `notification_type` smallint(6) DEFAULT '0',
  `notification_reason` smallint(6) DEFAULT '0',
  `object_id` bigint(20) unsigned DEFAULT '0',
  `start_time` timestamp NOT NULL DEFAULT '0000-00-00 00:00:00',
  `start_time_usec` int(11) DEFAULT '0',
  `end_time` timestamp NOT NULL DEFAULT '0000-00-00 00:00:00',
  `end_time_usec` int(11) DEFAULT '0',
  `state` smallint(6) DEFAULT '0',
  `output` text,
  `long_output` text,
  `escalated` smallint(6) DEFAULT '0',
  `contacts_notified` smallint(6) DEFAULT '0',
  PRIMARY KEY (`notification_id`),
  UNIQUE KEY `instance_id` (`instance_id`,`object_id`,`start_time`,`start_time_usec`),
  KEY `notification_idx` (`notification_type`,`object_id`,`start_time`),
  KEY `notification_object_id_idx` (`object_id`)
) ENGINE=InnoDB AUTO_INCREMENT=11 DEFAULT CHARSET=latin1 COMMENT='Historical record of host and service notifications';
/*!40101 SET character_set_client = @saved_cs_client */;

--
-- Dumping data for table `icinga_notifications`
--

LOCK TABLES `icinga_notifications` WRITE;
/*!40000 ALTER TABLE `icinga_notifications` DISABLE KEYS */;
INSERT INTO `icinga_notifications` VALUES (1,1,0,0,179,'2015-07-03 11:06:43',1435921603,'2015-07-03 11:06:43',97489,1,'CRITICAL - Host Unreachable (10.0.69.6)','CRITICAL - Host Unreachable (10.0.69.6)',0,1),(2,1,0,0,179,'2015-07-03 11:28:43',1435922923,'2015-07-03 11:28:43',125041,0,'PING OK - Packet loss = 0%, RTA = 0.96 ms','PING OK - Packet loss = 0%, RTA = 0.96 ms',0,1),(3,1,1,0,185,'2015-07-03 11:32:11',1435923131,'2015-07-03 11:32:11',127806,3,'Usage:','Usage:',0,1),(4,1,1,0,185,'2015-07-03 11:37:14',1435923434,'2015-07-03 11:37:14',180208,0,'SSH OK - OpenSSH_6.6.1p1 Ubuntu-2ubuntu2 (protocol 2.0)','SSH OK - OpenSSH_6.6.1p1 Ubuntu-2ubuntu2 (protocol 2.0)',0,1),(5,1,0,0,179,'2015-07-03 12:30:30',1435926630,'2015-07-03 12:30:30',40438,1,'CRITICAL - Destination Unreachable (fc00:10:0:69::6)','CRITICAL - Destination Unreachable (fc00:10:0:69::6)',0,1),(6,1,0,0,179,'2015-07-03 12:51:00',1435927860,'2015-07-03 12:51:00',78474,0,'PING OK - Packet loss = 0%, RTA = 1.06 ms','PING OK - Packet loss = 0%, RTA = 1.06 ms',0,1),(7,1,0,0,179,'2015-07-04 12:31:15',1436013075,'2015-07-04 12:31:15',178920,1,'CRITICAL - Destination Unreachable (fc00:10:0:69::6)','CRITICAL - Destination Unreachable (fc00:10:0:69::6)',0,1),(8,1,0,0,196,'2015-07-04 12:33:05',1436013185,'2015-07-04 12:33:05',276843,1,'CRITICAL - Host Unreachable (10.0.69.5)','CRITICAL - Host Unreachable (10.0.69.5)',0,1),(9,1,0,0,196,'2015-07-04 13:43:05',1436017385,'2015-07-04 13:43:05',96556,0,'PING OK - Packet loss = 0%, RTA = 1.63 ms','PING OK - Packet loss = 0%, RTA = 1.63 ms',0,1),(10,1,0,0,179,'2015-07-05 10:53:49',1436093629,'2015-07-05 10:53:49',193740,0,'PING OK - Packet loss = 0%, RTA = 0.53 ms','PING OK - Packet loss = 0%, RTA = 0.53 ms',0,1);
/*!40000 ALTER TABLE `icinga_notifications` ENABLE KEYS */;
UNLOCK TABLES;

--
-- Table structure for table `icinga_objects`
--

DROP TABLE IF EXISTS `icinga_objects`;
/*!40101 SET @saved_cs_client     = @@character_set_client */;
/*!40101 SET character_set_client = utf8 */;
CREATE TABLE `icinga_objects` (
  `object_id` bigint(20) unsigned NOT NULL AUTO_INCREMENT,
  `instance_id` bigint(20) unsigned DEFAULT '0',
  `objecttype_id` bigint(20) unsigned DEFAULT '0',
  `name1` varchar(128) CHARACTER SET latin1 COLLATE latin1_general_cs DEFAULT '',
  `name2` varchar(128) CHARACTER SET latin1 COLLATE latin1_general_cs DEFAULT NULL,
  `is_active` smallint(6) DEFAULT '0',
  PRIMARY KEY (`object_id`),
  KEY `objecttype_id` (`objecttype_id`,`name1`,`name2`),
  KEY `objects_objtype_id_idx` (`objecttype_id`),
  KEY `objects_name1_idx` (`name1`),
  KEY `objects_name2_idx` (`name2`),
  KEY `objects_inst_id_idx` (`instance_id`),
  KEY `sla_idx_obj` (`objecttype_id`,`is_active`,`name1`)
) ENGINE=InnoDB AUTO_INCREMENT=208 DEFAULT CHARSET=latin1 COMMENT='Current and historical objects of all kinds';
/*!40101 SET character_set_client = @saved_cs_client */;

--
-- Dumping data for table `icinga_objects`
--

LOCK TABLES `icinga_objects` WRITE;
/*!40000 ALTER TABLE `icinga_objects` DISABLE KEYS */;
INSERT INTO `icinga_objects` VALUES (1,1,12,'check-fast-alive',NULL,1),(2,1,12,'check-host-alive',NULL,1),(3,1,12,'check-host-alive_4',NULL,1),(4,1,12,'check-nfs',NULL,1),(5,1,12,'check-printer-alive',NULL,1),(6,1,12,'check-printer-alive_4',NULL,1),(7,1,12,'check-router-alive',NULL,1),(8,1,12,'check-router-alive_4',NULL,1),(9,1,12,'check-rpc',NULL,1),(10,1,12,'check-switch-alive',NULL,1),(11,1,12,'check-switch-alive_4',NULL,1),(12,1,12,'check_all_disks',NULL,1),(13,1,12,'check_apt',NULL,1),(14,1,12,'check_apt_distupgrade',NULL,1),(15,1,12,'check_breeze',NULL,1),(16,1,12,'check_compaq_thermalCondition',NULL,1),(17,1,12,'check_cups',NULL,1),(18,1,12,'check_cups_4',NULL,1),(19,1,12,'check_dhcp',NULL,1),(20,1,12,'check_dhcp_interface',NULL,1),(21,1,12,'check_dig',NULL,1),(22,1,12,'check_disk',NULL,1),(23,1,12,'check_disk_smb',NULL,1),(24,1,12,'check_disk_smb_host',NULL,1),(25,1,12,'check_disk_smb_host_user',NULL,1),(26,1,12,'check_disk_smb_user',NULL,1),(27,1,12,'check_disk_smb_workgroup',NULL,1),(28,1,12,'check_disk_smb_workgroup_host',NULL,1),(29,1,12,'check_disk_smb_workgroup_host_user',NULL,1),(30,1,12,'check_disk_smb_workgroup_user',NULL,1),(31,1,12,'check_dns',NULL,1),(32,1,12,'check_flexlm',NULL,1),(33,1,12,'check_ftp',NULL,1),(34,1,12,'check_ftp_4',NULL,1),(35,1,12,'check_hpjd',NULL,1),(36,1,12,'check_http',NULL,1),(37,1,12,'check_http2',NULL,1),(38,1,12,'check_http2_4',NULL,1),(39,1,12,'check_http_4',NULL,1),(40,1,12,'check_httpname',NULL,1),(41,1,12,'check_httpname_4',NULL,1),(42,1,12,'check_https',NULL,1),(43,1,12,'check_https_4',NULL,1),(44,1,12,'check_https_auth',NULL,1),(45,1,12,'check_https_auth_4',NULL,1),(46,1,12,'check_https_auth_hostname',NULL,1),(47,1,12,'check_https_auth_hostname_4',NULL,1),(48,1,12,'check_https_hostname',NULL,1),(49,1,12,'check_https_hostname_4',NULL,1),(50,1,12,'check_ifoperstatus_ifdescr',NULL,1),(51,1,12,'check_ifoperstatus_ifindex',NULL,1),(52,1,12,'check_ifstatus',NULL,1),(53,1,12,'check_ifstatus_exclude',NULL,1),(54,1,12,'check_imap',NULL,1),(55,1,12,'check_imap_4',NULL,1),(56,1,12,'check_ldap',NULL,1),(57,1,12,'check_ldap_4',NULL,1),(58,1,12,'check_ldaps',NULL,1),(59,1,12,'check_ldaps_4',NULL,1),(60,1,12,'check_load',NULL,1),(61,1,12,'check_local_ido2db',NULL,1),(62,1,12,'check_mailq_exim',NULL,1),(63,1,12,'check_mailq_postfix',NULL,1),(64,1,12,'check_mailq_qmail',NULL,1),(65,1,12,'check_mailq_sendmail',NULL,1),(66,1,12,'check_mrtg',NULL,1),(67,1,12,'check_mysql',NULL,1),(68,1,12,'check_mysql_cmdlinecred',NULL,1),(69,1,12,'check_mysql_database',NULL,1),(70,1,12,'check_mysql_slave',NULL,1),(71,1,12,'check_netapp_cpuload',NULL,1),(72,1,12,'check_netapp_numdisks',NULL,1),(73,1,12,'check_netapp_uptime',NULL,1),(74,1,12,'check_netware_15load',NULL,1),(75,1,12,'check_netware_1load',NULL,1),(76,1,12,'check_netware_5load',NULL,1),(77,1,12,'check_netware_abend',NULL,1),(78,1,12,'check_netware_logins',NULL,1),(79,1,12,'check_nntp',NULL,1),(80,1,12,'check_nntp_4',NULL,1),(81,1,12,'check_nscp',NULL,1),(82,1,12,'check_nt',NULL,1),(83,1,12,'check_ntp',NULL,1),(84,1,12,'check_ntp_ntpq',NULL,1),(85,1,12,'check_nwstat_conns',NULL,1),(86,1,12,'check_nwstat_csprocs',NULL,1),(87,1,12,'check_nwstat_dsdb',NULL,1),(88,1,12,'check_nwstat_ltch',NULL,1),(89,1,12,'check_nwstat_puprb',NULL,1),(90,1,12,'check_nwstat_vol_k',NULL,1),(91,1,12,'check_nwstat_vol_p',NULL,1),(92,1,12,'check_pgsql',NULL,1),(93,1,12,'check_pgsql_4',NULL,1),(94,1,12,'check_ping',NULL,1),(95,1,12,'check_ping_4',NULL,1),(96,1,12,'check_pop',NULL,1),(97,1,12,'check_pop_4',NULL,1),(98,1,12,'check_procs',NULL,1),(99,1,12,'check_procs_httpd',NULL,1),(100,1,12,'check_procs_zombie',NULL,1),(101,1,12,'check_quake',NULL,1),(102,1,12,'check_radius',NULL,1),(103,1,12,'check_real',NULL,1),(104,1,12,'check_real_url',NULL,1),(105,1,12,'check_simap',NULL,1),(106,1,12,'check_simap_4',NULL,1),(107,1,12,'check_smtp',NULL,1),(108,1,12,'check_smtp_4',NULL,1),(109,1,12,'check_spop',NULL,1),(110,1,12,'check_spop_4',NULL,1),(111,1,12,'check_squid',NULL,1),(112,1,12,'check_squid_4',NULL,1),(113,1,12,'check_ssh',NULL,1),(114,1,12,'check_ssh_4',NULL,1),(115,1,12,'check_ssh_port',NULL,1),(116,1,12,'check_ssh_port_4',NULL,1),(117,1,12,'check_ssmtp',NULL,1),(118,1,12,'check_ssmtp_4',NULL,1),(119,1,12,'check_tcp',NULL,1),(120,1,12,'check_tcp_4',NULL,1),(121,1,12,'check_telnet',NULL,1),(122,1,12,'check_telnet_4',NULL,1),(123,1,12,'check_time',NULL,1),(124,1,12,'check_udp',NULL,1),(125,1,12,'check_udp_4',NULL,1),(126,1,12,'check_unreal',NULL,1),(127,1,12,'check_users',NULL,1),(128,1,12,'notify-host-by-email',NULL,1),(129,1,12,'notify-service-by-email',NULL,1),(130,1,12,'process-host-perfdata',NULL,1),(131,1,12,'process-service-perfdata',NULL,1),(132,1,12,'return-critical',NULL,1),(133,1,12,'return-numeric',NULL,1),(134,1,12,'return-ok',NULL,1),(135,1,12,'return-unknown',NULL,1),(136,1,12,'return-warning',NULL,1),(137,1,12,'snmp_cpustats',NULL,1),(138,1,12,'snmp_disk',NULL,1),(139,1,12,'snmp_disk2',NULL,1),(140,1,12,'snmp_load',NULL,1),(141,1,12,'snmp_mem',NULL,1),(142,1,12,'snmp_mem2',NULL,1),(143,1,12,'snmp_mem3',NULL,1),(144,1,12,'snmp_procname',NULL,1),(145,1,12,'snmp_procs',NULL,1),(146,1,12,'snmp_swap',NULL,1),(147,1,12,'snmp_swap2',NULL,1),(148,1,12,'snmp_swap3',NULL,1),(149,1,12,'snmp_tcpopen',NULL,1),(150,1,12,'snmp_tcpstats',NULL,1),(151,1,12,'snmp_users',NULL,1),(152,1,12,'ssh_disk',NULL,1),(153,1,12,'ssh_disk_4',NULL,1),(154,1,12,'traffic_average',NULL,1),(155,1,9,'24x7',NULL,1),(156,1,9,'never',NULL,1),(157,1,9,'nonworkhours',NULL,1),(158,1,9,'workhours',NULL,1),(159,1,10,'root',NULL,1),(160,1,11,'admins',NULL,1),(161,1,1,'localhost',NULL,0),(162,1,3,'all',NULL,1),(163,1,3,'debian-servers',NULL,1),(164,1,3,'http-servers',NULL,1),(165,1,3,'ssh-servers',NULL,1),(166,1,2,'localhost','Current Load',0),(167,1,2,'localhost','Current Users',0),(168,1,2,'localhost','Disk Space',0),(169,1,2,'localhost','HTTP',0),(170,1,2,'localhost','SSH',0),(171,1,2,'localhost','Total Processes',0),(172,1,2,'localhost','ido2db Process',0),(173,1,1,'beastie',NULL,1),(174,1,2,'beastie','Current Load',1),(175,1,2,'beastie','Current Users',1),(176,1,2,'beastie','Disk Space',1),(177,1,2,'beastie','Total Processes',1),(178,1,2,'beastie','SSH',1),(179,1,1,'helena',NULL,1),(180,1,2,'helena',NULL,0),(181,1,2,'helena','Current Load',1),(182,1,2,'helena','Current Users',1),(183,1,2,'helena','Disk Space',1),(184,1,2,'helena','Total Processes',1),(185,1,2,'helena','SSH',1),(186,1,1,'maria',NULL,1),(187,1,2,'maria','Current Load',1),(188,1,2,'maria','Current Users',1),(189,1,2,'maria','Disk Space',1),(190,1,2,'maria','HTTP',1),(191,1,2,'maria','SSH',1),(192,1,2,'maria','Total Processes',1),(193,1,2,'maria','ido2db Process',1),(194,1,2,'maria',NULL,0),(195,1,12,'check_multi',NULL,1),(196,1,1,'joaquina',NULL,1),(197,1,2,'joaquina','Current Load',1),(198,1,2,'joaquina','Current Users',1),(199,1,2,'joaquina','Disk Space',1),(200,1,2,'joaquina','SSH',1),(201,1,2,'joaquina','Total Processes',1),(202,1,2,'joaquina',NULL,0),(203,1,1,'madalena',NULL,1),(204,1,1,'rita',NULL,1),(205,1,2,'madalena','HTTP',1),(206,1,2,'madalena','SSH',1),(207,1,2,'rita','SSH',1);
/*!40000 ALTER TABLE `icinga_objects` ENABLE KEYS */;
UNLOCK TABLES;

--
-- Table structure for table `icinga_processevents`
--

DROP TABLE IF EXISTS `icinga_processevents`;
/*!40101 SET @saved_cs_client     = @@character_set_client */;
/*!40101 SET character_set_client = utf8 */;
CREATE TABLE `icinga_processevents` (
  `processevent_id` bigint(20) unsigned NOT NULL AUTO_INCREMENT,
  `instance_id` bigint(20) unsigned DEFAULT '0',
  `event_type` smallint(6) DEFAULT '0',
  `event_time` timestamp NOT NULL DEFAULT '0000-00-00 00:00:00',
  `event_time_usec` int(11) DEFAULT '0',
  `process_id` bigint(20) unsigned DEFAULT '0',
  `program_name` varchar(16) DEFAULT '',
  `program_version` varchar(20) DEFAULT '',
  `program_date` varchar(10) DEFAULT '',
  PRIMARY KEY (`processevent_id`)
) ENGINE=InnoDB AUTO_INCREMENT=185 DEFAULT CHARSET=latin1 COMMENT='Historical Icinga process events';
/*!40101 SET character_set_client = @saved_cs_client */;

--
-- Dumping data for table `icinga_processevents`
--

LOCK TABLES `icinga_processevents` WRITE;
/*!40000 ALTER TABLE `icinga_processevents` DISABLE KEYS */;
INSERT INTO `icinga_processevents` VALUES (1,1,104,'2015-07-03 09:53:06',198477,3157,'Icinga','1.10.3','02-11-2014'),(2,1,100,'2015-07-03 09:53:06',249632,3157,'Icinga','1.10.3','02-11-2014'),(3,1,101,'2015-07-03 09:53:06',259292,3162,'Icinga','1.10.3','02-11-2014'),(4,1,105,'2015-07-03 09:53:06',274243,3162,'Icinga','1.10.3','02-11-2014'),(5,1,106,'2015-07-03 09:53:54',502468,3162,'Icinga','1.10.3','02-11-2014'),(6,1,103,'2015-07-03 09:53:54',502473,3162,'Icinga','1.10.3','02-11-2014'),(7,1,104,'2015-07-03 09:54:11',178817,1242,'Icinga','1.10.3','02-11-2014'),(8,1,100,'2015-07-03 09:54:11',232804,1242,'Icinga','1.10.3','02-11-2014'),(9,1,101,'2015-07-03 09:54:11',236696,1251,'Icinga','1.10.3','02-11-2014'),(10,1,105,'2015-07-03 09:54:11',248873,1251,'Icinga','1.10.3','02-11-2014'),(11,1,106,'2015-07-03 09:55:51',481307,1251,'Icinga','1.10.3','02-11-2014'),(12,1,103,'2015-07-03 09:55:51',481313,1251,'Icinga','1.10.3','02-11-2014'),(13,1,104,'2015-07-03 09:55:51',559747,2141,'Icinga','1.10.3','02-11-2014'),(14,1,100,'2015-07-03 09:55:51',569728,2141,'Icinga','1.10.3','02-11-2014'),(15,1,101,'2015-07-03 09:55:51',574251,2146,'Icinga','1.10.3','02-11-2014'),(16,1,105,'2015-07-03 09:55:51',594186,2146,'Icinga','1.10.3','02-11-2014'),(17,1,106,'2015-07-03 09:56:01',553799,2146,'Icinga','1.10.3','02-11-2014'),(18,1,103,'2015-07-03 09:56:01',553808,2146,'Icinga','1.10.3','02-11-2014'),(19,1,104,'2015-07-03 09:56:01',648150,2206,'Icinga','1.10.3','02-11-2014'),(20,1,100,'2015-07-03 09:56:01',678051,2206,'Icinga','1.10.3','02-11-2014'),(21,1,101,'2015-07-03 09:56:01',692731,2211,'Icinga','1.10.3','02-11-2014'),(22,1,105,'2015-07-03 09:56:01',702167,2211,'Icinga','1.10.3','02-11-2014'),(23,1,106,'2015-07-03 10:15:21',186698,2211,'Icinga','1.10.3','02-11-2014'),(24,1,103,'2015-07-03 10:15:21',186707,2211,'Icinga','1.10.3','02-11-2014'),(25,1,104,'2015-07-03 10:15:21',252687,2587,'Icinga','1.10.3','02-11-2014'),(26,1,100,'2015-07-03 10:15:21',277545,2587,'Icinga','1.10.3','02-11-2014'),(27,1,101,'2015-07-03 10:15:21',282956,2592,'Icinga','1.10.3','02-11-2014'),(28,1,105,'2015-07-03 10:15:21',300362,2592,'Icinga','1.10.3','02-11-2014'),(29,1,106,'2015-07-03 10:27:17',186251,2592,'Icinga','1.10.3','02-11-2014'),(30,1,103,'2015-07-03 10:27:17',186260,2592,'Icinga','1.10.3','02-11-2014'),(31,1,104,'2015-07-03 10:27:17',250528,2851,'Icinga','1.10.3','02-11-2014'),(32,1,100,'2015-07-03 10:27:17',270104,2851,'Icinga','1.10.3','02-11-2014'),(33,1,101,'2015-07-03 10:27:17',278315,2856,'Icinga','1.10.3','02-11-2014'),(34,1,105,'2015-07-03 10:27:17',303924,2856,'Icinga','1.10.3','02-11-2014'),(35,1,106,'2015-07-03 10:30:34',742523,2856,'Icinga','1.10.3','02-11-2014'),(36,1,103,'2015-07-03 10:30:34',742537,2856,'Icinga','1.10.3','02-11-2014'),(37,1,104,'2015-07-03 10:30:34',834847,2985,'Icinga','1.10.3','02-11-2014'),(38,1,100,'2015-07-03 10:30:34',872883,2985,'Icinga','1.10.3','02-11-2014'),(39,1,101,'2015-07-03 10:30:34',881011,2990,'Icinga','1.10.3','02-11-2014'),(40,1,105,'2015-07-03 10:30:34',895854,2990,'Icinga','1.10.3','02-11-2014'),(41,1,106,'2015-07-03 10:35:10',541174,2990,'Icinga','1.10.3','02-11-2014'),(42,1,103,'2015-07-03 10:35:10',541186,2990,'Icinga','1.10.3','02-11-2014'),(43,1,104,'2015-07-03 10:35:10',650003,3129,'Icinga','1.10.3','02-11-2014'),(44,1,100,'2015-07-03 10:35:10',678695,3129,'Icinga','1.10.3','02-11-2014'),(45,1,101,'2015-07-03 10:35:10',686135,3134,'Icinga','1.10.3','02-11-2014'),(46,1,105,'2015-07-03 10:35:10',694877,3134,'Icinga','1.10.3','02-11-2014'),(47,1,106,'2015-07-03 10:38:16',219132,3134,'Icinga','1.10.3','02-11-2014'),(48,1,103,'2015-07-03 10:38:16',219140,3134,'Icinga','1.10.3','02-11-2014'),(49,1,104,'2015-07-03 10:38:16',316201,3271,'Icinga','1.10.3','02-11-2014'),(50,1,100,'2015-07-03 10:38:16',334337,3271,'Icinga','1.10.3','02-11-2014'),(51,1,101,'2015-07-03 10:38:16',343382,3276,'Icinga','1.10.3','02-11-2014'),(52,1,105,'2015-07-03 10:38:16',357291,3276,'Icinga','1.10.3','02-11-2014'),(53,1,106,'2015-07-03 10:39:11',794301,3276,'Icinga','1.10.3','02-11-2014'),(54,1,103,'2015-07-03 10:39:11',794311,3276,'Icinga','1.10.3','02-11-2014'),(55,1,104,'2015-07-03 10:39:26',976237,3403,'Icinga','1.10.3','02-11-2014'),(56,1,100,'2015-07-03 10:39:27',10022,3403,'Icinga','1.10.3','02-11-2014'),(57,1,101,'2015-07-03 10:39:27',16527,3408,'Icinga','1.10.3','02-11-2014'),(58,1,105,'2015-07-03 10:39:27',35910,3408,'Icinga','1.10.3','02-11-2014'),(59,1,106,'2015-07-03 10:40:08',321253,3408,'Icinga','1.10.3','02-11-2014'),(60,1,103,'2015-07-03 10:40:08',321264,3408,'Icinga','1.10.3','02-11-2014'),(61,1,104,'2015-07-03 10:40:08',417559,3488,'Icinga','1.10.3','02-11-2014'),(62,1,100,'2015-07-03 10:40:08',444484,3488,'Icinga','1.10.3','02-11-2014'),(63,1,101,'2015-07-03 10:40:08',455958,3493,'Icinga','1.10.3','02-11-2014'),(64,1,105,'2015-07-03 10:40:08',477489,3493,'Icinga','1.10.3','02-11-2014'),(65,1,106,'2015-07-03 10:41:30',769482,3493,'Icinga','1.10.3','02-11-2014'),(66,1,103,'2015-07-03 10:41:30',769503,3493,'Icinga','1.10.3','02-11-2014'),(67,1,104,'2015-07-03 10:42:28',86724,3697,'Icinga','1.10.3','02-11-2014'),(68,1,100,'2015-07-03 10:42:28',119038,3697,'Icinga','1.10.3','02-11-2014'),(69,1,101,'2015-07-03 10:42:28',122675,3702,'Icinga','1.10.3','02-11-2014'),(70,1,105,'2015-07-03 10:42:28',139572,3702,'Icinga','1.10.3','02-11-2014'),(71,1,106,'2015-07-03 10:59:39',887155,3702,'Icinga','1.10.3','02-11-2014'),(72,1,103,'2015-07-03 10:59:39',887163,3702,'Icinga','1.10.3','02-11-2014'),(73,1,104,'2015-07-03 10:59:39',945062,4159,'Icinga','1.10.3','02-11-2014'),(74,1,100,'2015-07-03 10:59:39',969410,4159,'Icinga','1.10.3','02-11-2014'),(75,1,101,'2015-07-03 10:59:39',973272,4164,'Icinga','1.10.3','02-11-2014'),(76,1,105,'2015-07-03 10:59:39',987067,4164,'Icinga','1.10.3','02-11-2014'),(77,1,106,'2015-07-03 11:00:23',591451,4164,'Icinga','1.10.3','02-11-2014'),(78,1,103,'2015-07-03 11:00:23',591461,4164,'Icinga','1.10.3','02-11-2014'),(79,1,104,'2015-07-03 11:00:23',693449,4253,'Icinga','1.10.3','02-11-2014'),(80,1,100,'2015-07-03 11:00:23',741309,4253,'Icinga','1.10.3','02-11-2014'),(81,1,101,'2015-07-03 11:00:23',746143,4258,'Icinga','1.10.3','02-11-2014'),(82,1,105,'2015-07-03 11:00:23',760967,4258,'Icinga','1.10.3','02-11-2014'),(83,1,106,'2015-07-03 11:27:53',121877,4258,'Icinga','1.10.3','02-11-2014'),(84,1,103,'2015-07-03 11:27:53',121887,4258,'Icinga','1.10.3','02-11-2014'),(85,1,104,'2015-07-03 11:27:53',191557,5568,'Icinga','1.10.3','02-11-2014'),(86,1,100,'2015-07-03 11:27:53',218138,5568,'Icinga','1.10.3','02-11-2014'),(87,1,101,'2015-07-03 11:27:53',222702,5573,'Icinga','1.10.3','02-11-2014'),(88,1,105,'2015-07-03 11:27:53',233237,5573,'Icinga','1.10.3','02-11-2014'),(89,1,106,'2015-07-03 11:29:50',888784,5573,'Icinga','1.10.3','02-11-2014'),(90,1,103,'2015-07-03 11:29:50',888793,5573,'Icinga','1.10.3','02-11-2014'),(91,1,104,'2015-07-03 11:29:50',982019,5691,'Icinga','1.10.3','02-11-2014'),(92,1,100,'2015-07-03 11:29:51',14129,5691,'Icinga','1.10.3','02-11-2014'),(93,1,101,'2015-07-03 11:29:51',17987,5696,'Icinga','1.10.3','02-11-2014'),(94,1,105,'2015-07-03 11:29:51',25271,5696,'Icinga','1.10.3','02-11-2014'),(95,1,106,'2015-07-03 11:30:12',551746,5696,'Icinga','1.10.3','02-11-2014'),(96,1,103,'2015-07-03 11:30:12',551754,5696,'Icinga','1.10.3','02-11-2014'),(97,1,104,'2015-07-03 11:30:12',651049,5755,'Icinga','1.10.3','02-11-2014'),(98,1,100,'2015-07-03 11:30:12',661580,5755,'Icinga','1.10.3','02-11-2014'),(99,1,101,'2015-07-03 11:30:12',666930,5760,'Icinga','1.10.3','02-11-2014'),(100,1,105,'2015-07-03 11:30:12',675033,5760,'Icinga','1.10.3','02-11-2014'),(101,1,106,'2015-07-03 11:30:41',151255,5760,'Icinga','1.10.3','02-11-2014'),(102,1,103,'2015-07-03 11:30:41',151265,5760,'Icinga','1.10.3','02-11-2014'),(103,1,104,'2015-07-03 11:30:41',251825,5838,'Icinga','1.10.3','02-11-2014'),(104,1,100,'2015-07-03 11:30:41',285709,5838,'Icinga','1.10.3','02-11-2014'),(105,1,101,'2015-07-03 11:30:41',293214,5843,'Icinga','1.10.3','02-11-2014'),(106,1,105,'2015-07-03 11:30:41',307119,5843,'Icinga','1.10.3','02-11-2014'),(107,1,106,'2015-07-03 11:32:44',633115,5843,'Icinga','1.10.3','02-11-2014'),(108,1,103,'2015-07-03 11:32:44',633122,5843,'Icinga','1.10.3','02-11-2014'),(109,1,104,'2015-07-03 11:32:44',716913,5969,'Icinga','1.10.3','02-11-2014'),(110,1,100,'2015-07-03 11:32:44',752856,5969,'Icinga','1.10.3','02-11-2014'),(111,1,101,'2015-07-03 11:32:44',756243,5974,'Icinga','1.10.3','02-11-2014'),(112,1,105,'2015-07-03 11:32:44',777873,5974,'Icinga','1.10.3','02-11-2014'),(113,1,106,'2015-07-03 12:10:13',901252,5974,'Icinga','1.10.3','02-11-2014'),(114,1,103,'2015-07-03 12:10:13',901262,5974,'Icinga','1.10.3','02-11-2014'),(115,1,104,'2015-07-03 12:10:13',971652,6957,'Icinga','1.10.3','02-11-2014'),(116,1,100,'2015-07-03 12:10:14',1579,6957,'Icinga','1.10.3','02-11-2014'),(117,1,101,'2015-07-03 12:10:14',5238,6962,'Icinga','1.10.3','02-11-2014'),(118,1,105,'2015-07-03 12:10:14',20517,6962,'Icinga','1.10.3','02-11-2014'),(119,1,106,'2015-07-03 12:14:36',618763,6962,'Icinga','1.10.3','02-11-2014'),(120,1,103,'2015-07-03 12:14:36',618775,6962,'Icinga','1.10.3','02-11-2014'),(121,1,104,'2015-07-03 12:14:36',723570,7120,'Icinga','1.10.3','02-11-2014'),(122,1,100,'2015-07-03 12:14:36',748787,7120,'Icinga','1.10.3','02-11-2014'),(123,1,101,'2015-07-03 12:14:36',760332,7125,'Icinga','1.10.3','02-11-2014'),(124,1,105,'2015-07-03 12:14:36',775717,7125,'Icinga','1.10.3','02-11-2014'),(125,1,106,'2015-07-03 12:16:00',485109,7125,'Icinga','1.10.3','02-11-2014'),(126,1,103,'2015-07-03 12:16:00',485109,7125,'Icinga','1.10.3','02-11-2014'),(127,1,104,'2015-07-03 12:16:00',573203,7224,'Icinga','1.10.3','02-11-2014'),(128,1,100,'2015-07-03 12:16:00',599664,7224,'Icinga','1.10.3','02-11-2014'),(129,1,101,'2015-07-03 12:16:00',614922,7229,'Icinga','1.10.3','02-11-2014'),(130,1,105,'2015-07-03 12:16:00',632126,7229,'Icinga','1.10.3','02-11-2014'),(131,1,106,'2015-07-03 13:45:37',528652,7229,'Icinga','1.10.3','02-11-2014'),(132,1,103,'2015-07-03 13:45:37',528664,7229,'Icinga','1.10.3','02-11-2014'),(133,1,104,'2015-07-03 13:45:37',594549,13685,'Icinga','1.10.3','02-11-2014'),(134,1,100,'2015-07-03 13:45:37',612297,13685,'Icinga','1.10.3','02-11-2014'),(135,1,101,'2015-07-03 13:45:37',620393,13690,'Icinga','1.10.3','02-11-2014'),(136,1,105,'2015-07-03 13:45:37',628778,13690,'Icinga','1.10.3','02-11-2014'),(137,1,104,'2015-07-04 12:22:55',145050,1273,'Icinga','1.10.3','02-11-2014'),(138,1,100,'2015-07-04 12:22:55',187716,1273,'Icinga','1.10.3','02-11-2014'),(139,1,101,'2015-07-04 12:22:55',190176,1283,'Icinga','1.10.3','02-11-2014'),(140,1,105,'2015-07-04 12:22:55',212245,1283,'Icinga','1.10.3','02-11-2014'),(141,1,104,'2015-07-04 14:04:34',173330,1263,'Icinga','1.10.3','02-11-2014'),(142,1,100,'2015-07-04 14:04:34',236440,1263,'Icinga','1.10.3','02-11-2014'),(143,1,101,'2015-07-04 14:04:34',241183,1268,'Icinga','1.10.3','02-11-2014'),(144,1,105,'2015-07-04 14:04:34',267848,1268,'Icinga','1.10.3','02-11-2014'),(145,1,106,'2015-07-04 14:06:55',450904,1268,'Icinga','1.10.3','02-11-2014'),(146,1,103,'2015-07-04 14:06:55',450909,1268,'Icinga','1.10.3','02-11-2014'),(147,1,104,'2015-07-04 14:07:11',65131,1341,'Icinga','1.10.3','02-11-2014'),(148,1,100,'2015-07-04 14:07:11',120898,1341,'Icinga','1.10.3','02-11-2014'),(149,1,101,'2015-07-04 14:07:11',126175,1346,'Icinga','1.10.3','02-11-2014'),(150,1,105,'2015-07-04 14:07:11',150329,1346,'Icinga','1.10.3','02-11-2014'),(151,1,106,'2015-07-04 14:12:04',710999,1346,'Icinga','1.10.3','02-11-2014'),(152,1,103,'2015-07-04 14:12:04',711004,1346,'Icinga','1.10.3','02-11-2014'),(153,1,104,'2015-07-04 14:12:20',959767,1260,'Icinga','1.10.3','02-11-2014'),(154,1,100,'2015-07-04 14:12:21',7691,1260,'Icinga','1.10.3','02-11-2014'),(155,1,101,'2015-07-04 14:12:21',12121,1265,'Icinga','1.10.3','02-11-2014'),(156,1,105,'2015-07-04 14:12:21',31949,1265,'Icinga','1.10.3','02-11-2014'),(157,1,104,'2015-07-04 14:19:56',998472,1264,'Icinga','1.10.3','02-11-2014'),(158,1,100,'2015-07-04 14:19:57',49503,1264,'Icinga','1.10.3','02-11-2014'),(159,1,101,'2015-07-04 14:19:57',53343,1269,'Icinga','1.10.3','02-11-2014'),(160,1,105,'2015-07-04 14:19:57',72515,1269,'Icinga','1.10.3','02-11-2014'),(161,1,104,'2015-07-04 14:43:45',931362,1250,'Icinga','1.10.3','02-11-2014'),(162,1,100,'2015-07-04 14:43:45',977113,1250,'Icinga','1.10.3','02-11-2014'),(163,1,101,'2015-07-04 14:43:45',979967,1259,'Icinga','1.10.3','02-11-2014'),(164,1,105,'2015-07-04 14:43:46',5988,1259,'Icinga','1.10.3','02-11-2014'),(165,1,104,'2015-07-05 10:50:29',424538,1287,'Icinga','1.10.3','02-11-2014'),(166,1,100,'2015-07-05 10:50:29',470890,1287,'Icinga','1.10.3','02-11-2014'),(167,1,101,'2015-07-05 10:50:29',474359,1292,'Icinga','1.10.3','02-11-2014'),(168,1,105,'2015-07-05 10:50:29',487646,1292,'Icinga','1.10.3','02-11-2014'),(169,1,104,'2015-07-05 11:07:14',223639,1347,'Icinga','1.10.3','02-11-2014'),(170,1,100,'2015-07-05 11:07:14',267550,1347,'Icinga','1.10.3','02-11-2014'),(171,1,101,'2015-07-05 11:07:14',271641,1348,'Icinga','1.10.3','02-11-2014'),(172,1,105,'2015-07-05 11:07:14',296769,1348,'Icinga','1.10.3','02-11-2014'),(173,1,106,'2015-07-05 11:31:50',856181,1348,'Icinga','1.10.3','02-11-2014'),(174,1,103,'2015-07-05 11:31:50',856190,1348,'Icinga','1.10.3','02-11-2014'),(175,1,104,'2015-07-05 11:31:50',917988,3153,'Icinga','1.10.3','02-11-2014'),(176,1,100,'2015-07-05 11:31:50',941965,3153,'Icinga','1.10.3','02-11-2014'),(177,1,101,'2015-07-05 11:31:50',946303,3158,'Icinga','1.10.3','02-11-2014'),(178,1,105,'2015-07-05 11:31:50',963986,3158,'Icinga','1.10.3','02-11-2014'),(179,1,106,'2015-07-05 11:53:44',668335,3158,'Icinga','1.10.3','02-11-2014'),(180,1,103,'2015-07-05 11:53:44',668344,3158,'Icinga','1.10.3','02-11-2014'),(181,1,104,'2015-07-05 12:32:18',719051,6409,'Icinga','1.10.3','02-11-2014'),(182,1,100,'2015-07-05 12:32:18',742079,6409,'Icinga','1.10.3','02-11-2014'),(183,1,101,'2015-07-05 12:32:18',748443,6414,'Icinga','1.10.3','02-11-2014'),(184,1,105,'2015-07-05 12:32:18',774604,6414,'Icinga','1.10.3','02-11-2014');
/*!40000 ALTER TABLE `icinga_processevents` ENABLE KEYS */;
UNLOCK TABLES;

--
-- Table structure for table `icinga_programstatus`
--

DROP TABLE IF EXISTS `icinga_programstatus`;
/*!40101 SET @saved_cs_client     = @@character_set_client */;
/*!40101 SET character_set_client = utf8 */;
CREATE TABLE `icinga_programstatus` (
  `programstatus_id` bigint(20) unsigned NOT NULL AUTO_INCREMENT,
  `instance_id` bigint(20) unsigned DEFAULT '0',
  `status_update_time` timestamp NOT NULL DEFAULT '0000-00-00 00:00:00',
  `program_start_time` timestamp NOT NULL DEFAULT '0000-00-00 00:00:00',
  `program_end_time` timestamp NOT NULL DEFAULT '0000-00-00 00:00:00',
  `is_currently_running` smallint(6) DEFAULT '0',
  `process_id` bigint(20) unsigned DEFAULT '0',
  `daemon_mode` smallint(6) DEFAULT '0',
  `last_command_check` timestamp NOT NULL DEFAULT '0000-00-00 00:00:00',
  `last_log_rotation` timestamp NOT NULL DEFAULT '0000-00-00 00:00:00',
  `notifications_enabled` smallint(6) DEFAULT '0',
  `disable_notif_expire_time` timestamp NOT NULL DEFAULT '0000-00-00 00:00:00',
  `active_service_checks_enabled` smallint(6) DEFAULT '0',
  `passive_service_checks_enabled` smallint(6) DEFAULT '0',
  `active_host_checks_enabled` smallint(6) DEFAULT '0',
  `passive_host_checks_enabled` smallint(6) DEFAULT '0',
  `event_handlers_enabled` smallint(6) DEFAULT '0',
  `flap_detection_enabled` smallint(6) DEFAULT '0',
  `failure_prediction_enabled` smallint(6) DEFAULT '0',
  `process_performance_data` smallint(6) DEFAULT '0',
  `obsess_over_hosts` smallint(6) DEFAULT '0',
  `obsess_over_services` smallint(6) DEFAULT '0',
  `modified_host_attributes` int(11) DEFAULT '0',
  `modified_service_attributes` int(11) DEFAULT '0',
  `global_host_event_handler` text,
  `global_service_event_handler` text,
  PRIMARY KEY (`programstatus_id`),
  UNIQUE KEY `instance_id` (`instance_id`),
  KEY `programstatus_i_id_idx` (`instance_id`)
) ENGINE=InnoDB AUTO_INCREMENT=34 DEFAULT CHARSET=latin1 COMMENT='Current program status information';
/*!40101 SET character_set_client = @saved_cs_client */;

--
-- Dumping data for table `icinga_programstatus`
--

LOCK TABLES `icinga_programstatus` WRITE;
/*!40000 ALTER TABLE `icinga_programstatus` DISABLE KEYS */;
INSERT INTO `icinga_programstatus` VALUES (33,1,'2015-07-05 12:33:30','2015-07-05 12:32:18','0000-00-00 00:00:00',1,6414,1,'0000-00-00 00:00:00','0000-00-00 00:00:00',1,'0000-00-00 00:00:00',1,1,1,1,1,1,1,0,0,0,0,0,'','');
/*!40000 ALTER TABLE `icinga_programstatus` ENABLE KEYS */;
UNLOCK TABLES;

--
-- Table structure for table `icinga_runtimevariables`
--

DROP TABLE IF EXISTS `icinga_runtimevariables`;
/*!40101 SET @saved_cs_client     = @@character_set_client */;
/*!40101 SET character_set_client = utf8 */;
CREATE TABLE `icinga_runtimevariables` (
  `runtimevariable_id` bigint(20) unsigned NOT NULL AUTO_INCREMENT,
  `instance_id` bigint(20) unsigned DEFAULT '0',
  `varname` varchar(64) DEFAULT '',
  `varvalue` text,
  PRIMARY KEY (`runtimevariable_id`),
  KEY `runtimevariables_i_id_idx` (`instance_id`),
  KEY `runtimevars_iid_varn` (`instance_id`,`varname`)
) ENGINE=InnoDB AUTO_INCREMENT=595 DEFAULT CHARSET=latin1 COMMENT='Runtime variables from the Icinga daemon';
/*!40101 SET character_set_client = @saved_cs_client */;

--
-- Dumping data for table `icinga_runtimevariables`
--

LOCK TABLES `icinga_runtimevariables` WRITE;
/*!40000 ALTER TABLE `icinga_runtimevariables` DISABLE KEYS */;
INSERT INTO `icinga_runtimevariables` VALUES (577,1,'config_file','/etc/icinga/icinga.cfg'),(578,1,'total_services','25'),(579,1,'total_scheduled_services','25'),(580,1,'total_hosts','6'),(581,1,'total_scheduled_hosts','6'),(582,1,'average_services_per_host','4.166667'),(583,1,'average_scheduled_services_per_host','4.166667'),(584,1,'service_check_interval_total','7800'),(585,1,'host_check_interval_total','1800'),(586,1,'average_service_check_interval','312.000000'),(587,1,'average_host_check_interval','300.000000'),(588,1,'average_service_inter_check_delay','12.480000'),(589,1,'average_host_inter_check_delay','50.000000'),(590,1,'service_inter_check_delay','12.480000'),(591,1,'host_inter_check_delay','50.000000'),(592,1,'service_interleave_factor','5'),(593,1,'max_service_check_spread','30'),(594,1,'max_host_check_spread','30');
/*!40000 ALTER TABLE `icinga_runtimevariables` ENABLE KEYS */;
UNLOCK TABLES;

--
-- Table structure for table `icinga_scheduleddowntime`
--

DROP TABLE IF EXISTS `icinga_scheduleddowntime`;
/*!40101 SET @saved_cs_client     = @@character_set_client */;
/*!40101 SET character_set_client = utf8 */;
CREATE TABLE `icinga_scheduleddowntime` (
  `scheduleddowntime_id` bigint(20) unsigned NOT NULL AUTO_INCREMENT,
  `instance_id` bigint(20) unsigned DEFAULT '0',
  `downtime_type` smallint(6) DEFAULT '0',
  `object_id` bigint(20) unsigned DEFAULT '0',
  `entry_time` timestamp NOT NULL DEFAULT '0000-00-00 00:00:00',
  `author_name` varchar(64) DEFAULT '',
  `comment_data` text,
  `internal_downtime_id` bigint(20) unsigned DEFAULT '0',
  `triggered_by_id` bigint(20) unsigned DEFAULT '0',
  `is_fixed` smallint(6) DEFAULT '0',
  `duration` bigint(20) DEFAULT '0',
  `scheduled_start_time` timestamp NOT NULL DEFAULT '0000-00-00 00:00:00',
  `scheduled_end_time` timestamp NOT NULL DEFAULT '0000-00-00 00:00:00',
  `was_started` smallint(6) DEFAULT '0',
  `actual_start_time` timestamp NOT NULL DEFAULT '0000-00-00 00:00:00',
  `actual_start_time_usec` int(11) DEFAULT '0',
  `is_in_effect` smallint(6) DEFAULT '0',
  `trigger_time` timestamp NOT NULL DEFAULT '0000-00-00 00:00:00',
  PRIMARY KEY (`scheduleddowntime_id`),
  UNIQUE KEY `instance_id` (`instance_id`,`object_id`,`entry_time`,`internal_downtime_id`),
  KEY `scheduleddowntime_i_id_idx` (`instance_id`)
) ENGINE=InnoDB DEFAULT CHARSET=latin1 COMMENT='Current scheduled host and service downtime';
/*!40101 SET character_set_client = @saved_cs_client */;

--
-- Dumping data for table `icinga_scheduleddowntime`
--

LOCK TABLES `icinga_scheduleddowntime` WRITE;
/*!40000 ALTER TABLE `icinga_scheduleddowntime` DISABLE KEYS */;
/*!40000 ALTER TABLE `icinga_scheduleddowntime` ENABLE KEYS */;
UNLOCK TABLES;

--
-- Table structure for table `icinga_service_contactgroups`
--

DROP TABLE IF EXISTS `icinga_service_contactgroups`;
/*!40101 SET @saved_cs_client     = @@character_set_client */;
/*!40101 SET character_set_client = utf8 */;
CREATE TABLE `icinga_service_contactgroups` (
  `service_contactgroup_id` bigint(20) unsigned NOT NULL AUTO_INCREMENT,
  `instance_id` bigint(20) unsigned DEFAULT '0',
  `service_id` bigint(20) unsigned DEFAULT '0',
  `contactgroup_object_id` bigint(20) unsigned DEFAULT '0',
  PRIMARY KEY (`service_contactgroup_id`),
  KEY `service_contactgroups_i_id_idx` (`instance_id`),
  KEY `scgrps_sid_cgoid` (`service_id`,`contactgroup_object_id`)
) ENGINE=InnoDB AUTO_INCREMENT=552 DEFAULT CHARSET=latin1 COMMENT='Service contact groups';
/*!40101 SET character_set_client = @saved_cs_client */;

--
-- Dumping data for table `icinga_service_contactgroups`
--

LOCK TABLES `icinga_service_contactgroups` WRITE;
/*!40000 ALTER TABLE `icinga_service_contactgroups` DISABLE KEYS */;
INSERT INTO `icinga_service_contactgroups` VALUES (527,1,527,160),(528,1,528,160),(529,1,529,160),(530,1,530,160),(531,1,531,160),(532,1,532,160),(533,1,533,160),(534,1,534,160),(535,1,535,160),(536,1,536,160),(537,1,537,160),(538,1,538,160),(539,1,539,160),(540,1,540,160),(541,1,541,160),(542,1,542,160),(543,1,543,160),(544,1,544,160),(545,1,545,160),(546,1,546,160),(547,1,547,160),(548,1,548,160),(549,1,549,160),(550,1,550,160),(551,1,551,160);
/*!40000 ALTER TABLE `icinga_service_contactgroups` ENABLE KEYS */;
UNLOCK TABLES;

--
-- Table structure for table `icinga_service_contacts`
--

DROP TABLE IF EXISTS `icinga_service_contacts`;
/*!40101 SET @saved_cs_client     = @@character_set_client */;
/*!40101 SET character_set_client = utf8 */;
CREATE TABLE `icinga_service_contacts` (
  `service_contact_id` bigint(20) unsigned NOT NULL AUTO_INCREMENT,
  `instance_id` bigint(20) unsigned DEFAULT '0',
  `service_id` bigint(20) unsigned DEFAULT '0',
  `contact_object_id` bigint(20) unsigned DEFAULT '0',
  PRIMARY KEY (`service_contact_id`),
  KEY `service_contacts_i_id_idx` (`instance_id`)
) ENGINE=InnoDB DEFAULT CHARSET=latin1 COMMENT='Service contacts';
/*!40101 SET character_set_client = @saved_cs_client */;

--
-- Dumping data for table `icinga_service_contacts`
--

LOCK TABLES `icinga_service_contacts` WRITE;
/*!40000 ALTER TABLE `icinga_service_contacts` DISABLE KEYS */;
/*!40000 ALTER TABLE `icinga_service_contacts` ENABLE KEYS */;
UNLOCK TABLES;

--
-- Table structure for table `icinga_servicechecks`
--

DROP TABLE IF EXISTS `icinga_servicechecks`;
/*!40101 SET @saved_cs_client     = @@character_set_client */;
/*!40101 SET character_set_client = utf8 */;
CREATE TABLE `icinga_servicechecks` (
  `servicecheck_id` bigint(20) unsigned NOT NULL AUTO_INCREMENT,
  `instance_id` bigint(20) unsigned DEFAULT '0',
  `service_object_id` bigint(20) unsigned DEFAULT '0',
  `check_type` smallint(6) DEFAULT '0',
  `current_check_attempt` smallint(6) DEFAULT '0',
  `max_check_attempts` smallint(6) DEFAULT '0',
  `state` smallint(6) DEFAULT '0',
  `state_type` smallint(6) DEFAULT '0',
  `start_time` timestamp NOT NULL DEFAULT '0000-00-00 00:00:00',
  `start_time_usec` int(11) DEFAULT '0',
  `end_time` timestamp NOT NULL DEFAULT '0000-00-00 00:00:00',
  `end_time_usec` int(11) DEFAULT '0',
  `command_object_id` bigint(20) unsigned DEFAULT '0',
  `command_args` text,
  `command_line` text,
  `timeout` smallint(6) DEFAULT '0',
  `early_timeout` smallint(6) DEFAULT '0',
  `execution_time` double DEFAULT '0',
  `latency` double DEFAULT '0',
  `return_code` smallint(6) DEFAULT '0',
  `output` text,
  `long_output` text,
  `perfdata` text,
  PRIMARY KEY (`servicecheck_id`),
  KEY `servicechecks_i_id_idx` (`instance_id`),
  KEY `servicechecks_time_id_idx` (`start_time`),
  KEY `servicechks_s_obj_id_idx` (`service_object_id`)
) ENGINE=InnoDB DEFAULT CHARSET=latin1 COMMENT='Historical service checks';
/*!40101 SET character_set_client = @saved_cs_client */;

--
-- Dumping data for table `icinga_servicechecks`
--

LOCK TABLES `icinga_servicechecks` WRITE;
/*!40000 ALTER TABLE `icinga_servicechecks` DISABLE KEYS */;
/*!40000 ALTER TABLE `icinga_servicechecks` ENABLE KEYS */;
UNLOCK TABLES;

--
-- Table structure for table `icinga_servicedependencies`
--

DROP TABLE IF EXISTS `icinga_servicedependencies`;
/*!40101 SET @saved_cs_client     = @@character_set_client */;
/*!40101 SET character_set_client = utf8 */;
CREATE TABLE `icinga_servicedependencies` (
  `servicedependency_id` bigint(20) unsigned NOT NULL AUTO_INCREMENT,
  `instance_id` bigint(20) unsigned DEFAULT '0',
  `config_type` smallint(6) DEFAULT '0',
  `service_object_id` bigint(20) unsigned DEFAULT '0',
  `dependent_service_object_id` bigint(20) unsigned DEFAULT '0',
  `dependency_type` smallint(6) DEFAULT '0',
  `inherits_parent` smallint(6) DEFAULT '0',
  `timeperiod_object_id` bigint(20) unsigned DEFAULT '0',
  `fail_on_ok` smallint(6) DEFAULT '0',
  `fail_on_warning` smallint(6) DEFAULT '0',
  `fail_on_unknown` smallint(6) DEFAULT '0',
  `fail_on_critical` smallint(6) DEFAULT '0',
  PRIMARY KEY (`servicedependency_id`),
  UNIQUE KEY `instance_id` (`instance_id`,`config_type`,`service_object_id`,`dependent_service_object_id`,`dependency_type`,`inherits_parent`,`fail_on_ok`,`fail_on_warning`,`fail_on_unknown`,`fail_on_critical`)
) ENGINE=InnoDB DEFAULT CHARSET=latin1 COMMENT='Service dependency definitions';
/*!40101 SET character_set_client = @saved_cs_client */;

--
-- Dumping data for table `icinga_servicedependencies`
--

LOCK TABLES `icinga_servicedependencies` WRITE;
/*!40000 ALTER TABLE `icinga_servicedependencies` DISABLE KEYS */;
/*!40000 ALTER TABLE `icinga_servicedependencies` ENABLE KEYS */;
UNLOCK TABLES;

--
-- Table structure for table `icinga_serviceescalation_contactgroups`
--

DROP TABLE IF EXISTS `icinga_serviceescalation_contactgroups`;
/*!40101 SET @saved_cs_client     = @@character_set_client */;
/*!40101 SET character_set_client = utf8 */;
CREATE TABLE `icinga_serviceescalation_contactgroups` (
  `serviceescalation_contactgroup_id` bigint(20) unsigned NOT NULL AUTO_INCREMENT,
  `instance_id` bigint(20) unsigned DEFAULT '0',
  `serviceescalation_id` bigint(20) unsigned DEFAULT '0',
  `contactgroup_object_id` bigint(20) unsigned DEFAULT '0',
  PRIMARY KEY (`serviceescalation_contactgroup_id`),
  UNIQUE KEY `instance_id` (`serviceescalation_id`,`contactgroup_object_id`),
  KEY `serviceesc_cgroups_i_id_idx` (`instance_id`)
) ENGINE=InnoDB DEFAULT CHARSET=latin1 COMMENT='Service escalation contact groups';
/*!40101 SET character_set_client = @saved_cs_client */;

--
-- Dumping data for table `icinga_serviceescalation_contactgroups`
--

LOCK TABLES `icinga_serviceescalation_contactgroups` WRITE;
/*!40000 ALTER TABLE `icinga_serviceescalation_contactgroups` DISABLE KEYS */;
/*!40000 ALTER TABLE `icinga_serviceescalation_contactgroups` ENABLE KEYS */;
UNLOCK TABLES;

--
-- Table structure for table `icinga_serviceescalation_contacts`
--

DROP TABLE IF EXISTS `icinga_serviceescalation_contacts`;
/*!40101 SET @saved_cs_client     = @@character_set_client */;
/*!40101 SET character_set_client = utf8 */;
CREATE TABLE `icinga_serviceescalation_contacts` (
  `serviceescalation_contact_id` bigint(20) unsigned NOT NULL AUTO_INCREMENT,
  `instance_id` bigint(20) unsigned DEFAULT '0',
  `serviceescalation_id` bigint(20) unsigned DEFAULT '0',
  `contact_object_id` bigint(20) unsigned DEFAULT '0',
  PRIMARY KEY (`serviceescalation_contact_id`),
  UNIQUE KEY `instance_id` (`instance_id`,`serviceescalation_id`,`contact_object_id`),
  KEY `serviceesc_contacts_i_id_idx` (`instance_id`)
) ENGINE=InnoDB DEFAULT CHARSET=latin1 COMMENT='Service escalation contacts';
/*!40101 SET character_set_client = @saved_cs_client */;

--
-- Dumping data for table `icinga_serviceescalation_contacts`
--

LOCK TABLES `icinga_serviceescalation_contacts` WRITE;
/*!40000 ALTER TABLE `icinga_serviceescalation_contacts` DISABLE KEYS */;
/*!40000 ALTER TABLE `icinga_serviceescalation_contacts` ENABLE KEYS */;
UNLOCK TABLES;

--
-- Table structure for table `icinga_serviceescalations`
--

DROP TABLE IF EXISTS `icinga_serviceescalations`;
/*!40101 SET @saved_cs_client     = @@character_set_client */;
/*!40101 SET character_set_client = utf8 */;
CREATE TABLE `icinga_serviceescalations` (
  `serviceescalation_id` bigint(20) unsigned NOT NULL AUTO_INCREMENT,
  `instance_id` bigint(20) unsigned DEFAULT '0',
  `config_type` smallint(6) DEFAULT '0',
  `service_object_id` bigint(20) unsigned DEFAULT '0',
  `timeperiod_object_id` bigint(20) unsigned DEFAULT '0',
  `first_notification` smallint(6) DEFAULT '0',
  `last_notification` smallint(6) DEFAULT '0',
  `notification_interval` double DEFAULT '0',
  `escalate_on_recovery` smallint(6) DEFAULT '0',
  `escalate_on_warning` smallint(6) DEFAULT '0',
  `escalate_on_unknown` smallint(6) DEFAULT '0',
  `escalate_on_critical` smallint(6) DEFAULT '0',
  PRIMARY KEY (`serviceescalation_id`),
  UNIQUE KEY `instance_id` (`instance_id`,`config_type`,`service_object_id`,`timeperiod_object_id`,`first_notification`,`last_notification`),
  KEY `serviceesc_i_id_idx` (`instance_id`)
) ENGINE=InnoDB DEFAULT CHARSET=latin1 COMMENT='Service escalation definitions';
/*!40101 SET character_set_client = @saved_cs_client */;

--
-- Dumping data for table `icinga_serviceescalations`
--

LOCK TABLES `icinga_serviceescalations` WRITE;
/*!40000 ALTER TABLE `icinga_serviceescalations` DISABLE KEYS */;
/*!40000 ALTER TABLE `icinga_serviceescalations` ENABLE KEYS */;
UNLOCK TABLES;

--
-- Table structure for table `icinga_servicegroup_members`
--

DROP TABLE IF EXISTS `icinga_servicegroup_members`;
/*!40101 SET @saved_cs_client     = @@character_set_client */;
/*!40101 SET character_set_client = utf8 */;
CREATE TABLE `icinga_servicegroup_members` (
  `servicegroup_member_id` bigint(20) unsigned NOT NULL AUTO_INCREMENT,
  `instance_id` bigint(20) unsigned DEFAULT '0',
  `servicegroup_id` bigint(20) unsigned DEFAULT '0',
  `service_object_id` bigint(20) unsigned DEFAULT '0',
  PRIMARY KEY (`servicegroup_member_id`),
  KEY `servicegroup_members_i_id_idx` (`instance_id`),
  KEY `sgmbrs_sgid_soid` (`servicegroup_id`,`service_object_id`)
) ENGINE=InnoDB DEFAULT CHARSET=latin1 COMMENT='Servicegroup members';
/*!40101 SET character_set_client = @saved_cs_client */;

--
-- Dumping data for table `icinga_servicegroup_members`
--

LOCK TABLES `icinga_servicegroup_members` WRITE;
/*!40000 ALTER TABLE `icinga_servicegroup_members` DISABLE KEYS */;
/*!40000 ALTER TABLE `icinga_servicegroup_members` ENABLE KEYS */;
UNLOCK TABLES;

--
-- Table structure for table `icinga_servicegroups`
--

DROP TABLE IF EXISTS `icinga_servicegroups`;
/*!40101 SET @saved_cs_client     = @@character_set_client */;
/*!40101 SET character_set_client = utf8 */;
CREATE TABLE `icinga_servicegroups` (
  `servicegroup_id` bigint(20) unsigned NOT NULL AUTO_INCREMENT,
  `instance_id` bigint(20) unsigned DEFAULT '0',
  `config_type` smallint(6) DEFAULT '0',
  `servicegroup_object_id` bigint(20) unsigned DEFAULT '0',
  `alias` text,
  PRIMARY KEY (`servicegroup_id`),
  UNIQUE KEY `instance_id` (`instance_id`,`config_type`,`servicegroup_object_id`),
  KEY `servicegroups_i_id_idx` (`instance_id`)
) ENGINE=InnoDB DEFAULT CHARSET=latin1 COMMENT='Servicegroup definitions';
/*!40101 SET character_set_client = @saved_cs_client */;

--
-- Dumping data for table `icinga_servicegroups`
--

LOCK TABLES `icinga_servicegroups` WRITE;
/*!40000 ALTER TABLE `icinga_servicegroups` DISABLE KEYS */;
/*!40000 ALTER TABLE `icinga_servicegroups` ENABLE KEYS */;
UNLOCK TABLES;

--
-- Table structure for table `icinga_services`
--

DROP TABLE IF EXISTS `icinga_services`;
/*!40101 SET @saved_cs_client     = @@character_set_client */;
/*!40101 SET character_set_client = utf8 */;
CREATE TABLE `icinga_services` (
  `service_id` bigint(20) unsigned NOT NULL AUTO_INCREMENT,
  `instance_id` bigint(20) unsigned DEFAULT '0',
  `config_type` smallint(6) DEFAULT '0',
  `host_object_id` bigint(20) unsigned DEFAULT '0',
  `service_object_id` bigint(20) unsigned DEFAULT '0',
  `display_name` varchar(255) CHARACTER SET latin1 COLLATE latin1_general_cs DEFAULT '',
  `check_command_object_id` bigint(20) unsigned DEFAULT '0',
  `check_command_args` text,
  `eventhandler_command_object_id` bigint(20) unsigned DEFAULT '0',
  `eventhandler_command_args` text,
  `notification_timeperiod_object_id` bigint(20) unsigned DEFAULT '0',
  `check_timeperiod_object_id` bigint(20) unsigned DEFAULT '0',
  `failure_prediction_options` varchar(64) DEFAULT '',
  `check_interval` double DEFAULT '0',
  `retry_interval` double DEFAULT '0',
  `max_check_attempts` smallint(6) DEFAULT '0',
  `first_notification_delay` double DEFAULT '0',
  `notification_interval` double DEFAULT '0',
  `notify_on_warning` smallint(6) DEFAULT '0',
  `notify_on_unknown` smallint(6) DEFAULT '0',
  `notify_on_critical` smallint(6) DEFAULT '0',
  `notify_on_recovery` smallint(6) DEFAULT '0',
  `notify_on_flapping` smallint(6) DEFAULT '0',
  `notify_on_downtime` smallint(6) DEFAULT '0',
  `stalk_on_ok` smallint(6) DEFAULT '0',
  `stalk_on_warning` smallint(6) DEFAULT '0',
  `stalk_on_unknown` smallint(6) DEFAULT '0',
  `stalk_on_critical` smallint(6) DEFAULT '0',
  `is_volatile` smallint(6) DEFAULT '0',
  `flap_detection_enabled` smallint(6) DEFAULT '0',
  `flap_detection_on_ok` smallint(6) DEFAULT '0',
  `flap_detection_on_warning` smallint(6) DEFAULT '0',
  `flap_detection_on_unknown` smallint(6) DEFAULT '0',
  `flap_detection_on_critical` smallint(6) DEFAULT '0',
  `low_flap_threshold` double DEFAULT '0',
  `high_flap_threshold` double DEFAULT '0',
  `process_performance_data` smallint(6) DEFAULT '0',
  `freshness_checks_enabled` smallint(6) DEFAULT '0',
  `freshness_threshold` smallint(6) DEFAULT '0',
  `passive_checks_enabled` smallint(6) DEFAULT '0',
  `event_handler_enabled` smallint(6) DEFAULT '0',
  `active_checks_enabled` smallint(6) DEFAULT '0',
  `retain_status_information` smallint(6) DEFAULT '0',
  `retain_nonstatus_information` smallint(6) DEFAULT '0',
  `notifications_enabled` smallint(6) DEFAULT '0',
  `obsess_over_service` smallint(6) DEFAULT '0',
  `failure_prediction_enabled` smallint(6) DEFAULT '0',
  `notes` text,
  `notes_url` text,
  `action_url` text,
  `icon_image` text,
  `icon_image_alt` text,
  PRIMARY KEY (`service_id`),
  UNIQUE KEY `instance_id` (`instance_id`,`config_type`,`service_object_id`),
  KEY `service_object_id` (`service_object_id`),
  KEY `services_i_id_idx` (`instance_id`),
  KEY `services_host_object_id_idx` (`host_object_id`),
  KEY `services_combined_object_idx` (`service_object_id`,`host_object_id`)
) ENGINE=InnoDB AUTO_INCREMENT=552 DEFAULT CHARSET=latin1 COMMENT='Service definitions';
/*!40101 SET character_set_client = @saved_cs_client */;

--
-- Dumping data for table `icinga_services`
--

LOCK TABLES `icinga_services` WRITE;
/*!40000 ALTER TABLE `icinga_services` DISABLE KEYS */;
INSERT INTO `icinga_services` VALUES (527,1,1,173,174,'Current Load',60,'5.0!4.0!3.0!10.0!6.0!4.0',0,'',155,155,'',5,1,4,0,0,1,1,1,1,0,0,0,0,0,0,0,1,1,1,1,1,0,0,1,0,0,1,1,1,1,1,1,1,1,'','','','',''),(528,1,1,173,175,'Current Users',127,'20!50',0,'',155,155,'',5,1,4,0,0,1,1,1,1,0,0,0,0,0,0,0,1,1,1,1,1,0,0,1,0,0,1,1,1,1,1,1,1,1,'','','','',''),(529,1,1,173,176,'Disk Space',12,'20%!10%',0,'',155,155,'',5,1,4,0,0,1,1,1,1,0,0,0,0,0,0,0,1,1,1,1,1,0,0,1,0,0,1,1,1,1,1,1,1,1,'','','','',''),(530,1,1,173,178,'SSH',113,'',0,'',155,155,'',5,1,4,0,0,1,1,1,1,0,0,0,0,0,0,0,1,1,1,1,1,0,0,1,0,0,1,1,1,1,1,1,1,1,'','','','',''),(531,1,1,173,177,'Total Processes',98,'250!400',0,'',155,155,'',5,1,4,0,0,1,1,1,1,0,0,0,0,0,0,0,1,1,1,1,1,0,0,1,0,0,1,1,1,1,1,1,1,1,'','','','',''),(532,1,1,179,181,'Current Load',60,'5.0!4.0!3.0!10.0!6.0!4.0',0,'',155,155,'',5,1,4,0,0,1,1,1,1,0,0,0,0,0,0,0,1,1,1,1,1,0,0,1,0,0,1,1,1,1,1,1,1,1,'','','','',''),(533,1,1,179,182,'Current Users',127,'20!50',0,'',155,155,'',5,1,4,0,0,1,1,1,1,0,0,0,0,0,0,0,1,1,1,1,1,0,0,1,0,0,1,1,1,1,1,1,1,1,'','','','',''),(534,1,1,179,183,'Disk Space',12,'20%!10%',0,'',155,155,'',5,1,4,0,0,1,1,1,1,0,0,0,0,0,0,0,1,1,1,1,1,0,0,1,0,0,1,1,1,1,1,1,1,1,'','','','',''),(535,1,1,179,185,'SSH',113,'',0,'',155,155,'',5,1,4,0,0,1,1,1,1,0,0,0,0,0,0,0,1,1,1,1,1,0,0,1,0,0,1,1,1,1,1,1,1,1,'','','','',''),(536,1,1,179,184,'Total Processes',98,'250!400',0,'',155,155,'',5,1,4,0,0,1,1,1,1,0,0,0,0,0,0,0,1,1,1,1,1,0,0,1,0,0,1,1,1,1,1,1,1,1,'','','','',''),(537,1,1,196,197,'Current Load',60,'5.0!4.0!3.0!10.0!6.0!4.0',0,'',155,155,'',5,1,4,0,0,1,1,1,1,0,0,0,0,0,0,0,1,1,1,1,1,0,0,1,0,0,1,1,1,1,1,1,1,1,'','','','',''),(538,1,1,196,198,'Current Users',127,'20!50',0,'',155,155,'',5,1,4,0,0,1,1,1,1,0,0,0,0,0,0,0,1,1,1,1,1,0,0,1,0,0,1,1,1,1,1,1,1,1,'','','','',''),(539,1,1,196,199,'Disk Space',12,'20%!10%',0,'',155,155,'',5,1,4,0,0,1,1,1,1,0,0,0,0,0,0,0,1,1,1,1,1,0,0,1,0,0,1,1,1,1,1,1,1,1,'','','','',''),(540,1,1,196,200,'SSH',113,'',0,'',155,155,'',5,1,4,0,0,1,1,1,1,0,0,0,0,0,0,0,1,1,1,1,1,0,0,1,0,0,1,1,1,1,1,1,1,1,'','','','',''),(541,1,1,196,201,'Total Processes',98,'250!400',0,'',155,155,'',5,1,4,0,0,1,1,1,1,0,0,0,0,0,0,0,1,1,1,1,1,0,0,1,0,0,1,1,1,1,1,1,1,1,'','','','',''),(542,1,1,203,205,'HTTP',36,'',0,'',155,155,'',5,1,4,0,0,1,1,1,1,0,0,0,0,0,0,0,1,1,1,1,1,0,0,1,0,0,1,1,1,1,1,1,1,1,'','','','',''),(543,1,1,203,206,'SSH',113,'',0,'',155,155,'',5,1,4,0,0,1,1,1,1,0,0,0,0,0,0,0,1,1,1,1,1,0,0,1,0,0,1,1,1,1,1,1,1,1,'','','','',''),(544,1,1,186,187,'Current Load',60,'5.0!4.0!3.0!10.0!6.0!4.0',0,'',155,155,'',5,1,4,0,0,1,1,1,1,0,0,0,0,0,0,0,1,1,1,1,1,0,0,1,0,0,1,1,1,1,1,1,1,1,'','','','',''),(545,1,1,186,188,'Current Users',127,'20!50',0,'',155,155,'',5,1,4,0,0,1,1,1,1,0,0,0,0,0,0,0,1,1,1,1,1,0,0,1,0,0,1,1,1,1,1,1,1,1,'','','','',''),(546,1,1,186,189,'Disk Space',12,'20%!10%',0,'',155,155,'',5,1,4,0,0,1,1,1,1,0,0,0,0,0,0,0,1,1,1,1,1,0,0,1,0,0,1,1,1,1,1,1,1,1,'','','','',''),(547,1,1,186,190,'HTTP',36,'',0,'',155,155,'',5,1,4,0,0,1,1,1,1,0,0,0,0,0,0,0,1,1,1,1,1,0,0,1,0,0,1,1,1,1,1,1,1,1,'','','','',''),(548,1,1,186,191,'SSH',113,'',0,'',155,155,'',5,1,4,0,0,1,1,1,1,0,0,0,0,0,0,0,1,1,1,1,1,0,0,1,0,0,1,1,1,1,1,1,1,1,'','','','',''),(549,1,1,186,192,'Total Processes',98,'250!400',0,'',155,155,'',5,1,4,0,0,1,1,1,1,0,0,0,0,0,0,0,1,1,1,1,1,0,0,1,0,0,1,1,1,1,1,1,1,1,'','','','',''),(550,1,1,186,193,'ido2db Process',61,'2:2!1:3',0,'',155,155,'',10,2,3,0,60,1,1,1,1,0,0,0,0,0,0,0,1,1,1,1,1,0,0,1,0,0,1,1,1,1,1,1,1,1,'','','','',''),(551,1,1,204,207,'SSH',113,'',0,'',155,155,'',5,1,4,0,0,1,1,1,1,0,0,0,0,0,0,0,1,1,1,1,1,0,0,1,0,0,1,1,1,1,1,1,1,1,'','','','','');
/*!40000 ALTER TABLE `icinga_services` ENABLE KEYS */;
UNLOCK TABLES;

--
-- Table structure for table `icinga_servicestatus`
--

DROP TABLE IF EXISTS `icinga_servicestatus`;
/*!40101 SET @saved_cs_client     = @@character_set_client */;
/*!40101 SET character_set_client = utf8 */;
CREATE TABLE `icinga_servicestatus` (
  `servicestatus_id` bigint(20) unsigned NOT NULL AUTO_INCREMENT,
  `instance_id` bigint(20) unsigned DEFAULT '0',
  `service_object_id` bigint(20) unsigned DEFAULT '0',
  `status_update_time` timestamp NOT NULL DEFAULT '0000-00-00 00:00:00',
  `output` text,
  `long_output` text,
  `perfdata` text,
  `check_source` text,
  `current_state` smallint(6) DEFAULT '0',
  `has_been_checked` smallint(6) DEFAULT '0',
  `should_be_scheduled` smallint(6) DEFAULT '0',
  `current_check_attempt` smallint(6) DEFAULT '0',
  `max_check_attempts` smallint(6) DEFAULT '0',
  `last_check` timestamp NOT NULL DEFAULT '0000-00-00 00:00:00',
  `next_check` timestamp NOT NULL DEFAULT '0000-00-00 00:00:00',
  `check_type` smallint(6) DEFAULT '0',
  `last_state_change` timestamp NOT NULL DEFAULT '0000-00-00 00:00:00',
  `last_hard_state_change` timestamp NOT NULL DEFAULT '0000-00-00 00:00:00',
  `last_hard_state` smallint(6) DEFAULT '0',
  `last_time_ok` timestamp NOT NULL DEFAULT '0000-00-00 00:00:00',
  `last_time_warning` timestamp NOT NULL DEFAULT '0000-00-00 00:00:00',
  `last_time_unknown` timestamp NOT NULL DEFAULT '0000-00-00 00:00:00',
  `last_time_critical` timestamp NOT NULL DEFAULT '0000-00-00 00:00:00',
  `state_type` smallint(6) DEFAULT '0',
  `last_notification` timestamp NOT NULL DEFAULT '0000-00-00 00:00:00',
  `next_notification` timestamp NOT NULL DEFAULT '0000-00-00 00:00:00',
  `no_more_notifications` smallint(6) DEFAULT '0',
  `notifications_enabled` smallint(6) DEFAULT '0',
  `problem_has_been_acknowledged` smallint(6) DEFAULT '0',
  `acknowledgement_type` smallint(6) DEFAULT '0',
  `current_notification_number` smallint(6) DEFAULT '0',
  `passive_checks_enabled` smallint(6) DEFAULT '0',
  `active_checks_enabled` smallint(6) DEFAULT '0',
  `event_handler_enabled` smallint(6) DEFAULT '0',
  `flap_detection_enabled` smallint(6) DEFAULT '0',
  `is_flapping` smallint(6) DEFAULT '0',
  `percent_state_change` double DEFAULT '0',
  `latency` double DEFAULT '0',
  `execution_time` double DEFAULT '0',
  `scheduled_downtime_depth` smallint(6) DEFAULT '0',
  `failure_prediction_enabled` smallint(6) DEFAULT '0',
  `process_performance_data` smallint(6) DEFAULT '0',
  `obsess_over_service` smallint(6) DEFAULT '0',
  `modified_service_attributes` int(11) DEFAULT '0',
  `event_handler` text,
  `check_command` text,
  `normal_check_interval` double DEFAULT '0',
  `retry_check_interval` double DEFAULT '0',
  `check_timeperiod_object_id` bigint(20) unsigned DEFAULT '0',
  PRIMARY KEY (`servicestatus_id`),
  UNIQUE KEY `object_id` (`service_object_id`),
  KEY `servicestatus_i_id_idx` (`instance_id`),
  KEY `srvcstatus_stat_upd_time_idx` (`status_update_time`),
  KEY `srvcstatus_current_state_idx` (`current_state`),
  KEY `srvcstatus_check_type_idx` (`check_type`),
  KEY `srvcstatus_state_type_idx` (`state_type`),
  KEY `srvcstatus_last_state_chg_idx` (`last_state_change`),
  KEY `srvcstatus_notif_enabled_idx` (`notifications_enabled`),
  KEY `srvcstatus_problem_ack_idx` (`problem_has_been_acknowledged`),
  KEY `srvcstatus_act_chks_en_idx` (`active_checks_enabled`),
  KEY `srvcstatus_pas_chks_en_idx` (`passive_checks_enabled`),
  KEY `srvcstatus_event_hdl_en_idx` (`event_handler_enabled`),
  KEY `srvcstatus_flap_det_en_idx` (`flap_detection_enabled`),
  KEY `srvcstatus_is_flapping_idx` (`is_flapping`),
  KEY `srvcstatus_p_state_chg_idx` (`percent_state_change`),
  KEY `srvcstatus_latency_idx` (`latency`),
  KEY `srvcstatus_ex_time_idx` (`execution_time`),
  KEY `srvcstatus_sch_downt_d_idx` (`scheduled_downtime_depth`)
) ENGINE=InnoDB AUTO_INCREMENT=33 DEFAULT CHARSET=latin1 COMMENT='Current service status information';
/*!40101 SET character_set_client = @saved_cs_client */;

--
-- Dumping data for table `icinga_servicestatus`
--

LOCK TABLES `icinga_servicestatus` WRITE;
/*!40000 ALTER TABLE `icinga_servicestatus` DISABLE KEYS */;
INSERT INTO `icinga_servicestatus` VALUES (1,1,166,'2015-07-03 10:40:08','OK - load average: 0.00, 0.01, 0.05','','load1=0.000;5.000;10.000;0; load5=0.010;4.000;6.000;0; load15=0.050;3.000;4.000;0;',NULL,0,1,1,1,4,'2015-07-03 10:39:59','2015-07-03 10:44:59',0,'2015-07-03 09:53:54','2015-07-03 09:53:54',0,'2015-07-03 10:39:59','0000-00-00 00:00:00','0000-00-00 00:00:00','0000-00-00 00:00:00',1,'0000-00-00 00:00:00','0000-00-00 00:00:00',0,1,0,0,0,1,1,1,1,0,0,0.192,0.007,0,1,1,1,0,'','check_load!5.0!4.0!3.0!10.0!6.0!4.0',5,1,155),(2,1,167,'2015-07-03 10:40:08','USERS OK - 1 users currently logged in','','users=1;20;50;0',NULL,0,1,1,1,4,'2015-07-03 10:39:43','2015-07-03 10:44:43',0,'2015-07-03 09:54:43','2015-07-03 09:54:43',0,'2015-07-03 10:39:43','0000-00-00 00:00:00','0000-00-00 00:00:00','0000-00-00 00:00:00',1,'0000-00-00 00:00:00','0000-00-00 00:00:00',0,1,0,0,0,1,1,1,1,0,0,0.147,0.005,0,1,1,1,0,'','check_users!20!50',5,1,155),(3,1,168,'2015-07-03 10:40:08','DISK OK','','/=1749MB;7153;8047;0;8942 /sys/fs/cgroup=0MB;0;0;0;0 /dev=0MB;393;442;0;492 /run=0MB;80;90;0;100 /run/lock=0MB;4;4;0;5 /run/shm=0MB;400;450;0;501 /run/user=0MB;80;90;0;100',NULL,0,1,1,1,4,'2015-07-03 10:37:22','2015-07-03 10:42:22',0,'2015-07-03 09:55:32','2015-07-03 09:55:32',0,'2015-07-03 10:37:22','0000-00-00 00:00:00','0000-00-00 00:00:00','0000-00-00 00:00:00',1,'0000-00-00 00:00:00','0000-00-00 00:00:00',0,1,0,0,0,1,1,1,1,0,0,0.181,0.007,0,1,1,1,0,'','check_all_disks!20%!10%',5,1,155),(4,1,169,'2015-07-03 10:41:28','HTTP OK: HTTP/1.1 200 OK - 11783 bytes in 0.000 second response time','','time=0.000447s;;;0.000000 size=11783B;;;0',NULL,0,1,1,1,4,'2015-07-03 10:41:21','2015-07-03 10:46:21',0,'2015-07-03 09:56:21','2015-07-03 09:56:21',0,'2015-07-03 10:41:21','0000-00-00 00:00:00','0000-00-00 00:00:00','0000-00-00 00:00:00',1,'0000-00-00 00:00:00','0000-00-00 00:00:00',0,1,0,0,0,1,1,1,1,0,0,0.161,0.00423,0,1,1,1,0,'','check_http',5,1,155),(5,1,170,'2015-07-03 10:40:08','SSH OK - OpenSSH_6.6.1p1 Ubuntu-2ubuntu2 (protocol 2.0)','','time=0.010563s;;;0.000000;10.000000',NULL,0,1,1,1,4,'2015-07-03 10:37:10','2015-07-03 10:42:10',0,'2015-07-03 09:57:10','2015-07-03 09:57:10',0,'2015-07-03 10:37:10','0000-00-00 00:00:00','0000-00-00 00:00:00','0000-00-00 00:00:00',1,'0000-00-00 00:00:00','0000-00-00 00:00:00',0,1,0,0,0,1,1,1,1,0,0,0.16,0.016,0,1,1,1,0,'','check_ssh',5,1,155),(6,1,171,'2015-07-03 10:40:08','PROCS OK: 100 processes','','procs=100;250;400;0;',NULL,0,1,1,1,4,'2015-07-03 10:37:59','2015-07-03 10:42:59',0,'2015-07-03 09:57:59','2015-07-03 09:57:59',0,'2015-07-03 10:37:59','0000-00-00 00:00:00','0000-00-00 00:00:00','0000-00-00 00:00:00',1,'0000-00-00 00:00:00','0000-00-00 00:00:00',0,1,0,0,0,1,1,1,1,0,0,0.008,0.014,0,1,1,1,0,'','check_procs!250!400',5,1,155),(7,1,172,'2015-07-03 10:40:08','PROCS OK: 2 processes with command name \'ido2db\'','','procs=2;2:2;1:3;0;',NULL,0,1,1,1,3,'2015-07-03 10:38:48','2015-07-03 10:48:48',0,'2015-07-03 09:58:48','2015-07-03 09:58:48',0,'2015-07-03 10:38:48','0000-00-00 00:00:00','0000-00-00 00:00:00','0000-00-00 00:00:00',1,'0000-00-00 00:00:00','0000-00-00 00:00:00',0,1,0,0,0,1,1,1,1,0,0,0.2,0.012,0,1,1,1,0,'','check_local_ido2db!2:2!1:3',10,2,155),(8,1,174,'2015-07-05 12:33:28','OK - load average: 0.01, 0.05, 0.06','','load1=0.010;5.000;10.000;0; load5=0.050;4.000;6.000;0; load15=0.060;3.000;4.000;0;',NULL,0,1,1,1,4,'2015-07-05 12:33:20','2015-07-05 12:38:20',0,'2015-07-03 10:28:16','2015-07-03 10:28:16',0,'2015-07-05 12:33:20','0000-00-00 00:00:00','0000-00-00 00:00:00','0000-00-00 00:00:00',1,'0000-00-00 00:00:00','0000-00-00 00:00:00',0,1,0,0,0,1,1,1,1,0,0,0.085,0.00707,0,1,1,1,0,'','check_load!5.0!4.0!3.0!10.0!6.0!4.0',5,1,155),(9,1,175,'2015-07-05 12:32:18','USERS OK - 1 users currently logged in','','users=1;20;50;0',NULL,0,1,1,1,4,'2015-07-05 11:52:23','2015-07-05 12:34:22',0,'2015-07-03 10:29:16','2015-07-03 10:29:16',0,'2015-07-05 11:52:23','0000-00-00 00:00:00','0000-00-00 00:00:00','0000-00-00 00:00:00',1,'0000-00-00 00:00:00','0000-00-00 00:00:00',0,1,0,0,0,1,1,1,1,0,0,0.125,0.005,0,1,1,1,0,'','check_users!20!50',5,1,155),(10,1,176,'2015-07-05 12:32:18','DISK OK','','/=1779MB;7153;8047;0;8942 /sys/fs/cgroup=0MB;0;0;0;0 /dev=0MB;393;442;0;492 /run=0MB;80;90;0;100 /run/lock=0MB;4;4;0;5 /run/shm=0MB;400;450;0;501 /run/user=0MB;80;90;0;100 /var/log/files=1543MB;7153;8047;0;8942',NULL,0,1,1,1,4,'2015-07-05 11:53:20','2015-07-05 12:35:25',0,'2015-07-03 10:30:15','2015-07-03 10:30:15',0,'2015-07-05 11:53:20','0000-00-00 00:00:00','0000-00-00 00:00:00','0000-00-00 00:00:00',1,'0000-00-00 00:00:00','0000-00-00 00:00:00',0,1,0,0,0,1,1,1,1,0,0,0.135,0.013,0,1,1,1,0,'','check_all_disks!20%!10%',5,1,155),(11,1,177,'2015-07-05 12:32:18','PROCS OK: 102 processes','','procs=102;250;400;0;',NULL,0,1,1,1,4,'2015-07-05 11:50:14','2015-07-05 12:37:30',0,'2015-07-03 10:31:15','2015-07-03 10:31:15',0,'2015-07-05 11:50:14','0000-00-00 00:00:00','0000-00-00 00:00:00','0000-00-00 00:00:00',1,'0000-00-00 00:00:00','0000-00-00 00:00:00',0,1,0,0,0,1,1,1,1,0,0,0.09,0.016,0,1,1,1,0,'','check_procs!250!400',5,1,155),(12,1,178,'2015-07-05 12:32:18','SSH OK - OpenSSH_6.6.1p1 Ubuntu-2ubuntu2 (protocol 2.0)','','time=0.013893s;;;0.000000;10.000000',NULL,0,1,1,1,4,'2015-07-05 11:49:17','2015-07-05 12:36:27',0,'2015-07-03 10:31:28','2015-07-03 10:31:28',0,'2015-07-05 11:49:17','0000-00-00 00:00:00','0000-00-00 00:00:00','0000-00-00 00:00:00',1,'0000-00-00 00:00:00','0000-00-00 00:00:00',0,1,0,0,0,1,1,1,1,0,0,0.101,0.02,0,1,1,1,0,'','check_ssh',5,1,155),(13,1,181,'2015-07-05 12:32:18','OK - load average: 0.00, 0.01, 0.05','','load1=0.000;5.000;10.000;0; load5=0.010;4.000;6.000;0; load15=0.050;3.000;4.000;0;',NULL,0,1,1,1,4,'2015-07-05 11:51:11','2015-07-05 12:33:32',0,'2015-07-03 10:40:45','2015-07-03 10:40:45',0,'2015-07-05 11:51:11','0000-00-00 00:00:00','0000-00-00 00:00:00','0000-00-00 00:00:00',1,'0000-00-00 00:00:00','0000-00-00 00:00:00',0,1,0,0,0,1,1,1,1,0,0,0.054,0.006,0,1,1,1,0,'','check_load!5.0!4.0!3.0!10.0!6.0!4.0',5,1,155),(14,1,182,'2015-07-05 12:32:18','USERS OK - 1 users currently logged in','','users=1;20;50;0',NULL,0,1,1,1,4,'2015-07-05 11:51:40','2015-07-05 12:34:35',0,'2015-07-03 10:41:26','2015-07-03 10:41:26',0,'2015-07-05 11:51:40','0000-00-00 00:00:00','0000-00-00 00:00:00','0000-00-00 00:00:00',1,'0000-00-00 00:00:00','0000-00-00 00:00:00',0,1,0,0,0,1,1,1,1,0,0,0.223,0.007,0,1,1,1,0,'','check_users!20!50',5,1,155),(15,1,183,'2015-07-05 12:32:18','DISK OK','','/=1778MB;7153;8047;0;8942 /sys/fs/cgroup=0MB;0;0;0;0 /dev=0MB;393;442;0;492 /run=0MB;80;90;0;100 /run/lock=0MB;4;4;0;5 /run/shm=0MB;400;450;0;501 /run/user=0MB;80;90;0;100 /var/log/files=1539MB;7153;8047;0;8942',NULL,0,1,1,1,4,'2015-07-05 11:52:37','2015-07-05 12:35:37',0,'2015-07-03 10:44:20','2015-07-03 10:44:20',0,'2015-07-05 11:52:37','0000-00-00 00:00:00','0000-00-00 00:00:00','0000-00-00 00:00:00',1,'0000-00-00 00:00:00','0000-00-00 00:00:00',0,1,0,0,0,1,1,1,1,0,0,0.189,0.007,0,1,1,1,0,'','check_all_disks!20%!10%',5,1,155),(16,1,184,'2015-07-05 12:32:18','PROCS OK: 102 processes','','procs=102;250;400;0;',NULL,0,1,1,1,4,'2015-07-05 11:49:31','2015-07-05 12:37:42',0,'2015-07-03 10:43:26','2015-07-03 10:43:26',0,'2015-07-05 11:49:31','0000-00-00 00:00:00','0000-00-00 00:00:00','0000-00-00 00:00:00',1,'0000-00-00 00:00:00','0000-00-00 00:00:00',0,1,0,0,0,1,1,1,1,0,0,0.178,0.013,0,1,1,1,0,'','check_procs!250!400',5,1,155),(17,1,185,'2015-07-05 12:32:18','SSH OK - OpenSSH_6.6.1p1 Ubuntu-2ubuntu2 (protocol 2.0)','','time=0.013026s;;;0.000000;10.000000',NULL,0,1,1,1,4,'2015-07-05 11:53:34','2015-07-05 12:36:40',0,'2015-07-05 10:53:34','2015-07-05 10:53:34',0,'2015-07-05 11:53:34','0000-00-00 00:00:00','2015-07-03 11:32:04','2015-07-04 15:26:00',1,'0000-00-00 00:00:00','0000-00-00 00:00:00',0,1,0,0,0,1,1,1,1,0,4.67105,0.197,0.02,0,1,1,1,0,'','check_ssh',5,1,155),(18,1,187,'2015-07-05 12:32:18','OK - load average: 0.00, 0.01, 0.05','','load1=0.000;5.000;10.000;0; load5=0.010;4.000;6.000;0; load15=0.050;3.000;4.000;0;',NULL,0,1,1,1,4,'2015-07-05 11:49:45','2015-07-05 12:36:02',0,'2015-07-03 10:45:16','2015-07-03 10:45:16',0,'2015-07-05 11:49:45','0000-00-00 00:00:00','0000-00-00 00:00:00','0000-00-00 00:00:00',1,'0000-00-00 00:00:00','0000-00-00 00:00:00',0,1,0,0,0,1,1,1,1,0,0,0.24,0.009,0,1,1,1,0,'','check_load!5.0!4.0!3.0!10.0!6.0!4.0',5,1,155),(19,1,188,'2015-07-05 12:32:18','USERS OK - 1 users currently logged in','','users=1;20;50;0',NULL,0,1,1,1,4,'2015-07-05 11:50:42','2015-07-05 12:37:05',0,'2015-07-03 10:46:12','2015-07-03 10:46:12',0,'2015-07-05 11:50:42','0000-00-00 00:00:00','0000-00-00 00:00:00','0000-00-00 00:00:00',1,'0000-00-00 00:00:00','0000-00-00 00:00:00',0,1,0,0,0,1,1,1,1,0,0,0.193,0.005,0,1,1,1,0,'','check_users!20!50',5,1,155),(20,1,189,'2015-07-05 12:32:18','DISK OK','','/=1778MB;7153;8047;0;8942 /sys/fs/cgroup=0MB;0;0;0;0 /dev=0MB;393;442;0;492 /run=0MB;80;90;0;100 /run/lock=0MB;4;4;0;5 /run/shm=0MB;400;450;0;501 /run/user=0MB;80;90;0;100 /var/log/files=1539MB;7153;8047;0;8942',NULL,0,1,1,1,4,'2015-07-05 11:51:39','2015-07-05 12:38:07',0,'2015-07-03 10:47:08','2015-07-03 10:47:08',0,'2015-07-05 11:51:39','0000-00-00 00:00:00','0000-00-00 00:00:00','0000-00-00 00:00:00',1,'0000-00-00 00:00:00','0000-00-00 00:00:00',0,1,0,0,0,1,1,1,1,0,0,0.202,0.006,0,1,1,1,0,'','check_all_disks!20%!10%',5,1,155),(21,1,190,'2015-07-05 12:32:18','HTTP OK: HTTP/1.1 200 OK - 11783 bytes in 0.002 second response time','','time=0.002193s;;;0.000000 size=11783B;;;0',NULL,0,1,1,1,4,'2015-07-05 11:49:08','2015-07-05 12:34:10',0,'2015-07-03 11:04:04','2015-07-03 11:04:04',0,'2015-07-05 11:49:08','0000-00-00 00:00:00','0000-00-00 00:00:00','2015-07-03 10:59:04',1,'0000-00-00 00:00:00','0000-00-00 00:00:00',0,1,0,0,0,1,1,1,1,0,0,0.059,0.012,0,1,1,1,0,'','check_http',5,1,155),(22,1,191,'2015-07-05 12:32:18','SSH OK - OpenSSH_6.6.1p1 Ubuntu-2ubuntu2 (protocol 2.0)','','time=0.011628s;;;0.000000;10.000000',NULL,0,1,1,1,4,'2015-07-05 11:53:05','2015-07-05 12:35:12',0,'2015-07-03 11:03:42','2015-07-03 11:03:42',0,'2015-07-05 11:53:05','0000-00-00 00:00:00','0000-00-00 00:00:00','2015-07-03 10:58:42',1,'0000-00-00 00:00:00','0000-00-00 00:00:00',0,1,0,0,0,1,1,1,1,0,0,0.057,0.017,0,1,1,1,0,'','check_ssh',5,1,155),(23,1,192,'2015-07-05 12:32:18','PROCS OK: 102 processes','','procs=102;250;400;0;',NULL,0,1,1,1,4,'2015-07-05 11:49:02','2015-07-05 12:36:15',0,'2015-07-03 10:44:38','2015-07-03 10:44:38',0,'2015-07-05 11:49:02','0000-00-00 00:00:00','0000-00-00 00:00:00','0000-00-00 00:00:00',1,'0000-00-00 00:00:00','0000-00-00 00:00:00',0,1,0,0,0,1,1,1,1,0,0,0.042,0.018,0,1,1,1,0,'','check_procs!250!400',5,1,155),(24,1,193,'2015-07-05 12:32:18','PROCS OK: 2 processes with command name \'ido2db\'','','procs=2;2:2;1:3;0;',NULL,0,1,1,1,3,'2015-07-05 11:44:59','2015-07-05 12:37:17',0,'2015-07-04 14:09:25','2015-07-03 10:45:34',0,'2015-07-05 11:44:59','2015-07-04 14:07:25','0000-00-00 00:00:00','0000-00-00 00:00:00',1,'0000-00-00 00:00:00','0000-00-00 00:00:00',0,1,0,0,0,1,1,1,1,0,0,0.159,0.016,0,1,1,1,0,'','check_local_ido2db!2:2!1:3',10,2,155),(25,1,197,'2015-07-05 12:32:18','OK - load average: 0.00, 0.01, 0.05','','load1=0.000;5.000;10.000;0; load5=0.010;4.000;6.000;0; load15=0.050;3.000;4.000;0;',NULL,0,1,1,1,4,'2015-07-05 11:50:28','2015-07-05 12:33:45',0,'2015-07-03 13:46:34','2015-07-03 13:46:34',0,'2015-07-05 11:50:28','0000-00-00 00:00:00','0000-00-00 00:00:00','0000-00-00 00:00:00',1,'0000-00-00 00:00:00','0000-00-00 00:00:00',0,1,0,0,0,1,1,1,1,0,0,0.123,0.007,0,1,1,1,0,'','check_load!5.0!4.0!3.0!10.0!6.0!4.0',5,1,155),(26,1,198,'2015-07-05 12:32:18','USERS OK - 1 users currently logged in','','users=1;20;50;0',NULL,0,1,1,1,4,'2015-07-05 11:51:25','2015-07-05 12:34:47',0,'2015-07-03 13:47:31','2015-07-03 13:47:31',0,'2015-07-05 11:51:25','0000-00-00 00:00:00','0000-00-00 00:00:00','0000-00-00 00:00:00',1,'0000-00-00 00:00:00','0000-00-00 00:00:00',0,1,0,0,0,1,1,1,1,0,0,0.092,0.006,0,1,1,1,0,'','check_users!20!50',5,1,155),(27,1,199,'2015-07-05 12:32:18','DISK OK','','/=1779MB;7153;8047;0;8942 /sys/fs/cgroup=0MB;0;0;0;0 /dev=0MB;393;442;0;492 /run=0MB;80;90;0;100 /run/lock=0MB;4;4;0;5 /run/shm=0MB;400;450;0;501 /run/user=0MB;80;90;0;100 /var/log/files=1543MB;7153;8047;0;8942',NULL,0,1,1,1,4,'2015-07-05 11:53:11','2015-07-05 12:35:50',0,'2015-07-03 13:48:28','2015-07-03 13:48:28',0,'2015-07-05 11:53:11','0000-00-00 00:00:00','0000-00-00 00:00:00','0000-00-00 00:00:00',1,'0000-00-00 00:00:00','0000-00-00 00:00:00',0,1,0,0,0,1,1,1,1,0,0,0.089,0.006,0,1,1,1,0,'','check_all_disks!20%!10%',5,1,155),(28,1,200,'2015-07-05 12:32:18','SSH OK - OpenSSH_6.6.1p1 Ubuntu-2ubuntu2 (protocol 2.0)','','time=0.014040s;;;0.000000;10.000000',NULL,0,1,1,1,4,'2015-07-05 11:52:51','2015-07-05 12:36:52',0,'2015-07-04 13:46:17','2015-07-04 13:46:17',0,'2015-07-05 11:52:51','0000-00-00 00:00:00','0000-00-00 00:00:00','2015-07-04 13:41:17',1,'0000-00-00 00:00:00','0000-00-00 00:00:00',0,1,0,0,0,1,1,1,1,0,0,0.241,0.019,0,1,1,1,0,'','check_ssh',5,1,155),(29,1,201,'2015-07-05 12:32:18','PROCS OK: 102 processes','','procs=102;250;400;0;',NULL,0,1,1,1,4,'2015-07-05 11:48:48','2015-07-05 12:37:54',0,'2015-07-03 13:50:22','2015-07-03 13:50:22',0,'2015-07-05 11:48:48','0000-00-00 00:00:00','0000-00-00 00:00:00','0000-00-00 00:00:00',1,'0000-00-00 00:00:00','0000-00-00 00:00:00',0,1,0,0,0,1,1,1,1,0,0,0.202,0.015,0,1,1,1,0,'','check_procs!250!400',5,1,155),(30,1,205,'2015-07-05 12:32:18','HTTP OK: HTTP/1.1 200 OK - 11783 bytes in 0.003 second response time','','time=0.002690s;;;0.000000 size=11783B;;;0',NULL,0,1,1,1,4,'2015-07-05 11:52:52','2015-07-05 12:33:57',0,'2015-07-05 11:32:52','2015-07-05 11:32:52',0,'2015-07-05 11:52:52','0000-00-00 00:00:00','0000-00-00 00:00:00','0000-00-00 00:00:00',1,'0000-00-00 00:00:00','0000-00-00 00:00:00',0,1,0,0,0,1,1,1,1,0,0,0.245,0.01,0,1,1,1,0,'','check_http',5,1,155),(31,1,206,'2015-07-05 12:32:18','SSH OK - OpenSSH_6.6.1p1 Ubuntu-2ubuntu2 (protocol 2.0)','','time=0.011475s;;;0.000000;10.000000',NULL,0,1,1,1,4,'2015-07-05 11:48:54','2015-07-05 12:35:00',0,'2015-07-05 11:33:54','2015-07-05 11:33:54',0,'2015-07-05 11:48:54','0000-00-00 00:00:00','0000-00-00 00:00:00','0000-00-00 00:00:00',1,'0000-00-00 00:00:00','0000-00-00 00:00:00',0,1,0,0,0,1,1,1,1,0,0,0.013,0.016,0,1,1,1,0,'','check_ssh',5,1,155),(32,1,207,'2015-07-05 12:32:18','SSH OK - OpenSSH_6.6.1p1 Ubuntu-2ubuntu2 (protocol 2.0)','','time=0.012971s;;;0.000000;10.000000',NULL,0,1,1,1,4,'2015-07-05 11:49:57','2015-07-05 12:38:19',0,'2015-07-05 11:34:57','2015-07-05 11:34:57',0,'2015-07-05 11:49:57','0000-00-00 00:00:00','0000-00-00 00:00:00','0000-00-00 00:00:00',1,'0000-00-00 00:00:00','0000-00-00 00:00:00',0,1,0,0,0,1,1,1,1,0,0,0.028,0.02,0,1,1,1,0,'','check_ssh',5,1,155);
/*!40000 ALTER TABLE `icinga_servicestatus` ENABLE KEYS */;
UNLOCK TABLES;

--
-- Table structure for table `icinga_statehistory`
--

DROP TABLE IF EXISTS `icinga_statehistory`;
/*!40101 SET @saved_cs_client     = @@character_set_client */;
/*!40101 SET character_set_client = utf8 */;
CREATE TABLE `icinga_statehistory` (
  `statehistory_id` bigint(20) unsigned NOT NULL AUTO_INCREMENT,
  `instance_id` bigint(20) unsigned DEFAULT '0',
  `state_time` timestamp NOT NULL DEFAULT '0000-00-00 00:00:00',
  `state_time_usec` int(11) DEFAULT '0',
  `object_id` bigint(20) unsigned DEFAULT '0',
  `state_change` smallint(6) DEFAULT '0',
  `state` smallint(6) DEFAULT '0',
  `state_type` smallint(6) DEFAULT '0',
  `current_check_attempt` smallint(6) DEFAULT '0',
  `max_check_attempts` smallint(6) DEFAULT '0',
  `last_state` smallint(6) DEFAULT '0',
  `last_hard_state` smallint(6) DEFAULT '0',
  `output` text,
  `long_output` text,
  PRIMARY KEY (`statehistory_id`),
  KEY `statehist_i_id_o_id_s_ty_s_ti` (`instance_id`,`object_id`,`state_type`,`state_time`),
  KEY `statehist_state_idx` (`object_id`,`state`),
  KEY `sla_idx_sthist` (`object_id`,`state_time`)
) ENGINE=InnoDB AUTO_INCREMENT=91 DEFAULT CHARSET=latin1 COMMENT='Historical host and service state changes';
/*!40101 SET character_set_client = @saved_cs_client */;

--
-- Dumping data for table `icinga_statehistory`
--

LOCK TABLES `icinga_statehistory` WRITE;
/*!40000 ALTER TABLE `icinga_statehistory` DISABLE KEYS */;
INSERT INTO `icinga_statehistory` VALUES (1,1,'2015-07-03 10:35:20',206430,179,1,1,0,1,10,0,0,'CRITICAL - Host Unreachable (10.0.69.6)','(null)'),(2,1,'2015-07-03 10:36:30',92715,179,1,0,0,2,10,1,0,'PING OK - Packet loss = 0%, RTA = 1.79 ms','(null)'),(3,1,'2015-07-03 10:56:18',121694,185,1,2,0,1,4,0,0,'CRITICAL - Socket timeout after 10 seconds','(null)'),(4,1,'2015-07-03 10:56:28',154479,179,1,1,0,1,10,0,0,'CRITICAL - Host Unreachable (10.0.69.6)','(null)'),(5,1,'2015-07-03 10:57:08',30775,185,1,2,1,1,4,2,2,'No route to host','(null)'),(6,1,'2015-07-03 10:57:38',93848,179,1,1,0,2,10,1,0,'CRITICAL - Host Unreachable (10.0.69.6)','(null)'),(7,1,'2015-07-03 10:58:08',195572,190,1,2,0,1,4,0,0,'No route to host','HTTP CRITICAL - Unable to open TCP socket\\n'),(8,1,'2015-07-03 10:58:18',224040,186,1,1,0,1,10,0,0,'CRITICAL - Host Unreachable (10.0.69.6)','(null)'),(9,1,'2015-07-03 10:58:38',29120,179,1,1,0,3,10,1,0,'CRITICAL - Host Unreachable (10.0.69.6)','(null)'),(10,1,'2015-07-03 10:58:48',78101,179,1,1,0,4,10,1,0,'CRITICAL - Host Unreachable (10.0.69.6)','(null)'),(11,1,'2015-07-03 10:58:48',79065,191,1,2,1,1,4,0,2,'No route to host','(null)'),(12,1,'2015-07-03 10:59:08',111515,190,1,2,1,1,4,2,2,'No route to host','HTTP CRITICAL - Unable to open TCP socket\\n'),(13,1,'2015-07-03 10:59:28',156123,186,1,1,0,2,10,1,0,'CRITICAL - Host Unreachable (10.0.69.6)','(null)'),(14,1,'2015-07-03 10:59:38',182833,179,1,1,0,5,10,1,0,'CRITICAL - Host Unreachable (10.0.69.6)','(null)'),(15,1,'2015-07-03 10:59:59',21624,186,1,0,0,2,10,1,0,'PING OK - Packet loss = 0%, RTA = 0.04 ms','(null)'),(16,1,'2015-07-03 10:59:59',21726,179,1,1,0,2,10,1,0,'CRITICAL - Host Unreachable (10.0.69.6)','(null)'),(17,1,'2015-07-03 11:01:03',85360,179,1,1,0,2,10,1,0,'CRITICAL - Host Unreachable (10.0.69.6)','(null)'),(18,1,'2015-07-03 11:01:43',212722,179,1,1,0,3,10,1,0,'CRITICAL - Host Unreachable (10.0.69.6)','(null)'),(19,1,'2015-07-03 11:02:13',32460,179,1,1,0,4,10,1,0,'CRITICAL - Host Unreachable (10.0.69.6)','(null)'),(20,1,'2015-07-03 11:03:23',215884,179,1,1,0,5,10,1,0,'CRITICAL - Host Unreachable (10.0.69.6)','(null)'),(21,1,'2015-07-03 11:03:43',25543,179,1,1,0,6,10,1,0,'CRITICAL - Host Unreachable (10.0.69.6)','(null)'),(22,1,'2015-07-03 11:03:43',25653,191,1,0,1,4,4,2,2,'SSH OK - OpenSSH_6.6.1p1 Ubuntu-2ubuntu2 (protocol 2.0)','(null)'),(23,1,'2015-07-03 11:04:13',103226,190,1,0,1,4,4,2,2,'HTTP OK: HTTP/1.1 200 OK - 11783 bytes in 0.001 second response time','(null)'),(24,1,'2015-07-03 11:04:33',166114,179,1,1,0,7,10,1,0,'CRITICAL - Host Unreachable (10.0.69.6)','(null)'),(25,1,'2015-07-03 11:05:43',98568,179,1,1,0,8,10,1,0,'CRITICAL - Host Unreachable (10.0.69.6)','(null)'),(26,1,'2015-07-03 11:06:03',153996,179,1,1,0,9,10,1,0,'CRITICAL - Host Unreachable (10.0.69.6)','(null)'),(27,1,'2015-07-03 11:06:43',97549,179,1,1,1,10,10,1,0,'CRITICAL - Host Unreachable (10.0.69.6)','(null)'),(28,1,'2015-07-03 11:28:43',125114,179,1,0,1,1,10,1,1,'PING OK - Packet loss = 0%, RTA = 0.96 ms','(null)'),(29,1,'2015-07-03 11:32:11',127993,185,1,3,1,4,4,2,2,'Usage:','check_ssh  [-4'),(30,1,'2015-07-03 11:32:21',173171,179,1,1,0,1,10,0,0,'check_ping: Invalid hostname/address - helena','Usage:\\ncheck_ping -H <host_address> -w <wrta>,<wpl>% -c <crta>,<cpl>%\\n [-p packets] [-t timeout] [-4'),(31,1,'2015-07-03 11:32:41',236962,179,1,1,0,2,10,1,0,'check_ping: Invalid hostname/address - helena','Usage:\\ncheck_ping -H <host_address> -w <wrta>,<wpl>% -c <crta>,<cpl>%\\n [-p packets] [-t timeout] [-4'),(32,1,'2015-07-03 11:33:44',152571,179,1,0,0,2,10,1,0,'PING OK - Packet loss = 0%, RTA = 0.79 ms','(null)'),(33,1,'2015-07-03 11:37:14',180391,185,1,0,1,4,4,3,3,'SSH OK - OpenSSH_6.6.1p1 Ubuntu-2ubuntu2 (protocol 2.0)','(null)'),(34,1,'2015-07-03 11:52:14',111614,185,1,2,0,1,4,0,0,'CRITICAL - Socket timeout after 10 seconds','(null)'),(35,1,'2015-07-03 11:52:24',133014,179,1,1,0,1,10,0,0,'CRITICAL - Host Unreachable (10.0.69.6)','(null)'),(36,1,'2015-07-03 11:53:14',137742,185,1,2,1,1,4,2,2,'No route to host','(null)'),(37,1,'2015-07-03 11:53:34',188901,179,1,1,0,2,10,1,0,'CRITICAL - Host Unreachable (10.0.69.6)','(null)'),(38,1,'2015-07-03 11:54:34',88298,179,1,1,0,3,10,1,0,'CRITICAL - Host Unreachable (10.0.69.6)','(null)'),(39,1,'2015-07-03 11:54:44',128392,179,1,1,0,4,10,1,0,'CRITICAL - Host Unreachable (10.0.69.6)','(null)'),(40,1,'2015-07-03 11:55:54',56067,179,1,1,0,5,10,1,0,'CRITICAL - Host Unreachable (10.0.69.6)','(null)'),(41,1,'2015-07-03 11:56:44',168359,179,1,1,0,6,10,1,0,'CRITICAL - Host Unreachable (10.0.69.6)','(null)'),(42,1,'2015-07-03 11:57:04',204947,179,1,1,0,7,10,1,0,'CRITICAL - Host Unreachable (10.0.69.6)','(null)'),(43,1,'2015-07-03 11:58:14',92785,179,1,1,0,8,10,1,0,'CRITICAL - Host Unreachable (10.0.69.6)','(null)'),(44,1,'2015-07-03 11:58:44',178717,179,1,1,0,9,10,1,0,'CRITICAL - Host Unreachable (10.0.69.6)','(null)'),(45,1,'2015-07-03 11:59:24',237367,179,1,1,1,10,10,1,0,'CRITICAL - Host Unreachable (10.0.69.6)','(null)'),(46,1,'2015-07-03 12:06:44',130216,179,1,0,1,1,10,1,1,'PING OK - Packet loss = 0%, RTA = 1.36 ms','(null)'),(47,1,'2015-07-03 12:08:14',230127,185,1,0,1,1,4,2,2,'SSH OK - OpenSSH_6.6.1p1 Ubuntu-2ubuntu2 (protocol 2.0)','(null)'),(48,1,'2015-07-03 12:23:20',61035,185,1,2,0,1,4,0,0,'CRITICAL - Socket timeout after 10 seconds','(null)'),(49,1,'2015-07-03 12:23:30',91253,179,1,1,0,1,10,0,0,'CRITICAL - Destination Unreachable (fc00:10:0:69::6)','(null)'),(50,1,'2015-07-03 12:24:10',178948,185,1,2,1,1,4,2,2,'No route to host','(null)'),(51,1,'2015-07-03 12:24:40',20042,179,1,1,0,2,10,1,0,'CRITICAL - Destination Unreachable (fc00:10:0:69::6)','(null)'),(52,1,'2015-07-03 12:25:50',139397,179,1,1,0,3,10,1,0,'CRITICAL - Destination Unreachable (fc00:10:0:69::6)','(null)'),(53,1,'2015-07-03 12:26:40',37899,179,1,1,0,4,10,1,0,'CRITICAL - Destination Unreachable (fc00:10:0:69::6)','(null)'),(54,1,'2015-07-03 12:27:00',88874,179,1,1,0,5,10,1,0,'CRITICAL - Destination Unreachable (fc00:10:0:69::6)','(null)'),(55,1,'2015-07-03 12:28:10',225852,179,1,1,0,6,10,1,0,'CRITICAL - Destination Unreachable (fc00:10:0:69::6)','(null)'),(56,1,'2015-07-03 12:28:40',76853,179,1,1,0,7,10,1,0,'CRITICAL - Destination Unreachable (fc00:10:0:69::6)','(null)'),(57,1,'2015-07-03 12:29:20',5959,179,1,1,0,8,10,1,0,'CRITICAL - Destination Unreachable (fc00:10:0:69::6)','(null)'),(58,1,'2015-07-03 12:29:40',95000,179,1,1,0,9,10,1,0,'CRITICAL - Destination Unreachable (fc00:10:0:69::6)','(null)'),(59,1,'2015-07-03 12:30:30',40710,179,1,1,1,10,10,1,0,'CRITICAL - Destination Unreachable (fc00:10:0:69::6)','(null)'),(60,1,'2015-07-03 12:51:00',79251,179,1,0,1,1,10,1,1,'PING OK - Packet loss = 0%, RTA = 1.06 ms','(null)'),(61,1,'2015-07-03 12:54:10',133547,185,1,0,1,1,4,2,2,'SSH OK - OpenSSH_6.6.1p1 Ubuntu-2ubuntu2 (protocol 2.0)','(null)'),(62,1,'2015-07-04 12:24:15',26090,179,1,1,0,1,10,0,0,'CRITICAL - Destination Unreachable (fc00:10:0:69::6)','(null)'),(63,1,'2015-07-04 12:25:15',224426,179,1,1,0,2,10,1,0,'CRITICAL - Destination Unreachable (fc00:10:0:69::6)','(null)'),(64,1,'2015-07-04 12:25:25',252425,179,1,1,0,3,10,1,0,'CRITICAL - Destination Unreachable (fc00:10:0:69::6)','(null)'),(65,1,'2015-07-04 12:25:25',258442,200,1,2,0,1,4,0,0,'No route to host','(null)'),(66,1,'2015-07-04 12:25:35',31774,196,1,1,0,1,10,0,0,'CRITICAL - Host Unreachable (10.0.69.5)','(null)'),(67,1,'2015-07-04 12:26:05',106231,185,1,2,1,1,4,0,2,'No route to host','(null)'),(68,1,'2015-07-04 12:26:25',161136,196,1,1,0,2,10,1,0,'CRITICAL - Host Unreachable (10.0.69.5)','(null)'),(69,1,'2015-07-04 12:26:25',161295,200,1,2,1,1,4,2,2,'No route to host','(null)'),(70,1,'2015-07-04 12:26:35',201657,179,1,1,0,4,10,1,0,'CRITICAL - Destination Unreachable (fc00:10:0:69::6)','(null)'),(71,1,'2015-07-04 12:26:45',24640,196,1,1,0,3,10,1,0,'CRITICAL - Host Unreachable (10.0.69.5)','(null)'),(72,1,'2015-07-04 12:27:15',99638,179,1,1,0,5,10,1,0,'CRITICAL - Destination Unreachable (fc00:10:0:69::6)','(null)'),(73,1,'2015-07-04 12:27:45',184254,179,1,1,0,6,10,1,0,'CRITICAL - Destination Unreachable (fc00:10:0:69::6)','(null)'),(74,1,'2015-07-04 12:27:55',208322,196,1,1,0,4,10,1,0,'CRITICAL - Host Unreachable (10.0.69.5)','(null)'),(75,1,'2015-07-04 12:28:55',129545,179,1,1,0,7,10,1,0,'CRITICAL - Destination Unreachable (fc00:10:0:69::6)','(null)'),(76,1,'2015-07-04 12:29:05',199674,196,1,1,0,5,10,1,0,'CRITICAL - Host Unreachable (10.0.69.5)','(null)'),(77,1,'2015-07-04 12:29:25',20767,179,1,1,0,8,10,1,0,'CRITICAL - Destination Unreachable (fc00:10:0:69::6)','(null)'),(78,1,'2015-07-04 12:29:35',50859,196,1,1,0,6,10,1,0,'CRITICAL - Host Unreachable (10.0.69.5)','(null)'),(79,1,'2015-07-04 12:30:05',148682,179,1,1,0,9,10,1,0,'CRITICAL - Destination Unreachable (fc00:10:0:69::6)','(null)'),(80,1,'2015-07-04 12:30:15',175696,196,1,1,0,7,10,1,0,'CRITICAL - Host Unreachable (10.0.69.5)','(null)'),(81,1,'2015-07-04 12:31:15',179004,179,1,1,1,10,10,1,0,'CRITICAL - Destination Unreachable (fc00:10:0:69::6)','(null)'),(82,1,'2015-07-04 12:31:25',222226,196,1,1,0,8,10,1,0,'CRITICAL - Host Unreachable (10.0.69.5)','(null)'),(83,1,'2015-07-04 12:32:35',144659,196,1,1,0,9,10,1,0,'CRITICAL - Host Unreachable (10.0.69.5)','(null)'),(84,1,'2015-07-04 12:33:05',277101,196,1,1,1,10,10,1,0,'CRITICAL - Host Unreachable (10.0.69.5)','(null)'),(85,1,'2015-07-04 13:43:05',96586,196,1,0,1,1,10,1,1,'PING OK - Packet loss = 0%, RTA = 1.63 ms','(null)'),(86,1,'2015-07-04 13:46:25',160763,200,1,0,1,1,4,2,2,'SSH OK - OpenSSH_6.6.1p1 Ubuntu-2ubuntu2 (protocol 2.0)','(null)'),(87,1,'2015-07-04 14:07:31',225576,193,1,1,0,1,3,0,0,'PROCS WARNING: 1 process with command name \'ido2db\'','(null)'),(88,1,'2015-07-04 14:09:31',167036,193,1,0,0,2,3,1,0,'PROCS OK: 2 processes with command name \'ido2db\'','(null)'),(89,1,'2015-07-05 10:53:39',96468,185,1,0,1,4,4,2,2,'SSH OK - OpenSSH_6.6.1p1 Ubuntu-2ubuntu2 (protocol 2.0)','(null)'),(90,1,'2015-07-05 10:53:49',193812,179,1,0,1,1,10,1,1,'PING OK - Packet loss = 0%, RTA = 0.53 ms','(null)');
/*!40000 ALTER TABLE `icinga_statehistory` ENABLE KEYS */;
UNLOCK TABLES;

--
-- Table structure for table `icinga_systemcommands`
--

DROP TABLE IF EXISTS `icinga_systemcommands`;
/*!40101 SET @saved_cs_client     = @@character_set_client */;
/*!40101 SET character_set_client = utf8 */;
CREATE TABLE `icinga_systemcommands` (
  `systemcommand_id` bigint(20) unsigned NOT NULL AUTO_INCREMENT,
  `instance_id` bigint(20) unsigned DEFAULT '0',
  `start_time` timestamp NOT NULL DEFAULT '0000-00-00 00:00:00',
  `start_time_usec` int(11) DEFAULT '0',
  `end_time` timestamp NOT NULL DEFAULT '0000-00-00 00:00:00',
  `end_time_usec` int(11) DEFAULT '0',
  `command_line` text,
  `timeout` smallint(6) DEFAULT '0',
  `early_timeout` smallint(6) DEFAULT '0',
  `execution_time` double DEFAULT '0',
  `return_code` smallint(6) DEFAULT '0',
  `output` text,
  `long_output` text,
  PRIMARY KEY (`systemcommand_id`),
  UNIQUE KEY `instance_id` (`instance_id`,`start_time`,`start_time_usec`),
  KEY `systemcommands_i_id_idx` (`instance_id`),
  KEY `systemcommands_time_id_idx` (`start_time`)
) ENGINE=InnoDB AUTO_INCREMENT=11 DEFAULT CHARSET=latin1 COMMENT='Historical system commands that are executed';
/*!40101 SET character_set_client = @saved_cs_client */;

--
-- Dumping data for table `icinga_systemcommands`
--

LOCK TABLES `icinga_systemcommands` WRITE;
/*!40000 ALTER TABLE `icinga_systemcommands` DISABLE KEYS */;
INSERT INTO `icinga_systemcommands` VALUES (7,1,'2015-07-04 12:31:15',124812,'2015-07-04 12:31:15',173351,'/usr/bin/printf \"%b\" \"***** Icinga *****\\n\\nNotification Type: PROBLEM\\nHost: helena\\nState: DOWN\\nAddress: fc00:10:0:69::6\\nInfo: CRITICAL - Destination Unreachable (fc00:10:0:69::6)\\n\\nDate/Time: Sat Jul 4 09:31:15 BRT 2015\\n\" | /usr/bin/mail -s \"** PROBLEM Host Alert: helena is DOWN **\" root',30,0,0.048,0,'',''),(8,1,'2015-07-04 12:33:05',240469,'2015-07-04 12:33:05',275309,'/usr/bin/printf \"%b\" \"***** Icinga *****\\n\\nNotification Type: PROBLEM\\nHost: joaquina\\nState: DOWN\\nAddress: 10.0.69.5\\nInfo: CRITICAL - Host Unreachable (10.0.69.5)\\n\\nDate/Time: Sat Jul 4 09:33:05 BRT 2015\\n\" | /usr/bin/mail -s \"** PROBLEM Host Alert: joaquina is DOWN **\" root',30,0,0.034,0,'',''),(9,1,'2015-07-04 13:43:05',62350,'2015-07-04 13:43:05',94678,'/usr/bin/printf \"%b\" \"***** Icinga *****\\n\\nNotification Type: RECOVERY\\nHost: joaquina\\nState: UP\\nAddress: 10.0.69.5\\nInfo: PING OK - Packet loss = 0%, RTA = 1.63 ms\\n\\nDate/Time: Sat Jul 4 10:43:05 BRT 2015\\n\" | /usr/bin/mail -s \"** RECOVERY Host Alert: joaquina is UP **\" root',30,0,0.032,0,'',''),(10,1,'2015-07-05 10:53:49',156937,'2015-07-05 10:53:49',192569,'/usr/bin/printf \"%b\" \"***** Icinga *****\\n\\nNotification Type: RECOVERY\\nHost: helena\\nState: UP\\nAddress: fc00:10:0:69::6\\nInfo: PING OK - Packet loss = 0%, RTA = 0.53 ms\\n\\nDate/Time: Sun Jul 5 07:53:49 BRT 2015\\n\" | /usr/bin/mail -s \"** RECOVERY Host Alert: helena is UP **\" root',30,0,0.035,0,'','');
/*!40000 ALTER TABLE `icinga_systemcommands` ENABLE KEYS */;
UNLOCK TABLES;

--
-- Table structure for table `icinga_timeperiod_timeranges`
--

DROP TABLE IF EXISTS `icinga_timeperiod_timeranges`;
/*!40101 SET @saved_cs_client     = @@character_set_client */;
/*!40101 SET character_set_client = utf8 */;
CREATE TABLE `icinga_timeperiod_timeranges` (
  `timeperiod_timerange_id` bigint(20) unsigned NOT NULL AUTO_INCREMENT,
  `instance_id` bigint(20) unsigned DEFAULT '0',
  `timeperiod_id` bigint(20) unsigned DEFAULT '0',
  `day` smallint(6) DEFAULT '0',
  `start_sec` int(11) DEFAULT '0',
  `end_sec` int(11) DEFAULT '0',
  PRIMARY KEY (`timeperiod_timerange_id`),
  KEY `timeperiod_timeranges_i_id_idx` (`instance_id`),
  KEY `tperiod_tid_d_ss_es` (`timeperiod_id`,`day`,`start_sec`,`end_sec`)
) ENGINE=InnoDB AUTO_INCREMENT=793 DEFAULT CHARSET=latin1 COMMENT='Timeperiod definitions';
/*!40101 SET character_set_client = @saved_cs_client */;

--
-- Dumping data for table `icinga_timeperiod_timeranges`
--

LOCK TABLES `icinga_timeperiod_timeranges` WRITE;
/*!40000 ALTER TABLE `icinga_timeperiod_timeranges` DISABLE KEYS */;
INSERT INTO `icinga_timeperiod_timeranges` VALUES (769,1,129,0,0,86400),(770,1,129,1,0,86400),(771,1,129,2,0,86400),(772,1,129,3,0,86400),(773,1,129,4,0,86400),(774,1,129,5,0,86400),(775,1,129,6,0,86400),(776,1,131,0,0,86400),(777,1,131,1,61200,86400),(778,1,131,1,0,32400),(779,1,131,2,61200,86400),(780,1,131,2,0,32400),(781,1,131,3,61200,86400),(782,1,131,3,0,32400),(783,1,131,4,61200,86400),(784,1,131,4,0,32400),(785,1,131,5,61200,86400),(786,1,131,5,0,32400),(787,1,131,6,0,86400),(788,1,132,1,32400,61200),(789,1,132,2,32400,61200),(790,1,132,3,32400,61200),(791,1,132,4,32400,61200),(792,1,132,5,32400,61200);
/*!40000 ALTER TABLE `icinga_timeperiod_timeranges` ENABLE KEYS */;
UNLOCK TABLES;

--
-- Table structure for table `icinga_timeperiods`
--

DROP TABLE IF EXISTS `icinga_timeperiods`;
/*!40101 SET @saved_cs_client     = @@character_set_client */;
/*!40101 SET character_set_client = utf8 */;
CREATE TABLE `icinga_timeperiods` (
  `timeperiod_id` bigint(20) unsigned NOT NULL AUTO_INCREMENT,
  `instance_id` bigint(20) unsigned DEFAULT '0',
  `config_type` smallint(6) DEFAULT '0',
  `timeperiod_object_id` bigint(20) unsigned DEFAULT '0',
  `alias` text,
  PRIMARY KEY (`timeperiod_id`),
  UNIQUE KEY `instance_id` (`instance_id`,`config_type`,`timeperiod_object_id`),
  KEY `timeperiods_i_id_idx` (`instance_id`)
) ENGINE=InnoDB AUTO_INCREMENT=133 DEFAULT CHARSET=latin1 COMMENT='Timeperiod definitions';
/*!40101 SET character_set_client = @saved_cs_client */;

--
-- Dumping data for table `icinga_timeperiods`
--

LOCK TABLES `icinga_timeperiods` WRITE;
/*!40000 ALTER TABLE `icinga_timeperiods` DISABLE KEYS */;
INSERT INTO `icinga_timeperiods` VALUES (129,1,1,155,'24 Hours A Day, 7 Days A Week'),(130,1,1,156,'Never'),(131,1,1,157,'Non-Work Hours'),(132,1,1,158,'Standard Work Hours');
/*!40000 ALTER TABLE `icinga_timeperiods` ENABLE KEYS */;
UNLOCK TABLES;

--
-- Current Database: `icinga_web`
--

CREATE DATABASE /*!32312 IF NOT EXISTS*/ `icinga_web` /*!40100 DEFAULT CHARACTER SET latin1 */;

USE `icinga_web`;

--
-- Table structure for table `cronk`
--

DROP TABLE IF EXISTS `cronk`;
/*!40101 SET @saved_cs_client     = @@character_set_client */;
/*!40101 SET character_set_client = utf8 */;
CREATE TABLE `cronk` (
  `cronk_id` int(11) NOT NULL AUTO_INCREMENT,
  `cronk_uid` varchar(45) DEFAULT NULL,
  `cronk_name` varchar(45) DEFAULT NULL,
  `cronk_description` varchar(100) DEFAULT NULL,
  `cronk_xml` longtext,
  `cronk_user_id` int(11) DEFAULT NULL,
  `cronk_system` tinyint(1) DEFAULT '0',
  `cronk_created` datetime NOT NULL,
  `cronk_modified` datetime NOT NULL,
  PRIMARY KEY (`cronk_id`),
  UNIQUE KEY `cronk_uid_UNIQUE_idx` (`cronk_uid`),
  KEY `cronk_user_id_idx` (`cronk_user_id`),
  CONSTRAINT `cronk_cronk_user_id_nsm_user_user_id` FOREIGN KEY (`cronk_user_id`) REFERENCES `nsm_user` (`user_id`)
) ENGINE=InnoDB DEFAULT CHARSET=latin1;
/*!40101 SET character_set_client = @saved_cs_client */;

--
-- Dumping data for table `cronk`
--

LOCK TABLES `cronk` WRITE;
/*!40000 ALTER TABLE `cronk` DISABLE KEYS */;
/*!40000 ALTER TABLE `cronk` ENABLE KEYS */;
UNLOCK TABLES;

--
-- Table structure for table `cronk_category`
--

DROP TABLE IF EXISTS `cronk_category`;
/*!40101 SET @saved_cs_client     = @@character_set_client */;
/*!40101 SET character_set_client = utf8 */;
CREATE TABLE `cronk_category` (
  `cc_id` int(11) NOT NULL AUTO_INCREMENT,
  `cc_uid` varchar(45) NOT NULL,
  `cc_name` varchar(45) DEFAULT NULL,
  `cc_visible` tinyint(4) DEFAULT '0',
  `cc_position` int(11) DEFAULT '0',
  `cc_system` tinyint(1) DEFAULT '0',
  `cc_created` datetime NOT NULL,
  `cc_modified` datetime NOT NULL,
  PRIMARY KEY (`cc_id`),
  UNIQUE KEY `cc_uid_UNIQUE_idx` (`cc_uid`)
) ENGINE=InnoDB DEFAULT CHARSET=latin1;
/*!40101 SET character_set_client = @saved_cs_client */;

--
-- Dumping data for table `cronk_category`
--

LOCK TABLES `cronk_category` WRITE;
/*!40000 ALTER TABLE `cronk_category` DISABLE KEYS */;
/*!40000 ALTER TABLE `cronk_category` ENABLE KEYS */;
UNLOCK TABLES;

--
-- Table structure for table `cronk_category_cronk`
--

DROP TABLE IF EXISTS `cronk_category_cronk`;
/*!40101 SET @saved_cs_client     = @@character_set_client */;
/*!40101 SET character_set_client = utf8 */;
CREATE TABLE `cronk_category_cronk` (
  `ccc_cc_id` int(11) NOT NULL DEFAULT '0',
  `ccc_cronk_id` int(11) NOT NULL DEFAULT '0',
  PRIMARY KEY (`ccc_cc_id`,`ccc_cronk_id`),
  KEY `cronk_category_cronk_ccc_cronk_id_cronk_cronk_id` (`ccc_cronk_id`),
  CONSTRAINT `cronk_category_cronk_ccc_cc_id_cronk_category_cc_id` FOREIGN KEY (`ccc_cc_id`) REFERENCES `cronk_category` (`cc_id`),
  CONSTRAINT `cronk_category_cronk_ccc_cronk_id_cronk_cronk_id` FOREIGN KEY (`ccc_cronk_id`) REFERENCES `cronk` (`cronk_id`)
) ENGINE=InnoDB DEFAULT CHARSET=latin1;
/*!40101 SET character_set_client = @saved_cs_client */;

--
-- Dumping data for table `cronk_category_cronk`
--

LOCK TABLES `cronk_category_cronk` WRITE;
/*!40000 ALTER TABLE `cronk_category_cronk` DISABLE KEYS */;
/*!40000 ALTER TABLE `cronk_category_cronk` ENABLE KEYS */;
UNLOCK TABLES;

--
-- Table structure for table `cronk_principal_category`
--

DROP TABLE IF EXISTS `cronk_principal_category`;
/*!40101 SET @saved_cs_client     = @@character_set_client */;
/*!40101 SET character_set_client = utf8 */;
CREATE TABLE `cronk_principal_category` (
  `principal_id` int(11) NOT NULL DEFAULT '0',
  `category_id` int(11) NOT NULL DEFAULT '0',
  PRIMARY KEY (`principal_id`,`category_id`),
  KEY `cronk_principal_category_category_id_cronk_category_cc_id` (`category_id`),
  CONSTRAINT `cronk_principal_category_category_id_cronk_category_cc_id` FOREIGN KEY (`category_id`) REFERENCES `cronk_category` (`cc_id`),
  CONSTRAINT `cronk_principal_category_principal_id_nsm_principal_principal_id` FOREIGN KEY (`principal_id`) REFERENCES `nsm_principal` (`principal_id`)
) ENGINE=InnoDB DEFAULT CHARSET=latin1;
/*!40101 SET character_set_client = @saved_cs_client */;

--
-- Dumping data for table `cronk_principal_category`
--

LOCK TABLES `cronk_principal_category` WRITE;
/*!40000 ALTER TABLE `cronk_principal_category` DISABLE KEYS */;
/*!40000 ALTER TABLE `cronk_principal_category` ENABLE KEYS */;
UNLOCK TABLES;

--
-- Table structure for table `cronk_principal_cronk`
--

DROP TABLE IF EXISTS `cronk_principal_cronk`;
/*!40101 SET @saved_cs_client     = @@character_set_client */;
/*!40101 SET character_set_client = utf8 */;
CREATE TABLE `cronk_principal_cronk` (
  `cpc_principal_id` int(11) NOT NULL DEFAULT '0',
  `cpc_cronk_id` int(11) NOT NULL DEFAULT '0',
  PRIMARY KEY (`cpc_principal_id`,`cpc_cronk_id`),
  KEY `cronk_principal_cronk_cpc_cronk_id_cronk_cronk_id` (`cpc_cronk_id`),
  CONSTRAINT `ccnp` FOREIGN KEY (`cpc_principal_id`) REFERENCES `nsm_principal` (`principal_id`),
  CONSTRAINT `cronk_principal_cronk_cpc_cronk_id_cronk_cronk_id` FOREIGN KEY (`cpc_cronk_id`) REFERENCES `cronk` (`cronk_id`)
) ENGINE=InnoDB DEFAULT CHARSET=latin1;
/*!40101 SET character_set_client = @saved_cs_client */;

--
-- Dumping data for table `cronk_principal_cronk`
--

LOCK TABLES `cronk_principal_cronk` WRITE;
/*!40000 ALTER TABLE `cronk_principal_cronk` DISABLE KEYS */;
/*!40000 ALTER TABLE `cronk_principal_cronk` ENABLE KEYS */;
UNLOCK TABLES;

--
-- Table structure for table `nsm_db_version`
--

DROP TABLE IF EXISTS `nsm_db_version`;
/*!40101 SET @saved_cs_client     = @@character_set_client */;
/*!40101 SET character_set_client = utf8 */;
CREATE TABLE `nsm_db_version` (
  `id` int(11) NOT NULL DEFAULT '0',
  `version` varchar(32) NOT NULL,
  `modified` datetime NOT NULL,
  `created` datetime NOT NULL,
  PRIMARY KEY (`id`)
) ENGINE=InnoDB DEFAULT CHARSET=latin1;
/*!40101 SET character_set_client = @saved_cs_client */;

--
-- Dumping data for table `nsm_db_version`
--

LOCK TABLES `nsm_db_version` WRITE;
/*!40000 ALTER TABLE `nsm_db_version` DISABLE KEYS */;
INSERT INTO `nsm_db_version` VALUES (1,'icinga-web/v1.10.0','2015-07-03 06:53:41','2015-07-03 06:53:41');
/*!40000 ALTER TABLE `nsm_db_version` ENABLE KEYS */;
UNLOCK TABLES;

--
-- Table structure for table `nsm_log`
--

DROP TABLE IF EXISTS `nsm_log`;
/*!40101 SET @saved_cs_client     = @@character_set_client */;
/*!40101 SET character_set_client = utf8 */;
CREATE TABLE `nsm_log` (
  `log_id` int(11) NOT NULL AUTO_INCREMENT,
  `log_level` int(11) NOT NULL,
  `log_message` text NOT NULL,
  `log_created` datetime NOT NULL,
  `log_modified` datetime NOT NULL,
  PRIMARY KEY (`log_id`)
) ENGINE=InnoDB DEFAULT CHARSET=latin1;
/*!40101 SET character_set_client = @saved_cs_client */;

--
-- Dumping data for table `nsm_log`
--

LOCK TABLES `nsm_log` WRITE;
/*!40000 ALTER TABLE `nsm_log` DISABLE KEYS */;
/*!40000 ALTER TABLE `nsm_log` ENABLE KEYS */;
UNLOCK TABLES;

--
-- Table structure for table `nsm_principal`
--

DROP TABLE IF EXISTS `nsm_principal`;
/*!40101 SET @saved_cs_client     = @@character_set_client */;
/*!40101 SET character_set_client = utf8 */;
CREATE TABLE `nsm_principal` (
  `principal_id` int(11) NOT NULL AUTO_INCREMENT,
  `principal_user_id` int(11) DEFAULT NULL,
  `principal_role_id` int(11) DEFAULT NULL,
  `principal_type` varchar(4) NOT NULL,
  `principal_disabled` tinyint(4) DEFAULT '0',
  PRIMARY KEY (`principal_id`),
  KEY `principal_collection_idx_idx` (`principal_user_id`,`principal_role_id`,`principal_type`),
  KEY `principal_user_id_idx` (`principal_user_id`),
  KEY `principal_role_id_idx` (`principal_role_id`),
  CONSTRAINT `nsm_principal_principal_role_id_nsm_role_role_id` FOREIGN KEY (`principal_role_id`) REFERENCES `nsm_role` (`role_id`) ON DELETE CASCADE ON UPDATE CASCADE,
  CONSTRAINT `nsm_principal_principal_user_id_nsm_user_user_id` FOREIGN KEY (`principal_user_id`) REFERENCES `nsm_user` (`user_id`) ON DELETE CASCADE ON UPDATE CASCADE
) ENGINE=InnoDB AUTO_INCREMENT=6 DEFAULT CHARSET=latin1;
/*!40101 SET character_set_client = @saved_cs_client */;

--
-- Dumping data for table `nsm_principal`
--

LOCK TABLES `nsm_principal` WRITE;
/*!40000 ALTER TABLE `nsm_principal` DISABLE KEYS */;
INSERT INTO `nsm_principal` VALUES (1,1,NULL,'user',0),(2,NULL,2,'role',0),(3,NULL,3,'role',0),(4,NULL,1,'role',0),(5,NULL,4,'role',0);
/*!40000 ALTER TABLE `nsm_principal` ENABLE KEYS */;
UNLOCK TABLES;

--
-- Table structure for table `nsm_principal_target`
--

DROP TABLE IF EXISTS `nsm_principal_target`;
/*!40101 SET @saved_cs_client     = @@character_set_client */;
/*!40101 SET character_set_client = utf8 */;
CREATE TABLE `nsm_principal_target` (
  `pt_id` int(11) NOT NULL AUTO_INCREMENT,
  `pt_principal_id` int(11) NOT NULL,
  `pt_target_id` int(11) NOT NULL,
  PRIMARY KEY (`pt_id`),
  KEY `pt_target_id_ix_idx` (`pt_target_id`),
  KEY `pt_principal_id_ix_idx` (`pt_principal_id`),
  CONSTRAINT `nsm_principal_target_pt_principal_id_nsm_principal_principal_id` FOREIGN KEY (`pt_principal_id`) REFERENCES `nsm_principal` (`principal_id`) ON DELETE CASCADE ON UPDATE CASCADE,
  CONSTRAINT `nsm_principal_target_pt_target_id_nsm_target_target_id` FOREIGN KEY (`pt_target_id`) REFERENCES `nsm_target` (`target_id`) ON DELETE CASCADE ON UPDATE CASCADE
) ENGINE=InnoDB AUTO_INCREMENT=14 DEFAULT CHARSET=latin1;
/*!40101 SET character_set_client = @saved_cs_client */;

--
-- Dumping data for table `nsm_principal_target`
--

LOCK TABLES `nsm_principal_target` WRITE;
/*!40000 ALTER TABLE `nsm_principal_target` DISABLE KEYS */;
INSERT INTO `nsm_principal_target` VALUES (1,2,8),(2,2,13),(3,3,9),(4,3,10),(5,3,11),(6,4,8),(7,5,7),(8,3,15),(9,3,16),(10,3,17),(11,3,18),(12,4,20),(13,3,21);
/*!40000 ALTER TABLE `nsm_principal_target` ENABLE KEYS */;
UNLOCK TABLES;

--
-- Table structure for table `nsm_role`
--

DROP TABLE IF EXISTS `nsm_role`;
/*!40101 SET @saved_cs_client     = @@character_set_client */;
/*!40101 SET character_set_client = utf8 */;
CREATE TABLE `nsm_role` (
  `role_id` int(11) NOT NULL AUTO_INCREMENT,
  `role_name` varchar(40) NOT NULL,
  `role_description` varchar(255) DEFAULT NULL,
  `role_disabled` tinyint(4) NOT NULL DEFAULT '0',
  `role_created` datetime NOT NULL,
  `role_modified` datetime NOT NULL,
  `role_parent` int(11) DEFAULT NULL,
  PRIMARY KEY (`role_id`),
  KEY `role_parent_idx` (`role_parent`),
  CONSTRAINT `nsm_role_role_parent_nsm_role_role_id` FOREIGN KEY (`role_parent`) REFERENCES `nsm_role` (`role_id`)
) ENGINE=InnoDB AUTO_INCREMENT=5 DEFAULT CHARSET=latin1;
/*!40101 SET character_set_client = @saved_cs_client */;

--
-- Dumping data for table `nsm_role`
--

LOCK TABLES `nsm_role` WRITE;
/*!40000 ALTER TABLE `nsm_role` DISABLE KEYS */;
INSERT INTO `nsm_role` VALUES (1,'icinga_user','The default representation of a ICINGA user',0,'2015-07-03 06:53:41','2015-07-03 06:53:41',NULL),(2,'appkit_user','Appkit user test',0,'2015-07-03 06:53:41','2015-07-03 06:53:41',NULL),(3,'appkit_admin','AppKit admin',0,'2015-07-03 06:53:41','2015-07-03 06:53:41',2),(4,'guest','Unauthorized Guest',0,'2015-07-03 06:53:41','2015-07-03 06:53:41',NULL);
/*!40000 ALTER TABLE `nsm_role` ENABLE KEYS */;
UNLOCK TABLES;

--
-- Table structure for table `nsm_session`
--

DROP TABLE IF EXISTS `nsm_session`;
/*!40101 SET @saved_cs_client     = @@character_set_client */;
/*!40101 SET character_set_client = utf8 */;
CREATE TABLE `nsm_session` (
  `session_entry_id` int(11) NOT NULL AUTO_INCREMENT,
  `session_id` varchar(255) NOT NULL,
  `session_name` varchar(255) NOT NULL,
  `session_data` longtext NOT NULL,
  `session_checksum` varchar(255) NOT NULL,
  `session_created` datetime NOT NULL,
  `session_modified` datetime NOT NULL,
  PRIMARY KEY (`session_entry_id`)
) ENGINE=InnoDB DEFAULT CHARSET=latin1;
/*!40101 SET character_set_client = @saved_cs_client */;

--
-- Dumping data for table `nsm_session`
--

LOCK TABLES `nsm_session` WRITE;
/*!40000 ALTER TABLE `nsm_session` DISABLE KEYS */;
/*!40000 ALTER TABLE `nsm_session` ENABLE KEYS */;
UNLOCK TABLES;

--
-- Table structure for table `nsm_target`
--

DROP TABLE IF EXISTS `nsm_target`;
/*!40101 SET @saved_cs_client     = @@character_set_client */;
/*!40101 SET character_set_client = utf8 */;
CREATE TABLE `nsm_target` (
  `target_id` int(11) NOT NULL AUTO_INCREMENT,
  `target_name` varchar(45) NOT NULL,
  `target_description` varchar(100) DEFAULT NULL,
  `target_class` varchar(80) DEFAULT NULL,
  `target_type` varchar(45) NOT NULL,
  PRIMARY KEY (`target_id`),
  UNIQUE KEY `target_key_unique_target_name_idx` (`target_name`)
) ENGINE=InnoDB AUTO_INCREMENT=24 DEFAULT CHARSET=latin1;
/*!40101 SET character_set_client = @saved_cs_client */;

--
-- Dumping data for table `nsm_target`
--

LOCK TABLES `nsm_target` WRITE;
/*!40000 ALTER TABLE `nsm_target` DISABLE KEYS */;
INSERT INTO `nsm_target` VALUES (1,'IcingaHostgroup','Limit data access to specific hostgroups','IcingaDataHostgroupPrincipalTarget','icinga'),(2,'IcingaServicegroup','Limit data access to specific servicegroups','IcingaDataServicegroupPrincipalTarget','icinga'),(3,'IcingaHostCustomVariablePair','Limit data access to specific custom variables','IcingaDataHostCustomVariablePrincipalTarget','icinga'),(4,'IcingaServiceCustomVariablePair','Limit data access to specific custom variables','IcingaDataServiceCustomVariablePrincipalTarget','icinga'),(5,'IcingaContactgroup','Limit data access to users contact group membership','IcingaDataContactgroupPrincipalTarget','icinga'),(6,'IcingaCommandRo','Limit access to commands','IcingaDataCommandRoPrincipalTarget','icinga'),(7,'appkit.access','Access to login-page (which, actually, means no access)','','credential'),(8,'icinga.user','Access to icinga','','credential'),(9,'appkit.admin.groups','Access to group related data (e.g. share cronks)','','credential'),(10,'appkit.admin.users','Access to user related data (provider)','','credential'),(11,'appkit.admin','Access to admin panel ','','credential'),(12,'appkit.user.dummy','Basic right for users','','credential'),(13,'appkit.api.access','Access to web-based api adapter','','credential'),(14,'icinga.demoMode','Hide features like password reset which are not wanted in demo systems','','credential'),(15,'icinga.cronk.category.admin','Enables category admin features','','credential'),(16,'icinga.cronk.log','Allow user to view icinga-log','','credential'),(17,'icinga.control.view','Allow user to view icinga status','','credential'),(18,'icinga.control.admin','Allow user to administrate the icinga process','','credential'),(19,'IcingaCommandRestrictions','Disable critical commands for this user','IcingaDataCommandRestrictionPrincipalTarget','icinga'),(20,'icinga.cronk.custom','Allow user to create and modify custom cronks','','credential'),(21,'icinga.cronk.admin','Allow user to edit and delete all cronks','','credential'),(22,'IcingaService','Limit data access to specific services','IcingaDataServicePrincipalTarget','icinga'),(23,'IcingaHost','Limit data access to specific hosts','IcingaDataHostPrincipalTarget','icinga');
/*!40000 ALTER TABLE `nsm_target` ENABLE KEYS */;
UNLOCK TABLES;

--
-- Table structure for table `nsm_target_value`
--

DROP TABLE IF EXISTS `nsm_target_value`;
/*!40101 SET @saved_cs_client     = @@character_set_client */;
/*!40101 SET character_set_client = utf8 */;
CREATE TABLE `nsm_target_value` (
  `tv_pt_id` int(11) NOT NULL DEFAULT '0',
  `tv_key` varchar(45) NOT NULL DEFAULT '',
  `tv_val` varchar(45) NOT NULL,
  PRIMARY KEY (`tv_pt_id`,`tv_key`),
  CONSTRAINT `nsm_target_value_tv_pt_id_nsm_principal_target_pt_id` FOREIGN KEY (`tv_pt_id`) REFERENCES `nsm_principal_target` (`pt_id`) ON DELETE CASCADE ON UPDATE CASCADE
) ENGINE=InnoDB DEFAULT CHARSET=latin1;
/*!40101 SET character_set_client = @saved_cs_client */;

--
-- Dumping data for table `nsm_target_value`
--

LOCK TABLES `nsm_target_value` WRITE;
/*!40000 ALTER TABLE `nsm_target_value` DISABLE KEYS */;
/*!40000 ALTER TABLE `nsm_target_value` ENABLE KEYS */;
UNLOCK TABLES;

--
-- Table structure for table `nsm_user`
--

DROP TABLE IF EXISTS `nsm_user`;
/*!40101 SET @saved_cs_client     = @@character_set_client */;
/*!40101 SET character_set_client = utf8 */;
CREATE TABLE `nsm_user` (
  `user_id` int(11) NOT NULL AUTO_INCREMENT,
  `user_account` int(11) NOT NULL DEFAULT '0',
  `user_name` varchar(127) NOT NULL,
  `user_lastname` varchar(40) NOT NULL,
  `user_firstname` varchar(40) NOT NULL,
  `user_password` varchar(64) NOT NULL,
  `user_salt` varchar(64) NOT NULL,
  `user_authsrc` varchar(45) NOT NULL DEFAULT 'internal',
  `user_authid` text,
  `user_authkey` varchar(64) DEFAULT NULL,
  `user_email` varchar(254) NOT NULL,
  `user_description` varchar(255) DEFAULT NULL,
  `user_disabled` tinyint(4) NOT NULL DEFAULT '1',
  `user_created` datetime NOT NULL,
  `user_modified` datetime NOT NULL,
  `user_last_login` datetime DEFAULT NULL,
  PRIMARY KEY (`user_id`),
  UNIQUE KEY `user_name_unique_idx` (`user_name`),
  KEY `user_search_idx` (`user_name`,`user_authsrc`,`user_disabled`,`user_authid`(127))
) ENGINE=InnoDB AUTO_INCREMENT=2 DEFAULT CHARSET=latin1;
/*!40101 SET character_set_client = @saved_cs_client */;

--
-- Dumping data for table `nsm_user`
--

LOCK TABLES `nsm_user` WRITE;
/*!40000 ALTER TABLE `nsm_user` DISABLE KEYS */;
INSERT INTO `nsm_user` VALUES (1,0,'root','Root','Enoch','42bc5093863dce8c150387a5bb7e3061cf3ea67d2cf1779671e1b0f435e953a1','0c099ae4627b144f3a7eaa763ba43b10fd5d1caa8738a98f11bb973bebc52ccd','internal',NULL,NULL,'root@localhost.local',NULL,0,'2015-07-03 06:53:41','2015-07-03 06:53:41',NULL);
/*!40000 ALTER TABLE `nsm_user` ENABLE KEYS */;
UNLOCK TABLES;

--
-- Table structure for table `nsm_user_preference`
--

DROP TABLE IF EXISTS `nsm_user_preference`;
/*!40101 SET @saved_cs_client     = @@character_set_client */;
/*!40101 SET character_set_client = utf8 */;
CREATE TABLE `nsm_user_preference` (
  `upref_id` int(11) NOT NULL AUTO_INCREMENT,
  `upref_user_id` int(11) NOT NULL,
  `upref_val` varchar(100) DEFAULT NULL,
  `upref_longval` longtext,
  `upref_key` varchar(50) NOT NULL,
  `upref_created` datetime NOT NULL,
  `upref_modified` datetime NOT NULL,
  PRIMARY KEY (`upref_id`),
  UNIQUE KEY `upref_user_key_unique_idx` (`upref_user_id`,`upref_key`),
  KEY `upref_search_key_idx_idx` (`upref_key`),
  KEY `principal_role_id_ix_idx` (`upref_user_id`),
  CONSTRAINT `nsm_user_preference_upref_user_id_nsm_user_user_id` FOREIGN KEY (`upref_user_id`) REFERENCES `nsm_user` (`user_id`) ON DELETE CASCADE ON UPDATE CASCADE
) ENGINE=InnoDB DEFAULT CHARSET=latin1;
/*!40101 SET character_set_client = @saved_cs_client */;

--
-- Dumping data for table `nsm_user_preference`
--

LOCK TABLES `nsm_user_preference` WRITE;
/*!40000 ALTER TABLE `nsm_user_preference` DISABLE KEYS */;
/*!40000 ALTER TABLE `nsm_user_preference` ENABLE KEYS */;
UNLOCK TABLES;

--
-- Table structure for table `nsm_user_role`
--

DROP TABLE IF EXISTS `nsm_user_role`;
/*!40101 SET @saved_cs_client     = @@character_set_client */;
/*!40101 SET character_set_client = utf8 */;
CREATE TABLE `nsm_user_role` (
  `usro_user_id` int(11) NOT NULL DEFAULT '0',
  `usro_role_id` int(11) NOT NULL DEFAULT '0',
  PRIMARY KEY (`usro_user_id`,`usro_role_id`),
  KEY `nsm_user_role_ix_idx` (`usro_role_id`),
  CONSTRAINT `nsm_user_role_usro_role_id_nsm_role_role_id` FOREIGN KEY (`usro_role_id`) REFERENCES `nsm_role` (`role_id`) ON DELETE CASCADE ON UPDATE CASCADE,
  CONSTRAINT `nsm_user_role_usro_user_id_nsm_user_user_id` FOREIGN KEY (`usro_user_id`) REFERENCES `nsm_user` (`user_id`) ON DELETE CASCADE ON UPDATE CASCADE
) ENGINE=InnoDB DEFAULT CHARSET=latin1;
/*!40101 SET character_set_client = @saved_cs_client */;

--
-- Dumping data for table `nsm_user_role`
--

LOCK TABLES `nsm_user_role` WRITE;
/*!40000 ALTER TABLE `nsm_user_role` DISABLE KEYS */;
INSERT INTO `nsm_user_role` VALUES (1,1),(1,2),(1,3);
/*!40000 ALTER TABLE `nsm_user_role` ENABLE KEYS */;
UNLOCK TABLES;

--
-- Current Database: `mysql`
--

CREATE DATABASE /*!32312 IF NOT EXISTS*/ `mysql` /*!40100 DEFAULT CHARACTER SET latin1 */;

USE `mysql`;

--
-- Table structure for table `columns_priv`
--

DROP TABLE IF EXISTS `columns_priv`;
/*!40101 SET @saved_cs_client     = @@character_set_client */;
/*!40101 SET character_set_client = utf8 */;
CREATE TABLE `columns_priv` (
  `Host` char(60) COLLATE utf8_bin NOT NULL DEFAULT '',
  `Db` char(64) COLLATE utf8_bin NOT NULL DEFAULT '',
  `User` char(16) COLLATE utf8_bin NOT NULL DEFAULT '',
  `Table_name` char(64) COLLATE utf8_bin NOT NULL DEFAULT '',
  `Column_name` char(64) COLLATE utf8_bin NOT NULL DEFAULT '',
  `Timestamp` timestamp NOT NULL DEFAULT CURRENT_TIMESTAMP ON UPDATE CURRENT_TIMESTAMP,
  `Column_priv` set('Select','Insert','Update','References') CHARACTER SET utf8 NOT NULL DEFAULT '',
  PRIMARY KEY (`Host`,`Db`,`User`,`Table_name`,`Column_name`)
) ENGINE=MyISAM DEFAULT CHARSET=utf8 COLLATE=utf8_bin COMMENT='Column privileges';
/*!40101 SET character_set_client = @saved_cs_client */;

--
-- Dumping data for table `columns_priv`
--

LOCK TABLES `columns_priv` WRITE;
/*!40000 ALTER TABLE `columns_priv` DISABLE KEYS */;
/*!40000 ALTER TABLE `columns_priv` ENABLE KEYS */;
UNLOCK TABLES;

--
-- Table structure for table `db`
--

DROP TABLE IF EXISTS `db`;
/*!40101 SET @saved_cs_client     = @@character_set_client */;
/*!40101 SET character_set_client = utf8 */;
CREATE TABLE `db` (
  `Host` char(60) COLLATE utf8_bin NOT NULL DEFAULT '',
  `Db` char(64) COLLATE utf8_bin NOT NULL DEFAULT '',
  `User` char(16) COLLATE utf8_bin NOT NULL DEFAULT '',
  `Select_priv` enum('N','Y') CHARACTER SET utf8 NOT NULL DEFAULT 'N',
  `Insert_priv` enum('N','Y') CHARACTER SET utf8 NOT NULL DEFAULT 'N',
  `Update_priv` enum('N','Y') CHARACTER SET utf8 NOT NULL DEFAULT 'N',
  `Delete_priv` enum('N','Y') CHARACTER SET utf8 NOT NULL DEFAULT 'N',
  `Create_priv` enum('N','Y') CHARACTER SET utf8 NOT NULL DEFAULT 'N',
  `Drop_priv` enum('N','Y') CHARACTER SET utf8 NOT NULL DEFAULT 'N',
  `Grant_priv` enum('N','Y') CHARACTER SET utf8 NOT NULL DEFAULT 'N',
  `References_priv` enum('N','Y') CHARACTER SET utf8 NOT NULL DEFAULT 'N',
  `Index_priv` enum('N','Y') CHARACTER SET utf8 NOT NULL DEFAULT 'N',
  `Alter_priv` enum('N','Y') CHARACTER SET utf8 NOT NULL DEFAULT 'N',
  `Create_tmp_table_priv` enum('N','Y') CHARACTER SET utf8 NOT NULL DEFAULT 'N',
  `Lock_tables_priv` enum('N','Y') CHARACTER SET utf8 NOT NULL DEFAULT 'N',
  `Create_view_priv` enum('N','Y') CHARACTER SET utf8 NOT NULL DEFAULT 'N',
  `Show_view_priv` enum('N','Y') CHARACTER SET utf8 NOT NULL DEFAULT 'N',
  `Create_routine_priv` enum('N','Y') CHARACTER SET utf8 NOT NULL DEFAULT 'N',
  `Alter_routine_priv` enum('N','Y') CHARACTER SET utf8 NOT NULL DEFAULT 'N',
  `Execute_priv` enum('N','Y') CHARACTER SET utf8 NOT NULL DEFAULT 'N',
  `Event_priv` enum('N','Y') CHARACTER SET utf8 NOT NULL DEFAULT 'N',
  `Trigger_priv` enum('N','Y') CHARACTER SET utf8 NOT NULL DEFAULT 'N',
  PRIMARY KEY (`Host`,`Db`,`User`),
  KEY `User` (`User`)
) ENGINE=MyISAM DEFAULT CHARSET=utf8 COLLATE=utf8_bin COMMENT='Database privileges';
/*!40101 SET character_set_client = @saved_cs_client */;

--
-- Dumping data for table `db`
--

LOCK TABLES `db` WRITE;
/*!40000 ALTER TABLE `db` DISABLE KEYS */;
INSERT INTO `db` VALUES ('localhost','icinga_web','icinga_web','Y','Y','Y','Y','Y','Y','N','Y','Y','Y','Y','Y','Y','Y','Y','Y','Y','Y','Y'),('localhost','icinga','icinga-idoutils','Y','Y','Y','Y','Y','Y','N','Y','Y','Y','Y','Y','Y','Y','Y','Y','Y','Y','Y'),('localhost','cacti','cacti','Y','Y','Y','Y','Y','Y','N','Y','Y','Y','Y','Y','Y','Y','Y','Y','Y','Y','Y'),('10.0.69.3','cacti','cacti','Y','Y','Y','Y','Y','Y','N','Y','Y','Y','Y','Y','Y','Y','Y','Y','Y','Y','Y'),('10.0.69.3','icinga','icinga-idoutils','Y','Y','Y','Y','Y','Y','N','Y','Y','Y','Y','Y','Y','Y','Y','Y','Y','Y','Y'),('10.0.69.3','icinga_web','icinga_web','Y','Y','Y','Y','Y','Y','N','Y','Y','Y','Y','Y','Y','Y','Y','Y','Y','Y','Y');
/*!40000 ALTER TABLE `db` ENABLE KEYS */;
UNLOCK TABLES;

--
-- Table structure for table `event`
--

DROP TABLE IF EXISTS `event`;
/*!40101 SET @saved_cs_client     = @@character_set_client */;
/*!40101 SET character_set_client = utf8 */;
CREATE TABLE `event` (
  `db` char(64) CHARACTER SET utf8 COLLATE utf8_bin NOT NULL DEFAULT '',
  `name` char(64) NOT NULL DEFAULT '',
  `body` longblob NOT NULL,
  `definer` char(77) CHARACTER SET utf8 COLLATE utf8_bin NOT NULL DEFAULT '',
  `execute_at` datetime DEFAULT NULL,
  `interval_value` int(11) DEFAULT NULL,
  `interval_field` enum('YEAR','QUARTER','MONTH','DAY','HOUR','MINUTE','WEEK','SECOND','MICROSECOND','YEAR_MONTH','DAY_HOUR','DAY_MINUTE','DAY_SECOND','HOUR_MINUTE','HOUR_SECOND','MINUTE_SECOND','DAY_MICROSECOND','HOUR_MICROSECOND','MINUTE_MICROSECOND','SECOND_MICROSECOND') DEFAULT NULL,
  `created` timestamp NOT NULL DEFAULT CURRENT_TIMESTAMP ON UPDATE CURRENT_TIMESTAMP,
  `modified` timestamp NOT NULL DEFAULT '0000-00-00 00:00:00',
  `last_executed` datetime DEFAULT NULL,
  `starts` datetime DEFAULT NULL,
  `ends` datetime DEFAULT NULL,
  `status` enum('ENABLED','DISABLED','SLAVESIDE_DISABLED') NOT NULL DEFAULT 'ENABLED',
  `on_completion` enum('DROP','PRESERVE') NOT NULL DEFAULT 'DROP',
  `sql_mode` set('REAL_AS_FLOAT','PIPES_AS_CONCAT','ANSI_QUOTES','IGNORE_SPACE','NOT_USED','ONLY_FULL_GROUP_BY','NO_UNSIGNED_SUBTRACTION','NO_DIR_IN_CREATE','POSTGRESQL','ORACLE','MSSQL','DB2','MAXDB','NO_KEY_OPTIONS','NO_TABLE_OPTIONS','NO_FIELD_OPTIONS','MYSQL323','MYSQL40','ANSI','NO_AUTO_VALUE_ON_ZERO','NO_BACKSLASH_ESCAPES','STRICT_TRANS_TABLES','STRICT_ALL_TABLES','NO_ZERO_IN_DATE','NO_ZERO_DATE','INVALID_DATES','ERROR_FOR_DIVISION_BY_ZERO','TRADITIONAL','NO_AUTO_CREATE_USER','HIGH_NOT_PRECEDENCE','NO_ENGINE_SUBSTITUTION','PAD_CHAR_TO_FULL_LENGTH') NOT NULL DEFAULT '',
  `comment` char(64) CHARACTER SET utf8 COLLATE utf8_bin NOT NULL DEFAULT '',
  `originator` int(10) unsigned NOT NULL,
  `time_zone` char(64) CHARACTER SET latin1 NOT NULL DEFAULT 'SYSTEM',
  `character_set_client` char(32) CHARACTER SET utf8 COLLATE utf8_bin DEFAULT NULL,
  `collation_connection` char(32) CHARACTER SET utf8 COLLATE utf8_bin DEFAULT NULL,
  `db_collation` char(32) CHARACTER SET utf8 COLLATE utf8_bin DEFAULT NULL,
  `body_utf8` longblob,
  PRIMARY KEY (`db`,`name`)
) ENGINE=MyISAM DEFAULT CHARSET=utf8 COMMENT='Events';
/*!40101 SET character_set_client = @saved_cs_client */;

--
-- Table structure for table `func`
--

DROP TABLE IF EXISTS `func`;
/*!40101 SET @saved_cs_client     = @@character_set_client */;
/*!40101 SET character_set_client = utf8 */;
CREATE TABLE `func` (
  `name` char(64) COLLATE utf8_bin NOT NULL DEFAULT '',
  `ret` tinyint(1) NOT NULL DEFAULT '0',
  `dl` char(128) COLLATE utf8_bin NOT NULL DEFAULT '',
  `type` enum('function','aggregate') CHARACTER SET utf8 NOT NULL,
  PRIMARY KEY (`name`)
) ENGINE=MyISAM DEFAULT CHARSET=utf8 COLLATE=utf8_bin COMMENT='User defined functions';
/*!40101 SET character_set_client = @saved_cs_client */;

--
-- Dumping data for table `func`
--

LOCK TABLES `func` WRITE;
/*!40000 ALTER TABLE `func` DISABLE KEYS */;
/*!40000 ALTER TABLE `func` ENABLE KEYS */;
UNLOCK TABLES;

--
-- Table structure for table `help_category`
--

DROP TABLE IF EXISTS `help_category`;
/*!40101 SET @saved_cs_client     = @@character_set_client */;
/*!40101 SET character_set_client = utf8 */;
CREATE TABLE `help_category` (
  `help_category_id` smallint(5) unsigned NOT NULL,
  `name` char(64) NOT NULL,
  `parent_category_id` smallint(5) unsigned DEFAULT NULL,
  `url` text NOT NULL,
  PRIMARY KEY (`help_category_id`),
  UNIQUE KEY `name` (`name`)
) ENGINE=MyISAM DEFAULT CHARSET=utf8 COMMENT='help categories';
/*!40101 SET character_set_client = @saved_cs_client */;

--
-- Dumping data for table `help_category`
--

LOCK TABLES `help_category` WRITE;
/*!40000 ALTER TABLE `help_category` DISABLE KEYS */;
INSERT INTO `help_category` VALUES (1,'Geographic',0,''),(2,'Polygon properties',35,''),(3,'Numeric Functions',39,''),(4,'WKT',35,''),(5,'Plugins',36,''),(6,'Control flow functions',39,''),(7,'MBR',35,''),(8,'Transactions',36,''),(9,'Help Metadata',36,''),(10,'Account Management',36,''),(11,'Point properties',35,''),(12,'Encryption Functions',39,''),(13,'LineString properties',35,''),(14,'Miscellaneous Functions',39,''),(15,'Logical operators',39,''),(16,'Functions and Modifiers for Use with GROUP BY',36,''),(17,'Information Functions',39,''),(18,'Storage Engines',36,''),(19,'Bit Functions',39,''),(20,'Comparison operators',39,''),(21,'Table Maintenance',36,''),(22,'User-Defined Functions',36,''),(23,'Data Types',36,''),(24,'Compound Statements',36,''),(25,'Geometry constructors',35,''),(26,'GeometryCollection properties',1,''),(27,'Administration',36,''),(28,'Data Manipulation',36,''),(29,'Utility',36,''),(30,'Language Structure',36,''),(31,'Geometry relations',35,''),(32,'Date and Time Functions',39,''),(33,'WKB',35,''),(34,'Procedures',36,''),(35,'Geographic Features',36,''),(36,'Contents',0,''),(37,'Geometry properties',35,''),(38,'String Functions',39,''),(39,'Functions',36,''),(40,'Data Definition',36,'');
/*!40000 ALTER TABLE `help_category` ENABLE KEYS */;
UNLOCK TABLES;

--
-- Table structure for table `help_keyword`
--

DROP TABLE IF EXISTS `help_keyword`;
/*!40101 SET @saved_cs_client     = @@character_set_client */;
/*!40101 SET character_set_client = utf8 */;
CREATE TABLE `help_keyword` (
  `help_keyword_id` int(10) unsigned NOT NULL,
  `name` char(64) NOT NULL,
  PRIMARY KEY (`help_keyword_id`),
  UNIQUE KEY `name` (`name`)
) ENGINE=MyISAM DEFAULT CHARSET=utf8 COMMENT='help keywords';
/*!40101 SET character_set_client = @saved_cs_client */;

--
-- Dumping data for table `help_keyword`
--

LOCK TABLES `help_keyword` WRITE;
/*!40000 ALTER TABLE `help_keyword` DISABLE KEYS */;
INSERT INTO `help_keyword` VALUES (0,'JOIN'),(1,'HOST'),(2,'REPEAT'),(3,'SERIALIZABLE'),(4,'REPLACE'),(5,'AT'),(6,'SCHEDULE'),(7,'RETURNS'),(8,'STARTS'),(9,'MASTER_SSL_CA'),(10,'NCHAR'),(11,'ONLY'),(12,'COLUMNS'),(13,'COMPLETION'),(14,'WORK'),(15,'DATETIME'),(16,'MODE'),(17,'OPEN'),(18,'INTEGER'),(19,'ESCAPE'),(20,'VALUE'),(21,'MASTER_SSL_VERIFY_SERVER_CERT'),(22,'SQL_BIG_RESULT'),(23,'DROP'),(24,'GEOMETRYCOLLECTIONFROMWKB'),(25,'EVENTS'),(26,'MONTH'),(27,'PROFILES'),(28,'DUPLICATE'),(29,'REPLICATION'),(30,'UNLOCK'),(31,'INNODB'),(32,'YEAR_MONTH'),(33,'SUBJECT'),(34,'PREPARE'),(35,'LOCK'),(36,'NDB'),(37,'CHECK'),(38,'FULL'),(39,'INT4'),(40,'BY'),(41,'NO'),(42,'MINUTE'),(43,'PARTITION'),(44,'DATA'),(45,'DAY'),(46,'SHARE'),(47,'REAL'),(48,'SEPARATOR'),(49,'MESSAGE_TEXT'),(50,'MASTER_HEARTBEAT_PERIOD'),(51,'DELETE'),(52,'ON'),(53,'COLUMN_NAME'),(54,'CONNECTION'),(55,'CLOSE'),(56,'X509'),(57,'USE'),(58,'SUBCLASS_ORIGIN'),(59,'WHERE'),(60,'PRIVILEGES'),(61,'SPATIAL'),(62,'EVENT'),(63,'SUPER'),(64,'SQL_BUFFER_RESULT'),(65,'IGNORE'),(66,'SHA2'),(67,'QUICK'),(68,'SIGNED'),(69,'OFFLINE'),(70,'SECURITY'),(71,'AUTOEXTEND_SIZE'),(72,'NDBCLUSTER'),(73,'POLYGONFROMWKB'),(74,'FALSE'),(75,'LEVEL'),(76,'FORCE'),(77,'BINARY'),(78,'TO'),(79,'CHANGE'),(80,'CURRENT_USER'),(81,'HOUR_MINUTE'),(82,'UPDATE'),(83,'PRESERVE'),(84,'TABLE_NAME'),(85,'INTO'),(86,'FEDERATED'),(87,'VARYING'),(88,'MAX_SIZE'),(89,'HOUR_SECOND'),(90,'VARIABLE'),(91,'ROLLBACK'),(92,'PROCEDURE'),(93,'TIMESTAMP'),(94,'IMPORT'),(95,'AGAINST'),(96,'CHECKSUM'),(97,'COUNT'),(98,'INSERT'),(99,'LONGBINARY'),(100,'THEN'),(101,'ENGINES'),(102,'HANDLER'),(103,'PORT'),(104,'DAY_SECOND'),(105,'EXISTS'),(106,'MUTEX'),(107,'HELP_DATE'),(108,'RELEASE'),(109,'BOOLEAN'),(110,'MOD'),(111,'DEFAULT'),(112,'TYPE'),(113,'NO_WRITE_TO_BINLOG'),(114,'OPTIMIZE'),(115,'SQLSTATE'),(116,'RESET'),(117,'CLASS_ORIGIN'),(118,'INSTALL'),(119,'ITERATE'),(120,'DO'),(121,'BIGINT'),(122,'SET'),(123,'ISSUER'),(124,'DATE'),(125,'STATUS'),(126,'FULLTEXT'),(127,'COMMENT'),(128,'MASTER_CONNECT_RETRY'),(129,'INNER'),(130,'RELAYLOG'),(131,'STOP'),(132,'MASTER_LOG_FILE'),(133,'MRG_MYISAM'),(134,'PRECISION'),(135,'REQUIRE'),(136,'TRAILING'),(137,'PARTITIONS'),(138,'LONG'),(139,'OPTION'),(140,'REORGANIZE'),(141,'ELSE'),(142,'DEALLOCATE'),(143,'IO_THREAD'),(144,'CASE'),(145,'CIPHER'),(146,'CONTINUE'),(147,'FROM'),(148,'READ'),(149,'LEFT'),(150,'ELSEIF'),(151,'MINUTE_SECOND'),(152,'COMPACT'),(153,'DEC'),(154,'FOR'),(155,'WARNINGS'),(156,'MIN_ROWS'),(157,'STRING'),(158,'CONDITION'),(159,'ENCLOSED'),(160,'FUNCTION'),(161,'AGGREGATE'),(162,'FIELDS'),(163,'INT3'),(164,'ARCHIVE'),(165,'AVG_ROW_LENGTH'),(166,'ADD'),(167,'KILL'),(168,'FLOAT4'),(169,'TABLESPACE'),(170,'VIEW'),(171,'REPEATABLE'),(172,'INFILE'),(173,'HELP_VERSION'),(174,'ORDER'),(175,'USING'),(176,'CONSTRAINT_CATALOG'),(177,'MIDDLEINT'),(178,'GRANT'),(179,'UNSIGNED'),(180,'DECIMAL'),(181,'GEOMETRYFROMTEXT'),(182,'INDEXES'),(183,'FOREIGN'),(184,'CACHE'),(185,'HOSTS'),(186,'MYSQL_ERRNO'),(187,'COMMIT'),(188,'SCHEMAS'),(189,'LEADING'),(190,'SNAPSHOT'),(191,'CONSTRAINT_NAME'),(192,'DECLARE'),(193,'LOAD'),(194,'SQL_CACHE'),(195,'CONVERT'),(196,'DYNAMIC'),(197,'COLLATE'),(198,'POLYGONFROMTEXT'),(199,'BYTE'),(200,'ENVELOPE'),(201,'GLOBAL'),(202,'LINESTRINGFROMWKB'),(203,'WHEN'),(204,'HAVING'),(205,'AS'),(206,'STARTING'),(207,'RELOAD'),(208,'AUTOCOMMIT'),(209,'REVOKE'),(210,'GRANTS'),(211,'OUTER'),(212,'CURSOR_NAME'),(213,'FLOOR'),(214,'EXPLAIN'),(215,'WITH'),(216,'AFTER'),(217,'STD'),(218,'CSV'),(219,'DISABLE'),(220,'UNINSTALL'),(221,'OUTFILE'),(222,'LOW_PRIORITY'),(223,'FILE'),(224,'NODEGROUP'),(225,'SCHEMA'),(226,'SONAME'),(227,'POW'),(228,'DUAL'),(229,'INDEX'),(230,'MULTIPOINTFROMWKB'),(231,'MULTIPOINTFROMTEXT'),(232,'DEFINER'),(233,'MASTER_BIND'),(234,'REMOVE'),(235,'EXTENDED'),(236,'MULTILINESTRINGFROMWKB'),(237,'CROSS'),(238,'CONTRIBUTORS'),(239,'NATIONAL'),(240,'GROUP'),(241,'SHA'),(242,'ONLINE'),(243,'UNDO'),(244,'IGNORE_SERVER_IDS'),(245,'ZEROFILL'),(246,'CLIENT'),(247,'MASTER_PASSWORD'),(248,'OWNER'),(249,'RELAY_LOG_FILE'),(250,'TRUE'),(251,'CHARACTER'),(252,'MASTER_USER'),(253,'SCHEMA_NAME'),(254,'TABLE'),(255,'ENGINE'),(256,'INSERT_METHOD'),(257,'CASCADE'),(258,'RELAY_LOG_POS'),(259,'SQL_CALC_FOUND_ROWS'),(260,'UNION'),(261,'MYISAM'),(262,'LEAVE'),(263,'MODIFY'),(264,'MATCH'),(265,'MASTER_LOG_POS'),(266,'DISTINCTROW'),(267,'DESC'),(268,'TIME'),(269,'NUMERIC'),(270,'EXPANSION'),(271,'CODE'),(272,'CURSOR'),(273,'GEOMETRYCOLLECTIONFROMTEXT'),(274,'AREA'),(275,'CHAIN'),(276,'LOGFILE'),(277,'FLUSH'),(278,'CREATE'),(279,'DESCRIBE'),(280,'EXTENT_SIZE'),(281,'MAX_UPDATES_PER_HOUR'),(282,'INT2'),(283,'PROCESSLIST'),(284,'ENDS'),(285,'LOGS'),(286,'RECOVER'),(287,'DISCARD'),(288,'HEAP'),(289,'SOUNDS'),(290,'BETWEEN'),(291,'MULTILINESTRINGFROMTEXT'),(292,'REPAIR'),(293,'PACK_KEYS'),(294,'FAST'),(295,'VALUES'),(296,'CALL'),(297,'LOOP'),(298,'VARCHARACTER'),(299,'BEFORE'),(300,'TRUNCATE'),(301,'SHOW'),(302,'ALL'),(303,'REDUNDANT'),(304,'USER_RESOURCES'),(305,'PARTIAL'),(306,'BINLOG'),(307,'END'),(308,'SECOND'),(309,'AND'),(310,'FLOAT8'),(311,'PREV'),(312,'HOUR'),(313,'SELECT'),(314,'DATABASES'),(315,'OR'),(316,'IDENTIFIED'),(317,'WRAPPER'),(318,'MASTER_SSL_CIPHER'),(319,'SQL_SLAVE_SKIP_COUNTER'),(320,'BOOL'),(321,'BOTH'),(322,'YEAR'),(323,'MASTER_PORT'),(324,'CONCURRENT'),(325,'HELP'),(326,'UNIQUE'),(327,'TRIGGERS'),(328,'PROCESS'),(329,'OPTIONS'),(330,'RESIGNAL'),(331,'CONSISTENT'),(332,'MASTER_SSL'),(333,'DATE_ADD'),(334,'MAX_CONNECTIONS_PER_HOUR'),(335,'LIKE'),(336,'PLUGIN'),(337,'FETCH'),(338,'IN'),(339,'COLUMN'),(340,'DUMPFILE'),(341,'USAGE'),(342,'EXECUTE'),(343,'MEMORY'),(344,'CEIL'),(345,'QUERY'),(346,'MASTER_HOST'),(347,'LINES'),(348,'SQL_THREAD'),(349,'SERVER'),(350,'MAX_QUERIES_PER_HOUR'),(351,'MASTER_SSL_CERT'),(352,'MULTIPOLYGONFROMWKB'),(353,'TRANSACTION'),(354,'DAY_MINUTE'),(355,'DATE_SUB'),(356,'STDDEV'),(357,'REBUILD'),(358,'GEOMETRYFROMWKB'),(359,'INT1'),(360,'RENAME'),(361,'PARSER'),(362,'RIGHT'),(363,'ALTER'),(364,'MAX_ROWS'),(365,'SOCKET'),(366,'STRAIGHT_JOIN'),(367,'NATURAL'),(368,'VARIABLES'),(369,'ESCAPED'),(370,'SHA1'),(371,'KEY_BLOCK_SIZE'),(372,'PASSWORD'),(373,'OFFSET'),(374,'CHAR'),(375,'NEXT'),(376,'ERRORS'),(377,'SQL_LOG_BIN'),(378,'TEMPORARY'),(379,'COMMITTED'),(380,'SQL_SMALL_RESULT'),(381,'UPGRADE'),(382,'XA'),(383,'BEGIN'),(384,'DELAY_KEY_WRITE'),(385,'PROFILE'),(386,'MEDIUM'),(387,'INTERVAL'),(388,'CENTROID'),(389,'SSL'),(390,'DAY_HOUR'),(391,'NAME'),(392,'REFERENCES'),(393,'AES_ENCRYPT'),(394,'STORAGE'),(395,'ISOLATION'),(396,'CEILING'),(397,'EVERY'),(398,'INT8'),(399,'AUTHORS'),(400,'RESTRICT'),(401,'UNCOMMITTED'),(402,'LINESTRINGFROMTEXT'),(403,'IS'),(404,'NOT'),(405,'ANALYSE'),(406,'DATAFILE'),(407,'DES_KEY_FILE'),(408,'SIGNAL'),(409,'COMPRESSED'),(410,'START'),(411,'PLUGINS'),(412,'SAVEPOINT'),(413,'IF'),(414,'ROWS'),(415,'PRIMARY'),(416,'PURGE'),(417,'LAST'),(418,'USER'),(419,'EXIT'),(420,'KEYS'),(421,'LIMIT'),(422,'KEY'),(423,'MERGE'),(424,'UNTIL'),(425,'SQL_NO_CACHE'),(426,'DELAYED'),(427,'CONSTRAINT_SCHEMA'),(428,'ANALYZE'),(429,'CONSTRAINT'),(430,'SERIAL'),(431,'ACTION'),(432,'WRITE'),(433,'INITIAL_SIZE'),(434,'SESSION'),(435,'DATABASE'),(436,'NULL'),(437,'POWER'),(438,'USE_FRM'),(439,'TERMINATED'),(440,'SLAVE'),(441,'NVARCHAR'),(442,'ASC'),(443,'RETURN'),(444,'OPTIONALLY'),(445,'ENABLE'),(446,'DIRECTORY'),(447,'MAX_USER_CONNECTIONS'),(448,'WHILE'),(449,'LOCAL'),(450,'AES_DECRYPT'),(451,'DISTINCT'),(452,'MASTER_SSL_KEY'),(453,'NONE'),(454,'TABLES'),(455,'<>'),(456,'RLIKE'),(457,'TRIGGER'),(458,'COLLATION'),(459,'SHUTDOWN'),(460,'HIGH_PRIORITY'),(461,'BTREE'),(462,'FIRST'),(463,'COALESCE'),(464,'WAIT'),(465,'CATALOG_NAME'),(466,'MASTER'),(467,'FIXED'),(468,'MULTIPOLYGONFROMTEXT'),(469,'ROW_FORMAT');
/*!40000 ALTER TABLE `help_keyword` ENABLE KEYS */;
UNLOCK TABLES;

--
-- Table structure for table `help_relation`
--

DROP TABLE IF EXISTS `help_relation`;
/*!40101 SET @saved_cs_client     = @@character_set_client */;
/*!40101 SET character_set_client = utf8 */;
CREATE TABLE `help_relation` (
  `help_topic_id` int(10) unsigned NOT NULL,
  `help_keyword_id` int(10) unsigned NOT NULL,
  PRIMARY KEY (`help_keyword_id`,`help_topic_id`)
) ENGINE=MyISAM DEFAULT CHARSET=utf8 COMMENT='keyword-topic relation';
/*!40101 SET character_set_client = @saved_cs_client */;

--
-- Dumping data for table `help_relation`
--

LOCK TABLES `help_relation` WRITE;
/*!40000 ALTER TABLE `help_relation` DISABLE KEYS */;
INSERT INTO `help_relation` VALUES (1,0),(357,0),(476,1),(234,2),(450,3),(3,4),(131,4),(422,4),(90,5),(90,6),(407,6),(98,7),(90,8),(186,9),(431,10),(436,11),(21,12),(348,12),(422,12),(466,12),(471,12),(90,13),(407,13),(147,14),(231,15),(89,16),(357,16),(18,17),(107,17),(135,17),(348,17),(98,18),(503,18),(381,19),(3,20),(105,20),(245,20),(375,20),(462,20),(186,21),(357,22),(9,23),(31,23),(35,23),(88,23),(187,23),(232,23),(239,23),(265,23),(278,23),(302,23),(332,23),(406,23),(416,23),(417,23),(466,23),(481,23),(109,24),(123,25),(171,25),(425,25),(377,26),(83,27),(105,28),(200,29),(37,30),(348,31),(471,31),(377,32),(200,33),(36,34),(239,34),(436,34),(37,35),(357,35),(471,36),(418,37),(466,37),(471,37),(21,38),(296,38),(348,38),(454,38),(471,38),(503,39),(50,40),(78,40),(84,40),(131,40),(200,40),(357,40),(361,40),(422,40),(466,40),(471,40),(471,41),(475,41),(377,42),(466,43),(471,43),(213,44),(422,44),(471,44),(476,44),(377,45),(357,46),(98,47),(316,47),(361,48),(375,49),(462,49),(186,50),(50,51),(471,51),(475,51),(1,52),(90,52),(407,52),(475,52),(375,53),(462,53),(177,54),(471,54),(53,55),(107,55),(200,56),(1,57),(57,57),(195,57),(375,58),(462,58),(50,59),(84,59),(107,59),(194,60),(200,60),(251,60),(211,61),(466,61),(90,62),(302,62),(359,62),(407,62),(200,63),(357,64),(1,65),(84,65),(105,65),(131,65),(357,65),(422,65),(466,65),(68,66),(50,67),(418,67),(469,67),(231,68),(88,69),(211,69),(466,69),(200,70),(195,71),(471,72),(92,73),(485,73),(386,74),(450,75),(1,76),(40,77),(231,77),(271,77),(186,78),(271,78),(463,78),(186,79),(466,79),(90,80),(407,80),(377,81),(84,82),(105,82),(357,82),(475,82),(90,83),(407,83),(375,84),(462,84),(3,85),(105,85),(306,85),(357,85),(471,86),(260,87),(195,88),(377,89),(130,90),(147,91),(436,91),(463,91),(17,92),(190,92),(304,92),(330,92),(348,92),(357,92),(417,92),(442,92),(491,92),(100,93),(189,93),(422,94),(466,94),(89,95),(402,96),(471,96),(71,97),(331,97),(434,97),(105,98),(196,98),(303,98),(489,98),(287,99),(29,100),(59,100),(86,100),(284,101),(348,101),(107,102),(315,102),(476,103),(377,104),(9,105),(31,105),(90,105),(156,105),(187,105),(278,105),(302,105),(348,106),(366,106),(110,107),(147,108),(436,108),(463,108),(24,109),(89,109),(114,110),(175,110),(3,111),(105,111),(156,111),(201,111),(213,111),(245,111),(466,111),(471,111),(466,112),(116,113),(328,113),(469,113),(473,113),(116,114),(466,114),(375,115),(462,115),(39,116),(120,116),(152,116),(266,116),(375,117),(462,117),(420,118),(125,119),(90,120),(126,120),(407,120),(499,120),(222,121),(3,122),(84,122),(105,122),(130,122),(131,122),(147,122),(156,122),(183,122),(213,122),(334,122),(348,122),(357,122),(375,122),(422,122),(462,122),(466,122),(471,122),(475,122),(480,122),(497,122),(200,123),(133,124),(231,124),(264,124),(377,124),(60,125),(138,125),(216,125),(224,125),(330,125),(337,125),(348,125),(366,125),(211,126),(466,126),(471,126),(90,127),(195,127),(211,127),(407,127),(471,127),(186,128),(1,129),(425,130),(54,131),(186,132),(471,133),(316,134),(200,135),(458,136),(257,137),(287,138),(200,139),(251,139),(466,140),(59,141),(86,141),(239,142),(54,143),(326,143),(59,144),(86,144),(200,145),(315,146),(50,147),(123,147),(348,147),(357,147),(425,147),(458,147),(37,148),(107,148),(436,148),(450,148),(1,149),(29,150),(377,151),(471,152),(210,153),(181,154),(315,154),(348,154),(357,154),(421,154),(331,155),(348,155),(471,156),(98,157),(181,158),(422,159),(35,160),(70,160),(98,160),(212,160),(235,160),(304,160),(337,160),(348,160),(394,160),(406,160),(417,160),(98,161),(348,162),(422,162),(254,163),(471,164),(466,165),(471,165),(65,166),(195,166),(466,166),(481,166),(177,167),(169,168),(195,169),(416,169),(466,169),(481,169),(31,170),(160,170),(457,170),(450,171),(131,172),(422,172),(191,173),(50,174),(84,174),(357,174),(361,174),(466,174),(1,175),(50,175),(87,175),(375,176),(462,176),(254,177),(200,178),(251,178),(24,179),(129,179),(169,179),(210,179),(231,179),(316,179),(503,179),(98,180),(157,180),(231,180),(413,181),(348,182),(466,183),(471,183),(475,183),(476,183),(102,184),(152,184),(306,184),(146,185),(348,185),(375,186),(462,186),(147,187),(436,187),(161,188),(348,188),(458,189),(147,190),(436,190),(375,191),(462,191),(181,192),(201,192),(315,192),(421,192),(306,193),(422,193),(357,194),(231,195),(378,195),(471,196),(156,197),(213,197),(471,197),(396,198),(468,199),(241,200),(130,201),(138,201),(183,201),(350,201),(450,201),(455,202),(59,203),(86,203),(357,204),(1,205),(37,205),(357,205),(422,206),(200,207),(147,208),(251,209),(193,210),(348,210),(1,211),(375,212),(462,212),(222,213),(257,214),(89,215),(200,215),(211,215),(466,215),(471,215),(466,216),(262,217),(422,218),(471,218),(90,219),(407,219),(466,219),(293,220),(357,221),(3,222),(37,222),(50,222),(84,222),(105,222),(131,222),(422,222),(200,223),(195,224),(156,225),(187,225),(213,225),(311,225),(348,225),(98,226),(279,227),(281,228),(1,229),(65,229),(88,229),(102,229),(211,229),(306,229),(310,229),(348,229),(466,229),(471,229),(467,230),(426,231),(90,232),(407,232),(186,233),(466,234),(257,235),(469,235),(274,236),(1,237),(7,238),(348,238),(260,239),(431,239),(49,240),(195,240),(227,240),(232,240),(357,240),(428,241),(88,242),(211,242),(466,242),(315,243),(186,244),(24,245),(129,245),(169,245),(210,245),(316,245),(503,245),(200,246),(186,247),(476,248),(186,249),(386,250),(131,251),(156,251),(213,251),(260,251),(334,251),(348,251),(357,251),(422,251),(431,251),(471,251),(186,252),(375,253),(462,253),(65,254),(111,254),(116,254),(216,254),(278,254),(280,254),(323,254),(348,254),(402,254),(418,254),(466,254),(469,254),(471,254),(473,254),(195,255),(348,255),(366,255),(416,255),(466,255),(471,255),(481,255),(471,256),(31,257),(278,257),(471,257),(475,257),(186,258),(357,259),(307,260),(471,261),(312,262),(466,263),(89,264),(186,265),(357,266),(257,267),(357,267),(361,267),(231,268),(317,268),(376,268),(210,269),(89,270),(70,271),(491,271),(421,272),(248,273),(327,274),(147,275),(49,276),(195,276),(227,276),(232,276),(152,277),(328,277),(17,278),(22,278),(49,278),(65,278),(78,278),(90,278),(98,278),(156,278),(195,278),(211,278),(212,278),(280,278),(304,278),(311,278),(348,278),(359,278),(394,278),(457,278),(471,278),(476,278),(257,279),(195,280),(200,281),(236,282),(348,283),(454,283),(90,284),(40,285),(271,285),(348,285),(436,286),(466,287),(471,288),(379,289),(148,290),(108,291),(466,292),(469,292),(471,293),(418,294),(3,295),(105,295),(340,296),(345,297),(260,298),(271,299),(323,300),(466,300),(7,301),(10,301),(17,301),(21,301),(25,301),(34,301),(40,301),(60,301),(70,301),(71,301),(83,301),(123,301),(135,301),(138,301),(146,301),(161,301),(171,301),(193,301),(194,301),(216,301),(224,301),(280,301),(284,301),(296,301),(310,301),(311,301),(330,301),(331,301),(334,301),(337,301),(348,301),(350,301),(359,301),(366,301),(394,301),(425,301),(454,301),(490,301),(491,301),(495,301),(39,302),(200,302),(251,302),(307,302),(357,302),(471,303),(328,304),(471,305),(123,306),(351,306),(29,307),(59,307),(86,307),(234,307),(329,307),(345,307),(436,307),(499,307),(377,308),(148,309),(318,309),(316,310),(107,311),(377,312),(3,313),(105,313),(257,313),(303,313),(357,313),(161,314),(348,314),(142,315),(78,316),(131,316),(200,316),(476,317),(186,318),(183,319),(24,320),(112,320),(458,321),(377,322),(186,323),(131,324),(422,324),(119,325),(391,325),(466,326),(25,327),(348,327),(200,328),(374,329),(476,329),(375,330),(147,331),(436,331),(186,332),(377,333),(200,334),(348,335),(379,335),(293,336),(348,336),(420,336),(384,337),(89,338),(123,338),(357,338),(425,338),(466,339),(357,340),(200,341),(87,342),(200,342),(357,343),(398,344),(89,345),(152,345),(177,345),(186,346),(131,347),(422,347),(54,348),(326,348),(9,349),(374,349),(476,349),(200,350),(186,351),(124,352),(147,353),(450,353),(377,354),(377,355),(408,356),(466,357),(145,358),(24,359),(111,360),(223,360),(407,360),(466,360),(211,361),(466,361),(471,361),(1,362),(65,363),(160,363),(200,363),(213,363),(227,363),(235,363),(374,363),(407,363),(442,363),(466,363),(481,363),(471,364),(476,365),(1,366),(357,366),(1,367),(348,368),(350,368),(422,369),(428,370),(471,371),(78,372),(200,372),(476,372),(480,372),(357,373),(231,374),(468,374),(107,375),(71,376),(348,376),(497,377),(278,378),(450,379),(357,380),(213,381),(418,381),(436,382),(147,383),(329,383),(436,383),(471,384),(490,385),(418,386),(90,387),(377,387),(439,388),(200,389),(377,390),(213,391),(200,392),(471,392),(475,392),(446,393),(284,394),(450,395),(451,396),(90,397),(129,398),(10,399),(348,399),(31,400),(278,400),(475,400),(450,401),(58,402),(85,403),(207,403),(369,403),(459,403),(85,404),(90,404),(156,404),(207,404),(314,404),(190,405),(195,406),(481,406),(328,407),(462,408),(471,409),(147,410),(326,410),(436,410),(34,411),(463,412),(9,413),(29,413),(31,413),(90,413),(156,413),(187,413),(278,413),(302,413),(483,413),(131,414),(466,415),(271,416),(107,417),(78,418),(223,418),(332,418),(476,418),(315,419),(310,420),(348,420),(466,420),(50,421),(84,421),(107,421),(123,421),(357,421),(425,421),(65,422),(105,422),(466,422),(471,422),(475,422),(471,423),(234,424),(357,425),(3,426),(105,426),(489,426),(375,427),(462,427),(466,428),(473,428),(466,429),(471,429),(245,430),(471,430),(471,431),(475,431),(37,432),(436,432),(195,433),(481,433),(130,434),(138,434),(350,434),(450,434),(156,435),(187,435),(213,435),(311,435),(348,435),(476,435),(85,436),(369,436),(475,436),(486,437),(469,438),(422,439),(39,440),(54,440),(90,440),(146,440),(224,440),(326,440),(407,440),(260,441),(357,442),(361,442),(494,443),(422,444),(90,445),(407,445),(466,445),(213,446),(471,446),(200,447),(499,448),(37,449),(116,449),(131,449),(328,449),(422,449),(469,449),(473,449),(500,450),(0,451),(96,451),(290,451),(307,451),(357,451),(361,451),(385,451),(434,451),(186,452),(200,453),(37,454),(135,454),(296,454),(348,454),(498,455),(28,456),(22,457),(265,457),(348,457),(348,458),(495,458),(200,459),(105,460),(357,460),(211,461),(107,462),(466,462),(471,462),(466,463),(195,464),(481,464),(375,465),(462,465),(40,466),(60,466),(186,466),(266,466),(271,466),(210,467),(471,467),(202,468),(471,469);
/*!40000 ALTER TABLE `help_relation` ENABLE KEYS */;
UNLOCK TABLES;

--
-- Table structure for table `help_topic`
--

DROP TABLE IF EXISTS `help_topic`;
/*!40101 SET @saved_cs_client     = @@character_set_client */;
/*!40101 SET character_set_client = utf8 */;
CREATE TABLE `help_topic` (
  `help_topic_id` int(10) unsigned NOT NULL,
  `name` char(64) NOT NULL,
  `help_category_id` smallint(5) unsigned NOT NULL,
  `description` text NOT NULL,
  `example` text NOT NULL,
  `url` text NOT NULL,
  PRIMARY KEY (`help_topic_id`),
  UNIQUE KEY `name` (`name`)
) ENGINE=MyISAM DEFAULT CHARSET=utf8 COMMENT='help topics';
/*!40101 SET character_set_client = @saved_cs_client */;

--
-- Dumping data for table `help_topic`
--

LOCK TABLES `help_topic` WRITE;
/*!40000 ALTER TABLE `help_topic` DISABLE KEYS */;
INSERT INTO `help_topic` VALUES (0,'MIN',16,'Syntax:\nMIN([DISTINCT] expr)\n\nReturns the minimum value of expr. MIN() may take a string argument; in\nsuch cases, it returns the minimum string value. See\nhttp://dev.mysql.com/doc/refman/5.5/en/mysql-indexes.html. The DISTINCT\nkeyword can be used to find the minimum of the distinct values of expr,\nhowever, this produces the same result as omitting DISTINCT.\n\nMIN() returns NULL if there were no matching rows.\n\nURL: http://dev.mysql.com/doc/refman/5.5/en/group-by-functions.html\n\n','mysql> SELECT student_name, MIN(test_score), MAX(test_score)\n    ->        FROM student\n    ->        GROUP BY student_name;\n','http://dev.mysql.com/doc/refman/5.5/en/group-by-functions.html'),(1,'JOIN',28,'MySQL supports the following JOIN syntaxes for the table_references\npart of SELECT statements and multiple-table DELETE and UPDATE\nstatements:\n\ntable_references:\n    escaped_table_reference [, escaped_table_reference] ...\n\nescaped_table_reference:\n    table_reference\n  | { OJ table_reference }\n\ntable_reference:\n    table_factor\n  | join_table\n\ntable_factor:\n    tbl_name [[AS] alias] [index_hint_list]\n  | table_subquery [AS] alias\n  | ( table_references )\n\njoin_table:\n    table_reference [INNER | CROSS] JOIN table_factor [join_condition]\n  | table_reference STRAIGHT_JOIN table_factor\n  | table_reference STRAIGHT_JOIN table_factor ON conditional_expr\n  | table_reference {LEFT|RIGHT} [OUTER] JOIN table_reference join_condition\n  | table_reference NATURAL [{LEFT|RIGHT} [OUTER]] JOIN table_factor\n\njoin_condition:\n    ON conditional_expr\n  | USING (column_list)\n\nindex_hint_list:\n    index_hint [, index_hint] ...\n\nindex_hint:\n    USE {INDEX|KEY}\n      [FOR {JOIN|ORDER BY|GROUP BY}] ([index_list])\n  | IGNORE {INDEX|KEY}\n      [FOR {JOIN|ORDER BY|GROUP BY}] (index_list)\n  | FORCE {INDEX|KEY}\n      [FOR {JOIN|ORDER BY|GROUP BY}] (index_list)\n\nindex_list:\n    index_name [, index_name] ...\n\nA table reference is also known as a join expression.\n\nThe syntax of table_factor is extended in comparison with the SQL\nStandard. The latter accepts only table_reference, not a list of them\ninside a pair of parentheses.\n\nThis is a conservative extension if we consider each comma in a list of\ntable_reference items as equivalent to an inner join. For example:\n\nSELECT * FROM t1 LEFT JOIN (t2, t3, t4)\n                 ON (t2.a=t1.a AND t3.b=t1.b AND t4.c=t1.c)\n\nis equivalent to:\n\nSELECT * FROM t1 LEFT JOIN (t2 CROSS JOIN t3 CROSS JOIN t4)\n                 ON (t2.a=t1.a AND t3.b=t1.b AND t4.c=t1.c)\n\nIn MySQL, JOIN, CROSS JOIN, and INNER JOIN are syntactic equivalents\n(they can replace each other). In standard SQL, they are not\nequivalent. INNER JOIN is used with an ON clause, CROSS JOIN is used\notherwise.\n\nIn general, parentheses can be ignored in join expressions containing\nonly inner join operations. MySQL also supports nested joins (see\nhttp://dev.mysql.com/doc/refman/5.5/en/nested-join-optimization.html).\n\nIndex hints can be specified to affect how the MySQL optimizer makes\nuse of indexes. For more information, see\nhttp://dev.mysql.com/doc/refman/5.5/en/index-hints.html.\n\nURL: http://dev.mysql.com/doc/refman/5.5/en/join.html\n\n','SELECT left_tbl.*\n  FROM left_tbl LEFT JOIN right_tbl ON left_tbl.id = right_tbl.id\n  WHERE right_tbl.id IS NULL;\n','http://dev.mysql.com/doc/refman/5.5/en/join.html'),(2,'HEX',38,'Syntax:\nHEX(str), HEX(N)\n\nFor a string argument str, HEX() returns a hexadecimal string\nrepresentation of str where each byte of each character in str is\nconverted to two hexadecimal digits. (Multibyte characters therefore\nbecome more than two digits.) The inverse of this operation is\nperformed by the UNHEX() function.\n\nFor a numeric argument N, HEX() returns a hexadecimal string\nrepresentation of the value of N treated as a longlong (BIGINT) number.\nThis is equivalent to CONV(N,10,16). The inverse of this operation is\nperformed by CONV(HEX(N),16,10).\n\nURL: http://dev.mysql.com/doc/refman/5.5/en/string-functions.html\n\n','mysql> SELECT 0x616263, HEX(\'abc\'), UNHEX(HEX(\'abc\'));\n        -> \'abc\', 616263, \'abc\'\nmysql> SELECT HEX(255), CONV(HEX(255),16,10);\n        -> \'FF\', 255\n','http://dev.mysql.com/doc/refman/5.5/en/string-functions.html'),(3,'REPLACE',28,'Syntax:\nREPLACE [LOW_PRIORITY | DELAYED]\n    [INTO] tbl_name [(col_name,...)]\n    {VALUES | VALUE} ({expr | DEFAULT},...),(...),...\n\nOr:\n\nREPLACE [LOW_PRIORITY | DELAYED]\n    [INTO] tbl_name\n    SET col_name={expr | DEFAULT}, ...\n\nOr:\n\nREPLACE [LOW_PRIORITY | DELAYED]\n    [INTO] tbl_name [(col_name,...)]\n    SELECT ...\n\nREPLACE works exactly like INSERT, except that if an old row in the\ntable has the same value as a new row for a PRIMARY KEY or a UNIQUE\nindex, the old row is deleted before the new row is inserted. See [HELP\nINSERT].\n\nREPLACE is a MySQL extension to the SQL standard. It either inserts, or\ndeletes and inserts. For another MySQL extension to standard SQL---that\neither inserts or updates---see\nhttp://dev.mysql.com/doc/refman/5.5/en/insert-on-duplicate.html.\n\n*Note*: REPLACE makes sense only if a table has a PRIMARY KEY or UNIQUE\nindex. Otherwise, it becomes equivalent to INSERT, because there is no\nindex to be used to determine whether a new row duplicates another.\n\nValues for all columns are taken from the values specified in the\nREPLACE statement. Any missing columns are set to their default values,\njust as happens for INSERT. You cannot refer to values from the current\nrow and use them in the new row. If you use an assignment such as SET\ncol_name = col_name + 1, the reference to the column name on the right\nhand side is treated as DEFAULT(col_name), so the assignment is\nequivalent to SET col_name = DEFAULT(col_name) + 1.\n\nTo use REPLACE, you must have both the INSERT and DELETE privileges for\nthe table.\n\nURL: http://dev.mysql.com/doc/refman/5.5/en/replace.html\n\n','','http://dev.mysql.com/doc/refman/5.5/en/replace.html'),(4,'CONTAINS',31,'Contains(g1,g2)\n\nReturns 1 or 0 to indicate whether g1 completely contains g2. This\ntests the opposite relationship as Within().\n\nURL: http://dev.mysql.com/doc/refman/5.5/en/spatial-relation-functions-mbr.html\n\n','','http://dev.mysql.com/doc/refman/5.5/en/spatial-relation-functions-mbr.html'),(5,'SRID',37,'SRID(g)\n\nReturns an integer indicating the Spatial Reference System ID for the\ngeometry value g.\n\nIn MySQL, the SRID value is just an integer associated with the\ngeometry value. All calculations are done assuming Euclidean (planar)\ngeometry.\n\nURL: http://dev.mysql.com/doc/refman/5.5/en/gis-general-property-functions.html\n\n','mysql> SELECT SRID(GeomFromText(\'LineString(1 1,2 2)\',101));\n+-----------------------------------------------+\n| SRID(GeomFromText(\'LineString(1 1,2 2)\',101)) |\n+-----------------------------------------------+\n|                                           101 |\n+-----------------------------------------------+\n','http://dev.mysql.com/doc/refman/5.5/en/gis-general-property-functions.html'),(6,'CURRENT_TIMESTAMP',32,'Syntax:\nCURRENT_TIMESTAMP, CURRENT_TIMESTAMP()\n\nCURRENT_TIMESTAMP and CURRENT_TIMESTAMP() are synonyms for NOW().\n\nURL: http://dev.mysql.com/doc/refman/5.5/en/date-and-time-functions.html\n\n','','http://dev.mysql.com/doc/refman/5.5/en/date-and-time-functions.html'),(7,'SHOW CONTRIBUTORS',27,'Syntax:\nSHOW CONTRIBUTORS\n\nThe SHOW CONTRIBUTORS statement displays information about the people\nwho contribute to MySQL source or to causes that we support. For each\ncontributor, it displays Name, Location, and Comment values.\n\nThis statement is deprecated as of MySQL 5.5.29 and is removed in MySQL\n5.6.\n\nURL: http://dev.mysql.com/doc/refman/5.5/en/show-contributors.html\n\n','','http://dev.mysql.com/doc/refman/5.5/en/show-contributors.html'),(8,'VARIANCE',16,'Syntax:\nVARIANCE(expr)\n\nReturns the population standard variance of expr. This is an extension\nto standard SQL. The standard SQL function VAR_POP() can be used\ninstead.\n\nVARIANCE() returns NULL if there were no matching rows.\n\nURL: http://dev.mysql.com/doc/refman/5.5/en/group-by-functions.html\n\n','','http://dev.mysql.com/doc/refman/5.5/en/group-by-functions.html'),(9,'DROP SERVER',40,'Syntax:\nDROP SERVER [ IF EXISTS ] server_name\n\nDrops the server definition for the server named server_name. The\ncorresponding row in the mysql.servers table is deleted. This statement\nrequires the SUPER privilege.\n\nDropping a server for a table does not affect any FEDERATED tables that\nused this connection information when they were created. See [HELP\nCREATE SERVER].\n\nURL: http://dev.mysql.com/doc/refman/5.5/en/drop-server.html\n\n','','http://dev.mysql.com/doc/refman/5.5/en/drop-server.html'),(10,'SHOW AUTHORS',27,'Syntax:\nSHOW AUTHORS\n\nThe SHOW AUTHORS statement displays information about the people who\nwork on MySQL. For each author, it displays Name, Location, and Comment\nvalues.\n\nThis statement is deprecated as of MySQL 5.5.29 and is removed in MySQL\n5.6.\n\nURL: http://dev.mysql.com/doc/refman/5.5/en/show-authors.html\n\n','','http://dev.mysql.com/doc/refman/5.5/en/show-authors.html'),(11,'VAR_SAMP',16,'Syntax:\nVAR_SAMP(expr)\n\nReturns the sample variance of expr. That is, the denominator is the\nnumber of rows minus one.\n\nVAR_SAMP() returns NULL if there were no matching rows.\n\nURL: http://dev.mysql.com/doc/refman/5.5/en/group-by-functions.html\n\n','','http://dev.mysql.com/doc/refman/5.5/en/group-by-functions.html'),(12,'CONCAT',38,'Syntax:\nCONCAT(str1,str2,...)\n\nReturns the string that results from concatenating the arguments. May\nhave one or more arguments. If all arguments are nonbinary strings, the\nresult is a nonbinary string. If the arguments include any binary\nstrings, the result is a binary string. A numeric argument is converted\nto its equivalent string form. This is a nonbinary string as of MySQL\n5.5.3. Before 5.5.3, it is a binary string; to avoid that and produce a\nnonbinary string, you can use an explicit type cast, as in this\nexample:\n\nSELECT CONCAT(CAST(int_col AS CHAR), char_col);\n\nCONCAT() returns NULL if any argument is NULL.\n\nURL: http://dev.mysql.com/doc/refman/5.5/en/string-functions.html\n\n','mysql> SELECT CONCAT(\'My\', \'S\', \'QL\');\n        -> \'MySQL\'\nmysql> SELECT CONCAT(\'My\', NULL, \'QL\');\n        -> NULL\nmysql> SELECT CONCAT(14.3);\n        -> \'14.3\'\n','http://dev.mysql.com/doc/refman/5.5/en/string-functions.html'),(13,'GEOMETRY HIERARCHY',35,'Geometry is the base class. It is an abstract class. The instantiable\nsubclasses of Geometry are restricted to zero-, one-, and\ntwo-dimensional geometric objects that exist in two-dimensional\ncoordinate space. All instantiable geometry classes are defined so that\nvalid instances of a geometry class are topologically closed (that is,\nall defined geometries include their boundary).\n\nThe base Geometry class has subclasses for Point, Curve, Surface, and\nGeometryCollection:\n\no Point represents zero-dimensional objects.\n\no Curve represents one-dimensional objects, and has subclass\n  LineString, with sub-subclasses Line and LinearRing.\n\no Surface is designed for two-dimensional objects and has subclass\n  Polygon.\n\no GeometryCollection has specialized zero-, one-, and two-dimensional\n  collection classes named MultiPoint, MultiLineString, and\n  MultiPolygon for modeling geometries corresponding to collections of\n  Points, LineStrings, and Polygons, respectively. MultiCurve and\n  MultiSurface are introduced as abstract superclasses that generalize\n  the collection interfaces to handle Curves and Surfaces.\n\nGeometry, Curve, Surface, MultiCurve, and MultiSurface are defined as\nnoninstantiable classes. They define a common set of methods for their\nsubclasses and are included for extensibility.\n\nPoint, LineString, Polygon, GeometryCollection, MultiPoint,\nMultiLineString, and MultiPolygon are instantiable classes.\n\nURL: http://dev.mysql.com/doc/refman/5.5/en/gis-geometry-class-hierarchy.html\n\n','','http://dev.mysql.com/doc/refman/5.5/en/gis-geometry-class-hierarchy.html'),(14,'CHAR FUNCTION',38,'Syntax:\nCHAR(N,... [USING charset_name])\n\nCHAR() interprets each argument N as an integer and returns a string\nconsisting of the characters given by the code values of those\nintegers. NULL values are skipped.\nBy default, CHAR() returns a binary string. To produce a string in a\ngiven character set, use the optional USING clause:\n\nmysql> SELECT CHARSET(CHAR(0x65)), CHARSET(CHAR(0x65 USING utf8));\n+---------------------+--------------------------------+\n| CHARSET(CHAR(0x65)) | CHARSET(CHAR(0x65 USING utf8)) |\n+---------------------+--------------------------------+\n| binary              | utf8                           |\n+---------------------+--------------------------------+\n\nIf USING is given and the result string is illegal for the given\ncharacter set, a warning is issued. Also, if strict SQL mode is\nenabled, the result from CHAR() becomes NULL.\n\nURL: http://dev.mysql.com/doc/refman/5.5/en/string-functions.html\n\n','mysql> SELECT CHAR(77,121,83,81,\'76\');\n        -> \'MySQL\'\nmysql> SELECT CHAR(77,77.3,\'77.3\');\n        -> \'MMM\'\n','http://dev.mysql.com/doc/refman/5.5/en/string-functions.html'),(15,'DATETIME',23,'DATETIME\n\nA date and time combination. The supported range is \'1000-01-01\n00:00:00\' to \'9999-12-31 23:59:59\'. MySQL displays DATETIME values in\n\'YYYY-MM-DD HH:MM:SS\' format, but permits assignment of values to\nDATETIME columns using either strings or numbers.\n\nURL: http://dev.mysql.com/doc/refman/5.5/en/date-and-time-type-overview.html\n\n','','http://dev.mysql.com/doc/refman/5.5/en/date-and-time-type-overview.html'),(16,'SHOW CREATE TRIGGER',27,'Syntax:\nSHOW CREATE TRIGGER trigger_name\n\nThis statement shows the CREATE TRIGGER statement that creates the\nnamed trigger.\n\nURL: http://dev.mysql.com/doc/refman/5.5/en/show-create-trigger.html\n\n','','http://dev.mysql.com/doc/refman/5.5/en/show-create-trigger.html'),(17,'SHOW CREATE PROCEDURE',27,'Syntax:\nSHOW CREATE PROCEDURE proc_name\n\nThis statement is a MySQL extension. It returns the exact string that\ncan be used to re-create the named stored procedure. A similar\nstatement, SHOW CREATE FUNCTION, displays information about stored\nfunctions (see [HELP SHOW CREATE FUNCTION]).\n\nTo use either statement, you must be the user named in the routine\nDEFINER clause or have SELECT access to the mysql.proc table. If you do\nnot have privileges for the routine itself, the value displayed for the\nCreate Procedure or Create Function field will be NULL.\n\nURL: http://dev.mysql.com/doc/refman/5.5/en/show-create-procedure.html\n\n','mysql> SHOW CREATE PROCEDURE test.simpleproc\\G\n*************************** 1. row ***************************\n           Procedure: simpleproc\n            sql_mode:\n    Create Procedure: CREATE PROCEDURE `simpleproc`(OUT param1 INT)\n                      BEGIN\n                      SELECT COUNT(*) INTO param1 FROM t;\n                      END\ncharacter_set_client: latin1\ncollation_connection: latin1_swedish_ci\n  Database Collation: latin1_swedish_ci\n\nmysql> SHOW CREATE FUNCTION test.hello\\G\n*************************** 1. row ***************************\n            Function: hello\n            sql_mode:\n     Create Function: CREATE FUNCTION `hello`(s CHAR(20))\n                      RETURNS CHAR(50)\n                      RETURN CONCAT(\'Hello, \',s,\'!\')\ncharacter_set_client: latin1\ncollation_connection: latin1_swedish_ci\n  Database Collation: latin1_swedish_ci\n','http://dev.mysql.com/doc/refman/5.5/en/show-create-procedure.html'),(18,'OPEN',24,'Syntax:\nOPEN cursor_name\n\nThis statement opens a previously declared cursor. For an example, see\nhttp://dev.mysql.com/doc/refman/5.5/en/cursors.html.\n\nURL: http://dev.mysql.com/doc/refman/5.5/en/open.html\n\n','','http://dev.mysql.com/doc/refman/5.5/en/open.html'),(19,'INTEGER',23,'INTEGER[(M)] [UNSIGNED] [ZEROFILL]\n\nThis type is a synonym for INT.\n\nURL: http://dev.mysql.com/doc/refman/5.5/en/numeric-type-overview.html\n\n','','http://dev.mysql.com/doc/refman/5.5/en/numeric-type-overview.html'),(20,'LOWER',38,'Syntax:\nLOWER(str)\n\nReturns the string str with all characters changed to lowercase\naccording to the current character set mapping. The default is latin1\n(cp1252 West European).\n\nmysql> SELECT LOWER(\'QUADRATICALLY\');\n        -> \'quadratically\'\n\nLOWER() (and UPPER()) are ineffective when applied to binary strings\n(BINARY, VARBINARY, BLOB). To perform lettercase conversion, convert\nthe string to a nonbinary string:\n\nmysql> SET @str = BINARY \'New York\';\nmysql> SELECT LOWER(@str), LOWER(CONVERT(@str USING latin1));\n+-------------+-----------------------------------+\n| LOWER(@str) | LOWER(CONVERT(@str USING latin1)) |\n+-------------+-----------------------------------+\n| New York    | new york                          |\n+-------------+-----------------------------------+\n\nURL: http://dev.mysql.com/doc/refman/5.5/en/string-functions.html\n\n','','http://dev.mysql.com/doc/refman/5.5/en/string-functions.html'),(21,'SHOW COLUMNS',27,'Syntax:\nSHOW [FULL] COLUMNS {FROM | IN} tbl_name [{FROM | IN} db_name]\n    [LIKE \'pattern\' | WHERE expr]\n\nSHOW COLUMNS displays information about the columns in a given table.\nIt also works for views. The LIKE clause, if present, indicates which\ncolumn names to match. The WHERE clause can be given to select rows\nusing more general conditions, as discussed in\nhttp://dev.mysql.com/doc/refman/5.5/en/extended-show.html.\n\nSHOW COLUMNS displays information only for those columns for which you\nhave some privilege.\n\nmysql> SHOW COLUMNS FROM City;\n+------------+----------+------+-----+---------+----------------+\n| Field      | Type     | Null | Key | Default | Extra          |\n+------------+----------+------+-----+---------+----------------+\n| Id         | int(11)  | NO   | PRI | NULL    | auto_increment |\n| Name       | char(35) | NO   |     |         |                |\n| Country    | char(3)  | NO   | UNI |         |                |\n| District   | char(20) | YES  | MUL |         |                |\n| Population | int(11)  | NO   |     | 0       |                |\n+------------+----------+------+-----+---------+----------------+\n5 rows in set (0.00 sec)\n\nIf the data types differ from what you expect them to be based on a\nCREATE TABLE statement, note that MySQL sometimes changes data types\nwhen you create or alter a table. The conditions under which this\noccurs are described in\nhttp://dev.mysql.com/doc/refman/5.5/en/silent-column-changes.html.\n\nThe FULL keyword causes the output to include the column collation and\ncomments, as well as the privileges you have for each column.\n\nYou can use db_name.tbl_name as an alternative to the tbl_name FROM\ndb_name syntax. In other words, these two statements are equivalent:\n\nmysql> SHOW COLUMNS FROM mytable FROM mydb;\nmysql> SHOW COLUMNS FROM mydb.mytable;\n\nSHOW COLUMNS displays the following values for each table column:\n\nField indicates the column name.\n\nType indicates the column data type.\n\nCollation indicates the collation for nonbinary string columns, or NULL\nfor other columns. This value is displayed only if you use the FULL\nkeyword.\n\nThe Null field contains YES if NULL values can be stored in the column,\nNO if not.\n\nThe Key field indicates whether the column is indexed:\n\no If Key is empty, the column either is not indexed or is indexed only\n  as a secondary column in a multiple-column, nonunique index.\n\no If Key is PRI, the column is a PRIMARY KEY or is one of the columns\n  in a multiple-column PRIMARY KEY.\n\no If Key is UNI, the column is the first column of a UNIQUE index. (A\n  UNIQUE index permits multiple NULL values, but you can tell whether\n  the column permits NULL by checking the Null field.)\n\no If Key is MUL, the column is the first column of a nonunique index in\n  which multiple occurrences of a given value are permitted within the\n  column.\n\nIf more than one of the Key values applies to a given column of a\ntable, Key displays the one with the highest priority, in the order\nPRI, UNI, MUL.\n\nA UNIQUE index may be displayed as PRI if it cannot contain NULL values\nand there is no PRIMARY KEY in the table. A UNIQUE index may display as\nMUL if several columns form a composite UNIQUE index; although the\ncombination of the columns is unique, each column can still hold\nmultiple occurrences of a given value.\n\nThe Default field indicates the default value that is assigned to the\ncolumn. This is NULL if the column has an explicit default of NULL, or\nif the column definition has no DEFAULT clause.\n\nThe Extra field contains any additional information that is available\nabout a given column. The value is nonempty in these cases:\nauto_increment for columns that have the AUTO_INCREMENT attribute; on\nupdate CURRENT_TIMESTAMP for TIMESTAMP columns that have the ON UPDATE\nCURRENT_TIMESTAMP attribute.\n\nPrivileges indicates the privileges you have for the column. This value\nis displayed only if you use the FULL keyword.\n\nComment indicates any comment the column has. This value is displayed\nonly if you use the FULL keyword.\n\nSHOW FIELDS is a synonym for SHOW COLUMNS. You can also list a table\'s\ncolumns with the mysqlshow db_name tbl_name command.\n\nThe DESCRIBE statement provides information similar to SHOW COLUMNS.\nSee http://dev.mysql.com/doc/refman/5.5/en/describe.html.\n\nThe SHOW CREATE TABLE, SHOW TABLE STATUS, and SHOW INDEX statements\nalso provide information about tables. See [HELP SHOW].\n\nURL: http://dev.mysql.com/doc/refman/5.5/en/show-columns.html\n\n','','http://dev.mysql.com/doc/refman/5.5/en/show-columns.html'),(22,'CREATE TRIGGER',40,'Syntax:\nCREATE\n    [DEFINER = { user | CURRENT_USER }]\n    TRIGGER trigger_name\n    trigger_time trigger_event\n    ON tbl_name FOR EACH ROW\n    trigger_body\n\ntrigger_time: { BEFORE | AFTER }\n\ntrigger_event: { INSERT | UPDATE | DELETE }\n\nThis statement creates a new trigger. A trigger is a named database\nobject that is associated with a table, and that activates when a\nparticular event occurs for the table. The trigger becomes associated\nwith the table named tbl_name, which must refer to a permanent table.\nYou cannot associate a trigger with a TEMPORARY table or a view.\n\nTrigger names exist in the schema namespace, meaning that all triggers\nmust have unique names within a schema. Triggers in different schemas\ncan have the same name.\n\nThis section describes CREATE TRIGGER syntax. For additional\ndiscussion, see\nhttp://dev.mysql.com/doc/refman/5.5/en/trigger-syntax.html.\n\nCREATE TRIGGER requires the TRIGGER privilege for the table associated\nwith the trigger. The statement might also require the SUPER privilege,\ndepending on the DEFINER value, as described later in this section. If\nbinary logging is enabled, CREATE TRIGGER might require the SUPER\nprivilege, as described in\nhttp://dev.mysql.com/doc/refman/5.5/en/stored-programs-logging.html.\n\nThe DEFINER clause determines the security context to be used when\nchecking access privileges at trigger activation time, as described\nlater in this section.\n\ntrigger_time is the trigger action time. It can be BEFORE or AFTER to\nindicate that the trigger activates before or after each row to be\nmodified.\n\ntrigger_event indicates the kind of operation that activates the\ntrigger. These trigger_event values are permitted:\n\no INSERT: The trigger activates whenever a new row is inserted into the\n  table; for example, through INSERT, LOAD DATA, and REPLACE\n  statements.\n\no UPDATE: The trigger activates whenever a row is modified; for\n  example, through UPDATE statements.\n\no DELETE: The trigger activates whenever a row is deleted from the\n  table; for example, through DELETE and REPLACE statements. DROP TABLE\n  and TRUNCATE TABLE statements on the table do not activate this\n  trigger, because they do not use DELETE. Dropping a partition does\n  not activate DELETE triggers, either.\n\nURL: http://dev.mysql.com/doc/refman/5.5/en/create-trigger.html\n\n','','http://dev.mysql.com/doc/refman/5.5/en/create-trigger.html'),(23,'MONTH',32,'Syntax:\nMONTH(date)\n\nReturns the month for date, in the range 1 to 12 for January to\nDecember, or 0 for dates such as \'0000-00-00\' or \'2008-00-00\' that have\na zero month part.\n\nURL: http://dev.mysql.com/doc/refman/5.5/en/date-and-time-functions.html\n\n','mysql> SELECT MONTH(\'2008-02-03\');\n        -> 2\n','http://dev.mysql.com/doc/refman/5.5/en/date-and-time-functions.html'),(24,'TINYINT',23,'TINYINT[(M)] [UNSIGNED] [ZEROFILL]\n\nA very small integer. The signed range is -128 to 127. The unsigned\nrange is 0 to 255.\n\nURL: http://dev.mysql.com/doc/refman/5.5/en/numeric-type-overview.html\n\n','','http://dev.mysql.com/doc/refman/5.5/en/numeric-type-overview.html'),(25,'SHOW TRIGGERS',27,'Syntax:\nSHOW TRIGGERS [{FROM | IN} db_name]\n    [LIKE \'pattern\' | WHERE expr]\n\nSHOW TRIGGERS lists the triggers currently defined for tables in a\ndatabase (the default database unless a FROM clause is given). This\nstatement returns results only for databases and tables for which you\nhave the TRIGGER privilege. The LIKE clause, if present, indicates\nwhich table names to match (not trigger names) and causes the statement\nto display triggers for those tables. The WHERE clause can be given to\nselect rows using more general conditions, as discussed in\nhttp://dev.mysql.com/doc/refman/5.5/en/extended-show.html.\n\nFor the trigger ins_sum as defined in\nhttp://dev.mysql.com/doc/refman/5.5/en/triggers.html, the output of\nthis statement is as shown here:\n\nmysql> SHOW TRIGGERS LIKE \'acc%\'\\G\n*************************** 1. row ***************************\n             Trigger: ins_sum\n               Event: INSERT\n               Table: account\n           Statement: SET @sum = @sum + NEW.amount\n              Timing: BEFORE\n             Created: NULL\n            sql_mode:\n             Definer: myname@localhost\ncharacter_set_client: latin1\ncollation_connection: latin1_swedish_ci\n  Database Collation: latin1_swedish_ci\n\nURL: http://dev.mysql.com/doc/refman/5.5/en/show-triggers.html\n\n','','http://dev.mysql.com/doc/refman/5.5/en/show-triggers.html'),(26,'MASTER_POS_WAIT',14,'Syntax:\nMASTER_POS_WAIT(log_name,log_pos[,timeout])\n\nThis function is useful for control of master/slave synchronization. It\nblocks until the slave has read and applied all updates up to the\nspecified position in the master log. The return value is the number of\nlog events the slave had to wait for to advance to the specified\nposition. The function returns NULL if the slave SQL thread is not\nstarted, the slave\'s master information is not initialized, the\narguments are incorrect, or an error occurs. It returns -1 if the\ntimeout has been exceeded. If the slave SQL thread stops while\nMASTER_POS_WAIT() is waiting, the function returns NULL. If the slave\nis past the specified position, the function returns immediately.\n\nIf a timeout value is specified, MASTER_POS_WAIT() stops waiting when\ntimeout seconds have elapsed. timeout must be greater than 0; a zero or\nnegative timeout means no timeout.\n\nURL: http://dev.mysql.com/doc/refman/5.5/en/miscellaneous-functions.html\n\n','','http://dev.mysql.com/doc/refman/5.5/en/miscellaneous-functions.html'),(27,'ISCLOSED',13,'IsClosed(ls)\n\nReturns 1 if the LineString value ls is closed (that is, its\nStartPoint() and EndPoint() values are the same) and is simple (does\nnot pass through the same point more than once). Returns 0 if ls is not\nclosed, and -1 if it is NULL.\n\nURL: http://dev.mysql.com/doc/refman/5.5/en/gis-linestring-property-functions.html\n\n','mysql> SET @ls1 = \'LineString(1 1,2 2,3 3,2 2)\';\nQuery OK, 0 rows affected (0.00 sec)\n\nmysql> SET @ls2 = \'LineString(1 1,2 2,3 3,1 1)\';\nQuery OK, 0 rows affected (0.00 sec)\n\nmysql> SELECT IsClosed(GeomFromText(@ls1));\n+------------------------------+\n| IsClosed(GeomFromText(@ls1)) |\n+------------------------------+\n|                            0 |\n+------------------------------+\n1 row in set (0.00 sec)\n\nmysql> SELECT IsClosed(GeomFromText(@ls2));\n+------------------------------+\n| IsClosed(GeomFromText(@ls2)) |\n+------------------------------+\n|                            1 |\n+------------------------------+\n1 row in set (0.00 sec)\n','http://dev.mysql.com/doc/refman/5.5/en/gis-linestring-property-functions.html'),(28,'REGEXP',38,'Syntax:\nexpr REGEXP pat, expr RLIKE pat\n\nPerforms a pattern match of a string expression expr against a pattern\npat. The pattern can be an extended regular expression, the syntax for\nwhich is discussed later in this section. Returns 1 if expr matches\npat; otherwise it returns 0. If either expr or pat is NULL, the result\nis NULL. RLIKE is a synonym for REGEXP, provided for mSQL\ncompatibility.\n\nThe pattern need not be a literal string. For example, it can be\nspecified as a string expression or table column.\n\n*Note*: Because MySQL uses the C escape syntax in strings (for example,\n\"\\n\" to represent the newline character), you must double any \"\\\" that\nyou use in your REGEXP strings.\n\nREGEXP is not case sensitive, except when used with binary strings.\n\nURL: http://dev.mysql.com/doc/refman/5.5/en/regexp.html\n\n','mysql> SELECT \'Monty!\' REGEXP \'.*\';\n        -> 1\nmysql> SELECT \'new*\\n*line\' REGEXP \'new\\\\*.\\\\*line\';\n        -> 1\nmysql> SELECT \'a\' REGEXP \'A\', \'a\' REGEXP BINARY \'A\';\n        -> 1  0\nmysql> SELECT \'a\' REGEXP \'^[a-d]\';\n        -> 1\n','http://dev.mysql.com/doc/refman/5.5/en/regexp.html'),(29,'IF STATEMENT',24,'Syntax:\nIF search_condition THEN statement_list\n    [ELSEIF search_condition THEN statement_list] ...\n    [ELSE statement_list]\nEND IF\n\nThe IF statement for stored programs implements a basic conditional\nconstruct.\n\n*Note*: There is also an IF() function, which differs from the IF\nstatement described here. See\nhttp://dev.mysql.com/doc/refman/5.5/en/control-flow-functions.html. The\nIF statement can have THEN, ELSE, and ELSEIF clauses, and it is\nterminated with END IF.\n\nIf the search_condition evaluates to true, the corresponding THEN or\nELSEIF clause statement_list executes. If no search_condition matches,\nthe ELSE clause statement_list executes.\n\nEach statement_list consists of one or more SQL statements; an empty\nstatement_list is not permitted.\n\nURL: http://dev.mysql.com/doc/refman/5.5/en/if.html\n\n','','http://dev.mysql.com/doc/refman/5.5/en/if.html'),(30,'^',19,'Syntax:\n^\n\nBitwise XOR:\n\nURL: http://dev.mysql.com/doc/refman/5.5/en/bit-functions.html\n\n','mysql> SELECT 1 ^ 1;\n        -> 0\nmysql> SELECT 1 ^ 0;\n        -> 1\nmysql> SELECT 11 ^ 3;\n        -> 8\n','http://dev.mysql.com/doc/refman/5.5/en/bit-functions.html'),(31,'DROP VIEW',40,'Syntax:\nDROP VIEW [IF EXISTS]\n    view_name [, view_name] ...\n    [RESTRICT | CASCADE]\n\nDROP VIEW removes one or more views. You must have the DROP privilege\nfor each view. If any of the views named in the argument list do not\nexist, MySQL returns an error indicating by name which nonexisting\nviews it was unable to drop, but it also drops all of the views in the\nlist that do exist.\n\nThe IF EXISTS clause prevents an error from occurring for views that\ndon\'t exist. When this clause is given, a NOTE is generated for each\nnonexistent view. See [HELP SHOW WARNINGS].\n\nRESTRICT and CASCADE, if given, are parsed and ignored.\n\nURL: http://dev.mysql.com/doc/refman/5.5/en/drop-view.html\n\n','','http://dev.mysql.com/doc/refman/5.5/en/drop-view.html'),(32,'WITHIN',31,'Within(g1,g2)\n\nReturns 1 or 0 to indicate whether g1 is spatially within g2. This\ntests the opposite relationship as Contains().\n\nURL: http://dev.mysql.com/doc/refman/5.5/en/spatial-relation-functions-mbr.html\n\n','','http://dev.mysql.com/doc/refman/5.5/en/spatial-relation-functions-mbr.html'),(33,'WEEK',32,'Syntax:\nWEEK(date[,mode])\n\nThis function returns the week number for date. The two-argument form\nof WEEK() enables you to specify whether the week starts on Sunday or\nMonday and whether the return value should be in the range from 0 to 53\nor from 1 to 53. If the mode argument is omitted, the value of the\ndefault_week_format system variable is used. See\nhttp://dev.mysql.com/doc/refman/5.5/en/server-system-variables.html.\n\nURL: http://dev.mysql.com/doc/refman/5.5/en/date-and-time-functions.html\n\n','mysql> SELECT WEEK(\'2008-02-20\');\n        -> 7\nmysql> SELECT WEEK(\'2008-02-20\',0);\n        -> 7\nmysql> SELECT WEEK(\'2008-02-20\',1);\n        -> 8\nmysql> SELECT WEEK(\'2008-12-31\',1);\n        -> 53\n','http://dev.mysql.com/doc/refman/5.5/en/date-and-time-functions.html'),(34,'SHOW PLUGINS',27,'Syntax:\nSHOW PLUGINS\n\nSHOW PLUGINS displays information about server plugins. Plugin\ninformation is also available in the INFORMATION_SCHEMA.PLUGINS table.\nSee http://dev.mysql.com/doc/refman/5.5/en/plugins-table.html.\n\nExample of SHOW PLUGINS output:\n\nmysql> SHOW PLUGINS\\G\n*************************** 1. row ***************************\n   Name: binlog\n Status: ACTIVE\n   Type: STORAGE ENGINE\nLibrary: NULL\nLicense: GPL\n*************************** 2. row ***************************\n   Name: CSV\n Status: ACTIVE\n   Type: STORAGE ENGINE\nLibrary: NULL\nLicense: GPL\n*************************** 3. row ***************************\n   Name: MEMORY\n Status: ACTIVE\n   Type: STORAGE ENGINE\nLibrary: NULL\nLicense: GPL\n*************************** 4. row ***************************\n   Name: MyISAM\n Status: ACTIVE\n   Type: STORAGE ENGINE\nLibrary: NULL\nLicense: GPL\n...\n\nURL: http://dev.mysql.com/doc/refman/5.5/en/show-plugins.html\n\n','','http://dev.mysql.com/doc/refman/5.5/en/show-plugins.html'),(35,'DROP FUNCTION UDF',22,'Syntax:\nDROP FUNCTION function_name\n\nThis statement drops the user-defined function (UDF) named\nfunction_name.\n\nTo drop a function, you must have the DELETE privilege for the mysql\ndatabase. This is because DROP FUNCTION removes a row from the\nmysql.func system table that records the function\'s name, type, and\nshared library name.\n\nURL: http://dev.mysql.com/doc/refman/5.5/en/drop-function-udf.html\n\n','','http://dev.mysql.com/doc/refman/5.5/en/drop-function-udf.html'),(36,'PREPARE',8,'Syntax:\nPREPARE stmt_name FROM preparable_stmt\n\nThe PREPARE statement prepares a SQL statement and assigns it a name,\nstmt_name, by which to refer to the statement later. The prepared\nstatement is executed with EXECUTE and released with DEALLOCATE\nPREPARE. For examples, see\nhttp://dev.mysql.com/doc/refman/5.5/en/sql-syntax-prepared-statements.h\ntml.\n\nStatement names are not case sensitive. preparable_stmt is either a\nstring literal or a user variable that contains the text of the SQL\nstatement. The text must represent a single statement, not multiple\nstatements. Within the statement, ? characters can be used as parameter\nmarkers to indicate where data values are to be bound to the query\nlater when you execute it. The ? characters should not be enclosed\nwithin quotation marks, even if you intend to bind them to string\nvalues. Parameter markers can be used only where data values should\nappear, not for SQL keywords, identifiers, and so forth.\n\nIf a prepared statement with the given name already exists, it is\ndeallocated implicitly before the new statement is prepared. This means\nthat if the new statement contains an error and cannot be prepared, an\nerror is returned and no statement with the given name exists.\n\nThe scope of a prepared statement is the session within which it is\ncreated, which as several implications:\n\no A prepared statement created in one session is not available to other\n  sessions.\n\no When a session ends, whether normally or abnormally, its prepared\n  statements no longer exist. If auto-reconnect is enabled, the client\n  is not notified that the connection was lost. For this reason,\n  clients may wish to disable auto-reconnect. See\n  http://dev.mysql.com/doc/refman/5.5/en/auto-reconnect.html.\n\no A prepared statement created within a stored program continues to\n  exist after the program finishes executing and can be executed\n  outside the program later.\n\no A statement prepared in stored program context cannot refer to stored\n  procedure or function parameters or local variables because they go\n  out of scope when the program ends and would be unavailable were the\n  statement to be executed later outside the program. As a workaround,\n  refer instead to user-defined variables, which also have session\n  scope; see\n  http://dev.mysql.com/doc/refman/5.5/en/user-variables.html.\n\nURL: http://dev.mysql.com/doc/refman/5.5/en/prepare.html\n\n','','http://dev.mysql.com/doc/refman/5.5/en/prepare.html'),(37,'LOCK',8,'Syntax:\nLOCK TABLES\n    tbl_name [[AS] alias] lock_type\n    [, tbl_name [[AS] alias] lock_type] ...\n\nlock_type:\n    READ [LOCAL]\n  | [LOW_PRIORITY] WRITE\n\nUNLOCK TABLES\n\nMySQL enables client sessions to acquire table locks explicitly for the\npurpose of cooperating with other sessions for access to tables, or to\nprevent other sessions from modifying tables during periods when a\nsession requires exclusive access to them. A session can acquire or\nrelease locks only for itself. One session cannot acquire locks for\nanother session or release locks held by another session.\n\nLocks may be used to emulate transactions or to get more speed when\nupdating tables. This is explained in more detail later in this\nsection.\n\nLOCK TABLES explicitly acquires table locks for the current client\nsession. Table locks can be acquired for base tables or views. You must\nhave the LOCK TABLES privilege, and the SELECT privilege for each\nobject to be locked.\n\nFor view locking, LOCK TABLES adds all base tables used in the view to\nthe set of tables to be locked and locks them automatically. If you\nlock a table explicitly with LOCK TABLES, any tables used in triggers\nare also locked implicitly, as described in\nhttp://dev.mysql.com/doc/refman/5.5/en/lock-tables-and-triggers.html.\n\nUNLOCK TABLES explicitly releases any table locks held by the current\nsession. LOCK TABLES implicitly releases any table locks held by the\ncurrent session before acquiring new locks.\n\nAnother use for UNLOCK TABLES is to release the global read lock\nacquired with the FLUSH TABLES WITH READ LOCK statement, which enables\nyou to lock all tables in all databases. See [HELP FLUSH]. (This is a\nvery convenient way to get backups if you have a file system such as\nVeritas that can take snapshots in time.)\n\nURL: http://dev.mysql.com/doc/refman/5.5/en/lock-tables.html\n\n','','http://dev.mysql.com/doc/refman/5.5/en/lock-tables.html'),(38,'UPDATEXML',38,'Syntax:\nUpdateXML(xml_target, xpath_expr, new_xml)\n\nThis function replaces a single portion of a given fragment of XML\nmarkup xml_target with a new XML fragment new_xml, and then returns the\nchanged XML. The portion of xml_target that is replaced matches an\nXPath expression xpath_expr supplied by the user. In MySQL 5.5, the\nXPath expression can contain at most 127 characters. (This limitation\nis lifted in MySQL 5.6.)\n\nIf no expression matching xpath_expr is found, or if multiple matches\nare found, the function returns the original xml_target XML fragment.\nAll three arguments should be strings.\n\nURL: http://dev.mysql.com/doc/refman/5.5/en/xml-functions.html\n\n','mysql> SELECT\n    ->   UpdateXML(\'<a><b>ccc</b><d></d></a>\', \'/a\', \'<e>fff</e>\') AS val1,\n    ->   UpdateXML(\'<a><b>ccc</b><d></d></a>\', \'/b\', \'<e>fff</e>\') AS val2,\n    ->   UpdateXML(\'<a><b>ccc</b><d></d></a>\', \'//b\', \'<e>fff</e>\') AS val3,\n    ->   UpdateXML(\'<a><b>ccc</b><d></d></a>\', \'/a/d\', \'<e>fff</e>\') AS val4,\n    ->   UpdateXML(\'<a><d></d><b>ccc</b><d></d></a>\', \'/a/d\', \'<e>fff</e>\') AS val5\n    -> \\G\n\n*************************** 1. row ***************************\nval1: <e>fff</e>\nval2: <a><b>ccc</b><d></d></a>\nval3: <a><e>fff</e><d></d></a>\nval4: <a><b>ccc</b><e>fff</e></a>\nval5: <a><d></d><b>ccc</b><d></d></a>\n','http://dev.mysql.com/doc/refman/5.5/en/xml-functions.html'),(39,'RESET SLAVE',8,'Syntax:\nRESET SLAVE [ALL]\n\nRESET SLAVE makes the slave forget its replication position in the\nmaster\'s binary log. This statement is meant to be used for a clean\nstart: It deletes the master.info and relay-log.info files, all the\nrelay log files, and starts a new relay log file. To use RESET SLAVE,\nthe slave replication threads must be stopped (use STOP SLAVE if\nnecessary).\n\n*Note*: All relay log files are deleted, even if they have not been\ncompletely executed by the slave SQL thread. (This is a condition\nlikely to exist on a replication slave if you have issued a STOP SLAVE\nstatement or if the slave is highly loaded.)\n\nIn MySQL 5.5 (unlike the case in MySQL 5.1 and earlier), RESET SLAVE\ndoes not change any replication connection parameters such as master\nhost, master port, master user, or master password, which are retained\nin memory. This means that START SLAVE can be issued without requiring\na CHANGE MASTER TO statement following RESET SLAVE.\n\nConnection parameters are reset if the slave mysqld is shut down\nfollowing RESET SLAVE. In MySQL 5.5.16 and later, you can instead use\nRESET SLAVE ALL to reset these connection parameters (Bug #11809016).\n\nRESET SLAVE ALL does not clear the IGNORE_SERVER_IDS list set by CHANGE\nMASTER TO. This issue is fixed in MySQL 5.7. (Bug #18816897)\n\nIf the slave SQL thread was in the middle of replicating temporary\ntables when it was stopped, and RESET SLAVE is issued, these replicated\ntemporary tables are deleted on the slave.\n\nURL: http://dev.mysql.com/doc/refman/5.5/en/reset-slave.html\n\n','','http://dev.mysql.com/doc/refman/5.5/en/reset-slave.html'),(40,'SHOW BINARY LOGS',27,'Syntax:\nSHOW BINARY LOGS\nSHOW MASTER LOGS\n\nLists the binary log files on the server. This statement is used as\npart of the procedure described in [HELP PURGE BINARY LOGS], that shows\nhow to determine which logs can be purged.\n\nmysql> SHOW BINARY LOGS;\n+---------------+-----------+\n| Log_name      | File_size |\n+---------------+-----------+\n| binlog.000015 |    724935 |\n| binlog.000016 |    733481 |\n+---------------+-----------+\n\nURL: http://dev.mysql.com/doc/refman/5.5/en/show-binary-logs.html\n\n','','http://dev.mysql.com/doc/refman/5.5/en/show-binary-logs.html'),(41,'POLYGON',25,'Polygon(ls1,ls2,...)\n\nConstructs a Polygon value from a number of LineString or WKB\nLineString arguments. If any argument does not represent a LinearRing\n(that is, not a closed and simple LineString), the return value is\nNULL.\n\nURL: http://dev.mysql.com/doc/refman/5.5/en/gis-mysql-specific-functions.html\n\n','','http://dev.mysql.com/doc/refman/5.5/en/gis-mysql-specific-functions.html'),(42,'MINUTE',32,'Syntax:\nMINUTE(time)\n\nReturns the minute for time, in the range 0 to 59.\n\nURL: http://dev.mysql.com/doc/refman/5.5/en/date-and-time-functions.html\n\n','mysql> SELECT MINUTE(\'2008-02-03 10:05:03\');\n        -> 5\n','http://dev.mysql.com/doc/refman/5.5/en/date-and-time-functions.html'),(43,'DAY',32,'Syntax:\nDAY(date)\n\nDAY() is a synonym for DAYOFMONTH().\n\nURL: http://dev.mysql.com/doc/refman/5.5/en/date-and-time-functions.html\n\n','','http://dev.mysql.com/doc/refman/5.5/en/date-and-time-functions.html'),(44,'MID',38,'Syntax:\nMID(str,pos,len)\n\nMID(str,pos,len) is a synonym for SUBSTRING(str,pos,len).\n\nURL: http://dev.mysql.com/doc/refman/5.5/en/string-functions.html\n\n','','http://dev.mysql.com/doc/refman/5.5/en/string-functions.html'),(45,'UUID',14,'Syntax:\nUUID()\n\nReturns a Universal Unique Identifier (UUID) generated according to\n\"DCE 1.1: Remote Procedure Call\" (Appendix A) CAE (Common Applications\nEnvironment) Specifications published by The Open Group in October 1997\n(Document Number C706,\nhttp://www.opengroup.org/public/pubs/catalog/c706.htm).\n\nA UUID is designed as a number that is globally unique in space and\ntime. Two calls to UUID() are expected to generate two different\nvalues, even if these calls are performed on two separate computers\nthat are not connected to each other.\n\nA UUID is a 128-bit number represented by a utf8 string of five\nhexadecimal numbers in aaaaaaaa-bbbb-cccc-dddd-eeeeeeeeeeee format:\n\no The first three numbers are generated from a timestamp.\n\no The fourth number preserves temporal uniqueness in case the timestamp\n  value loses monotonicity (for example, due to daylight saving time).\n\no The fifth number is an IEEE 802 node number that provides spatial\n  uniqueness. A random number is substituted if the latter is not\n  available (for example, because the host computer has no Ethernet\n  card, or we do not know how to find the hardware address of an\n  interface on your operating system). In this case, spatial uniqueness\n  cannot be guaranteed. Nevertheless, a collision should have very low\n  probability.\n\n  Currently, the MAC address of an interface is taken into account only\n  on FreeBSD and Linux. On other operating systems, MySQL uses a\n  randomly generated 48-bit number.\n\nURL: http://dev.mysql.com/doc/refman/5.5/en/miscellaneous-functions.html\n\n','mysql> SELECT UUID();\n        -> \'6ccd780c-baba-1026-9564-0040f4311e29\'\n','http://dev.mysql.com/doc/refman/5.5/en/miscellaneous-functions.html'),(46,'SLEEP',14,'Syntax:\nSLEEP(duration)\n\nSleeps (pauses) for the number of seconds given by the duration\nargument, then returns 0. If SLEEP() is interrupted, it returns 1. The\nduration may have a fractional part.\n\nURL: http://dev.mysql.com/doc/refman/5.5/en/miscellaneous-functions.html\n\n','','http://dev.mysql.com/doc/refman/5.5/en/miscellaneous-functions.html'),(47,'LINESTRING',25,'LineString(pt1,pt2,...)\n\nConstructs a LineString value from a number of Point or WKB Point\narguments. If the number of arguments is less than two, the return\nvalue is NULL.\n\nURL: http://dev.mysql.com/doc/refman/5.5/en/gis-mysql-specific-functions.html\n\n','','http://dev.mysql.com/doc/refman/5.5/en/gis-mysql-specific-functions.html'),(48,'CONNECTION_ID',17,'Syntax:\nCONNECTION_ID()\n\nReturns the connection ID (thread ID) for the connection. Every\nconnection has an ID that is unique among the set of currently\nconnected clients.\n\nThe value returned by CONNECTION_ID() is the same type of value as\ndisplayed in the ID column of the INFORMATION_SCHEMA.PROCESSLIST table,\nthe Id column of SHOW PROCESSLIST output, and the PROCESSLIST_ID column\nof the Performance Schema threads table.\n\nURL: http://dev.mysql.com/doc/refman/5.5/en/information-functions.html\n\n','mysql> SELECT CONNECTION_ID();\n        -> 23786\n','http://dev.mysql.com/doc/refman/5.5/en/information-functions.html'),(49,'CREATE LOGFILE GROUP',40,'Syntax:\nCREATE LOGFILE GROUP logfile_group\n    ADD UNDOFILE \'undo_file\'\n    [INITIAL_SIZE [=] initial_size]\n    [UNDO_BUFFER_SIZE [=] undo_buffer_size]\n    [REDO_BUFFER_SIZE [=] redo_buffer_size]\n    [NODEGROUP [=] nodegroup_id]\n    [WAIT]\n    [COMMENT [=] comment_text]\n    ENGINE [=] engine_name\n\nThis statement creates a new log file group named logfile_group having\na single UNDO file named \'undo_file\'. A CREATE LOGFILE GROUP statement\nhas one and only one ADD UNDOFILE clause. For rules covering the naming\nof log file groups, see\nhttp://dev.mysql.com/doc/refman/5.5/en/identifiers.html.\n\n*Note*: All MySQL Cluster Disk Data objects share the same namespace.\nThis means that each Disk Data object must be uniquely named (and not\nmerely each Disk Data object of a given type). For example, you cannot\nhave a tablespace and a log file group with the same name, or a\ntablespace and a data file with the same name.\n\nIn MySQL Cluster NDB 7.2, you can have only one log file group per\nCluster at any given time. (See Bug #16386)\n\nThe optional INITIAL_SIZE parameter sets the UNDO file\'s initial size;\nif not specified, it defaults to 128M (128 megabytes). The optional\nUNDO_BUFFER_SIZE parameter sets the size used by the UNDO buffer for\nthe log file group; The default value for UNDO_BUFFER_SIZE is 8M (eight\nmegabytes); this value cannot exceed the amount of system memory\navailable. Both of these parameters are specified in bytes. In MySQL\nCluster NDB 7.2.14 and later, you may optionally follow either or both\nof these with a one-letter abbreviation for an order of magnitude,\nsimilar to those used in my.cnf. Generally, this is one of the letters\nM (for megabytes) or G (for gigabytes). Prior to MySQL Cluster NDB\n7.2.14, the values for these options could only be specified using\ndigits. (Bug #13116514, Bug #16104705, Bug #62858)\n\nMemory used for UNDO_BUFFER_SIZE comes from the global pool whose size\nis determined by the value of the SharedGlobalMemory data node\nconfiguration parameter. This includes any default value implied for\nthis option by the setting of the InitialLogFileGroup data node\nconfiguration parameter.\n\nThe maximum permitted for UNDO_BUFFER_SIZE is 629145600 (600 MB).\n\nOn 32-bit systems, the maximum supported value for INITIAL_SIZE is\n4294967296 (4 GB). (Bug #29186)\n\nThe minimum allowed value for INITIAL_SIZE is 1048576 (1 MB).\n\nThe ENGINE option determines the storage engine to be used by this log\nfile group, with engine_name being the name of the storage engine. In\nMySQL 5.5, this must be NDB (or NDBCLUSTER). If ENGINE is not set,\nMySQL tries to use the engine specified by the default_storage_engine\nserver system variable (formerly storage_engine). In any case, if the\nengine is not specified as NDB or NDBCLUSTER, the CREATE LOGFILE GROUP\nstatement appears to succeed but actually fails to create the log file\ngroup, as shown here:\n\nmysql> CREATE LOGFILE GROUP lg1 \n    ->     ADD UNDOFILE \'undo.dat\' INITIAL_SIZE = 10M;\nQuery OK, 0 rows affected, 1 warning (0.00 sec)\n\nmysql> SHOW WARNINGS;\n+-------+------+------------------------------------------------------------------------------------------------+\n| Level | Code | Message                                                                                        |\n+-------+------+------------------------------------------------------------------------------------------------+\n| Error | 1478 | Table storage engine \'InnoDB\' does not support the create option \'TABLESPACE or LOGFILE GROUP\' |\n+-------+------+------------------------------------------------------------------------------------------------+\n1 row in set (0.00 sec)\n\nmysql> DROP LOGFILE GROUP lg1 ENGINE = NDB;              \nERROR 1529 (HY000): Failed to drop LOGFILE GROUP\n\nmysql> CREATE LOGFILE GROUP lg1 \n    ->     ADD UNDOFILE \'undo.dat\' INITIAL_SIZE = 10M\n    ->     ENGINE = NDB;\nQuery OK, 0 rows affected (2.97 sec)\n\nThe fact that the CREATE LOGFILE GROUP statement does not actually\nreturn an error when a non-NDB storage engine is named, but rather\nappears to succeed, is a known issue which we hope to address in a\nfuture release of MySQL Cluster.\n\nREDO_BUFFER_SIZE, NODEGROUP, WAIT, and COMMENT are parsed but ignored,\nand so have no effect in MySQL 5.5. These options are intended for\nfuture expansion.\n\nWhen used with ENGINE [=] NDB, a log file group and associated UNDO log\nfile are created on each Cluster data node. You can verify that the\nUNDO files were created and obtain information about them by querying\nthe INFORMATION_SCHEMA.FILES table. For example:\n\nmysql> SELECT LOGFILE_GROUP_NAME, LOGFILE_GROUP_NUMBER, EXTRA\n    -> FROM INFORMATION_SCHEMA.FILES\n    -> WHERE FILE_NAME = \'undo_10.dat\';\n+--------------------+----------------------+----------------+\n| LOGFILE_GROUP_NAME | LOGFILE_GROUP_NUMBER | EXTRA          |\n+--------------------+----------------------+----------------+\n| lg_3               |                   11 | CLUSTER_NODE=3 |\n| lg_3               |                   11 | CLUSTER_NODE=4 |\n+--------------------+----------------------+----------------+\n2 rows in set (0.06 sec)\n\nCREATE LOGFILE GROUP is useful only with Disk Data storage for MySQL\nCluster. See\nhttp://dev.mysql.com/doc/refman/5.5/en/mysql-cluster-disk-data.html.\n\nURL: http://dev.mysql.com/doc/refman/5.5/en/create-logfile-group.html\n\n','','http://dev.mysql.com/doc/refman/5.5/en/create-logfile-group.html'),(50,'DELETE',28,'Syntax:\nSingle-table syntax:\n\nDELETE [LOW_PRIORITY] [QUICK] [IGNORE] FROM tbl_name\n    [WHERE where_condition]\n    [ORDER BY ...]\n    [LIMIT row_count]\n\nMultiple-table syntax:\n\nDELETE [LOW_PRIORITY] [QUICK] [IGNORE]\n    tbl_name[.*] [, tbl_name[.*]] ...\n    FROM table_references\n    [WHERE where_condition]\n\nOr:\n\nDELETE [LOW_PRIORITY] [QUICK] [IGNORE]\n    FROM tbl_name[.*] [, tbl_name[.*]] ...\n    USING table_references\n    [WHERE where_condition]\n\nFor the single-table syntax, the DELETE statement deletes rows from\ntbl_name and returns a count of the number of deleted rows. This count\ncan be obtained by calling the ROW_COUNT() function (see\nhttp://dev.mysql.com/doc/refman/5.5/en/information-functions.html). The\nWHERE clause, if given, specifies the conditions that identify which\nrows to delete. With no WHERE clause, all rows are deleted. If the\nORDER BY clause is specified, the rows are deleted in the order that is\nspecified. The LIMIT clause places a limit on the number of rows that\ncan be deleted.\n\nFor the multiple-table syntax, DELETE deletes from each tbl_name the\nrows that satisfy the conditions. In this case, ORDER BY and LIMIT\ncannot be used.\n\nwhere_condition is an expression that evaluates to true for each row to\nbe deleted. It is specified as described in\nhttp://dev.mysql.com/doc/refman/5.5/en/select.html.\n\nCurrently, you cannot delete from a table and select from the same\ntable in a subquery.\n\nYou need the DELETE privilege on a table to delete rows from it. You\nneed only the SELECT privilege for any columns that are only read, such\nas those named in the WHERE clause.\n\nAs stated, a DELETE statement with no WHERE clause deletes all rows. A\nfaster way to do this, when you do not need to know the number of\ndeleted rows, is to use TRUNCATE TABLE. However, within a transaction\nor if you have a lock on the table, TRUNCATE TABLE cannot be used\nwhereas DELETE can. See [HELP TRUNCATE TABLE], and [HELP LOCK].\n\nURL: http://dev.mysql.com/doc/refman/5.5/en/delete.html\n\n','','http://dev.mysql.com/doc/refman/5.5/en/delete.html'),(51,'ROUND',3,'Syntax:\nROUND(X), ROUND(X,D)\n\nRounds the argument X to D decimal places. The rounding algorithm\ndepends on the data type of X. D defaults to 0 if not specified. D can\nbe negative to cause D digits left of the decimal point of the value X\nto become zero.\n\nURL: http://dev.mysql.com/doc/refman/5.5/en/mathematical-functions.html\n\n','mysql> SELECT ROUND(-1.23);\n        -> -1\nmysql> SELECT ROUND(-1.58);\n        -> -2\nmysql> SELECT ROUND(1.58);\n        -> 2\nmysql> SELECT ROUND(1.298, 1);\n        -> 1.3\nmysql> SELECT ROUND(1.298, 0);\n        -> 1\nmysql> SELECT ROUND(23.298, -1);\n        -> 20\n','http://dev.mysql.com/doc/refman/5.5/en/mathematical-functions.html'),(52,'NULLIF',6,'Syntax:\nNULLIF(expr1,expr2)\n\nReturns NULL if expr1 = expr2 is true, otherwise returns expr1. This is\nthe same as CASE WHEN expr1 = expr2 THEN NULL ELSE expr1 END.\n\nURL: http://dev.mysql.com/doc/refman/5.5/en/control-flow-functions.html\n\n','mysql> SELECT NULLIF(1,1);\n        -> NULL\nmysql> SELECT NULLIF(1,2);\n        -> 1\n','http://dev.mysql.com/doc/refman/5.5/en/control-flow-functions.html'),(53,'CLOSE',24,'Syntax:\nCLOSE cursor_name\n\nThis statement closes a previously opened cursor. For an example, see\nhttp://dev.mysql.com/doc/refman/5.5/en/cursors.html.\n\nAn error occurs if the cursor is not open.\n\nIf not closed explicitly, a cursor is closed at the end of the BEGIN\n... END block in which it was declared.\n\nURL: http://dev.mysql.com/doc/refman/5.5/en/close.html\n\n','','http://dev.mysql.com/doc/refman/5.5/en/close.html'),(54,'STOP SLAVE',8,'Syntax:\nSTOP SLAVE [thread_types]\n\nthread_types:\n    [thread_type [, thread_type] ... ]\n\nthread_type: IO_THREAD | SQL_THREAD\n\nStops the slave threads. STOP SLAVE requires the SUPER privilege.\nRecommended best practice is to execute STOP SLAVE on the slave before\nstopping the slave server (see\nhttp://dev.mysql.com/doc/refman/5.5/en/server-shutdown.html, for more\ninformation).\n\nWhen using the row-based logging format: You should execute STOP SLAVE\non the slave prior to shutting down the slave server if you are\nreplicating any tables that use a nontransactional storage engine (see\nthe Note later in this section). In MySQL 5.5.9 and later, you can also\nuse STOP SLAVE SQL_THREAD for this purpose.\n\nLike START SLAVE, this statement may be used with the IO_THREAD and\nSQL_THREAD options to name the thread or threads to be stopped.\n\n*Note*: In MySQL 5.5, STOP SLAVE waits until the current replication\nevent group affecting one or more nontransactional tables has finished\nexecuting (if there is any such replication group), or until the user\nissues a KILL QUERY or KILL CONNECTION statement. (Bug #319, Bug\n#38205)\n\nURL: http://dev.mysql.com/doc/refman/5.5/en/stop-slave.html\n\n','','http://dev.mysql.com/doc/refman/5.5/en/stop-slave.html'),(55,'TIMEDIFF',32,'Syntax:\nTIMEDIFF(expr1,expr2)\n\nTIMEDIFF() returns expr1 - expr2 expressed as a time value. expr1 and\nexpr2 are time or date-and-time expressions, but both must be of the\nsame type.\n\nThe result returned by TIMEDIFF() is limited to the range allowed for\nTIME values. Alternatively, you can use either of the functions\nTIMESTAMPDIFF() and UNIX_TIMESTAMP(), both of which return integers.\n\nURL: http://dev.mysql.com/doc/refman/5.5/en/date-and-time-functions.html\n\n','mysql> SELECT TIMEDIFF(\'2000:01:01 00:00:00\',\n    ->                 \'2000:01:01 00:00:00.000001\');\n        -> \'-00:00:00.000001\'\nmysql> SELECT TIMEDIFF(\'2008-12-31 23:59:59.000001\',\n    ->                 \'2008-12-30 01:01:01.000002\');\n        -> \'46:58:57.999999\'\n','http://dev.mysql.com/doc/refman/5.5/en/date-and-time-functions.html'),(56,'REPLACE FUNCTION',38,'Syntax:\nREPLACE(str,from_str,to_str)\n\nReturns the string str with all occurrences of the string from_str\nreplaced by the string to_str. REPLACE() performs a case-sensitive\nmatch when searching for from_str.\n\nURL: http://dev.mysql.com/doc/refman/5.5/en/string-functions.html\n\n','mysql> SELECT REPLACE(\'www.mysql.com\', \'w\', \'Ww\');\n        -> \'WwWwWw.mysql.com\'\n','http://dev.mysql.com/doc/refman/5.5/en/string-functions.html'),(57,'USE',29,'Syntax:\nUSE db_name\n\nThe USE db_name statement tells MySQL to use the db_name database as\nthe default (current) database for subsequent statements. The database\nremains the default until the end of the session or another USE\nstatement is issued:\n\nUSE db1;\nSELECT COUNT(*) FROM mytable;   # selects from db1.mytable\nUSE db2;\nSELECT COUNT(*) FROM mytable;   # selects from db2.mytable\n\nURL: http://dev.mysql.com/doc/refman/5.5/en/use.html\n\n','','http://dev.mysql.com/doc/refman/5.5/en/use.html'),(58,'LINEFROMTEXT',4,'LineFromText(wkt[,srid]), LineStringFromText(wkt[,srid])\n\nConstructs a LineString value using its WKT representation and SRID.\n\nURL: http://dev.mysql.com/doc/refman/5.5/en/gis-wkt-functions.html\n\n','','http://dev.mysql.com/doc/refman/5.5/en/gis-wkt-functions.html'),(59,'CASE OPERATOR',6,'Syntax:\nCASE value WHEN [compare_value] THEN result [WHEN [compare_value] THEN\nresult ...] [ELSE result] END\n\nCASE WHEN [condition] THEN result [WHEN [condition] THEN result ...]\n[ELSE result] END\n\nThe first version returns the result where value=compare_value. The\nsecond version returns the result for the first condition that is true.\nIf there was no matching result value, the result after ELSE is\nreturned, or NULL if there is no ELSE part.\n\nURL: http://dev.mysql.com/doc/refman/5.5/en/control-flow-functions.html\n\n','mysql> SELECT CASE 1 WHEN 1 THEN \'one\'\n    ->     WHEN 2 THEN \'two\' ELSE \'more\' END;\n        -> \'one\'\nmysql> SELECT CASE WHEN 1>0 THEN \'true\' ELSE \'false\' END;\n        -> \'true\'\nmysql> SELECT CASE BINARY \'B\'\n    ->     WHEN \'a\' THEN 1 WHEN \'b\' THEN 2 END;\n        -> NULL\n','http://dev.mysql.com/doc/refman/5.5/en/control-flow-functions.html'),(60,'SHOW MASTER STATUS',27,'Syntax:\nSHOW MASTER STATUS\n\nThis statement provides status information about the binary log files\nof the master. It requires either the SUPER or REPLICATION CLIENT\nprivilege.\n\nExample:\n\nmysql> SHOW MASTER STATUS;\n+---------------+----------+--------------+------------------+\n| File          | Position | Binlog_Do_DB | Binlog_Ignore_DB |\n+---------------+----------+--------------+------------------+\n| mysql-bin.003 | 73       | test         | manual,mysql     |\n+---------------+----------+--------------+------------------+\n\nURL: http://dev.mysql.com/doc/refman/5.5/en/show-master-status.html\n\n','','http://dev.mysql.com/doc/refman/5.5/en/show-master-status.html'),(61,'ADDTIME',32,'Syntax:\nADDTIME(expr1,expr2)\n\nADDTIME() adds expr2 to expr1 and returns the result. expr1 is a time\nor datetime expression, and expr2 is a time expression.\n\nURL: http://dev.mysql.com/doc/refman/5.5/en/date-and-time-functions.html\n\n','mysql> SELECT ADDTIME(\'2007-12-31 23:59:59.999999\', \'1 1:1:1.000002\');\n        -> \'2008-01-02 01:01:01.000001\'\nmysql> SELECT ADDTIME(\'01:00:00.999999\', \'02:00:00.999998\');\n        -> \'03:00:01.999997\'\n','http://dev.mysql.com/doc/refman/5.5/en/date-and-time-functions.html'),(62,'TO_SECONDS',32,'Syntax:\nTO_SECONDS(expr)\n\nGiven a date or datetime expr, returns a the number of seconds since\nthe year 0. If expr is not a valid date or datetime value, returns\nNULL.\n\nURL: http://dev.mysql.com/doc/refman/5.5/en/date-and-time-functions.html\n\n','mysql> SELECT TO_SECONDS(950501);\n        -> 62966505600\nmysql> SELECT TO_SECONDS(\'2009-11-29\');\n        -> 63426672000\nmysql> SELECT TO_SECONDS(\'2009-11-29 13:43:32\');\n        -> 63426721412\nmysql> SELECT TO_SECONDS( NOW() );\n        -> 63426721458\n','http://dev.mysql.com/doc/refman/5.5/en/date-and-time-functions.html'),(63,'TIMESTAMPDIFF',32,'Syntax:\nTIMESTAMPDIFF(unit,datetime_expr1,datetime_expr2)\n\nReturns datetime_expr2 - datetime_expr1, where datetime_expr1 and\ndatetime_expr2 are date or datetime expressions. One expression may be\na date and the other a datetime; a date value is treated as a datetime\nhaving the time part \'00:00:00\' where necessary. The unit for the\nresult (an integer) is given by the unit argument. The legal values for\nunit are the same as those listed in the description of the\nTIMESTAMPADD() function.\n\nURL: http://dev.mysql.com/doc/refman/5.5/en/date-and-time-functions.html\n\n','mysql> SELECT TIMESTAMPDIFF(MONTH,\'2003-02-01\',\'2003-05-01\');\n        -> 3\nmysql> SELECT TIMESTAMPDIFF(YEAR,\'2002-05-01\',\'2001-01-01\');\n        -> -1\nmysql> SELECT TIMESTAMPDIFF(MINUTE,\'2003-02-01\',\'2003-05-01 12:05:55\');\n        -> 128885\n','http://dev.mysql.com/doc/refman/5.5/en/date-and-time-functions.html'),(64,'UPPER',38,'Syntax:\nUPPER(str)\n\nReturns the string str with all characters changed to uppercase\naccording to the current character set mapping. The default is latin1\n(cp1252 West European).\n\nmysql> SELECT UPPER(\'Hej\');\n        -> \'HEJ\'\n\nSee the description of LOWER() for information that also applies to\nUPPER(), such as information about how to perform lettercase conversion\nof binary strings (BINARY, VARBINARY, BLOB) for which these functions\nare ineffective.\n\nURL: http://dev.mysql.com/doc/refman/5.5/en/string-functions.html\n\n','','http://dev.mysql.com/doc/refman/5.5/en/string-functions.html'),(65,'SPATIAL',35,'For MyISAM tables, MySQL can create spatial indexes using syntax\nsimilar to that for creating regular indexes, but using the SPATIAL\nkeyword. Columns in spatial indexes must be declared NOT NULL. The\nfollowing examples demonstrate how to create spatial indexes:\n\no With CREATE TABLE:\n\nCREATE TABLE geom (g GEOMETRY NOT NULL, SPATIAL INDEX(g)) ENGINE=MyISAM;\n\no With ALTER TABLE:\n\nALTER TABLE geom ADD SPATIAL INDEX(g);\n\no With CREATE INDEX:\n\nCREATE SPATIAL INDEX sp_index ON geom (g);\n\nSPATIAL INDEX creates an R-tree index. For storage engines that support\nnonspatial indexing of spatial columns, the engine creates a B-tree\nindex. A B-tree index on spatial values is useful for exact-value\nlookups, but not for range scans.\n\nFor more information on indexing spatial columns, see [HELP CREATE\nINDEX].\n\nTo drop spatial indexes, use ALTER TABLE or DROP INDEX:\n\no With ALTER TABLE:\n\nALTER TABLE geom DROP INDEX g;\n\no With DROP INDEX:\n\nDROP INDEX sp_index ON geom;\n\nExample: Suppose that a table geom contains more than 32,000\ngeometries, which are stored in the column g of type GEOMETRY. The\ntable also has an AUTO_INCREMENT column fid for storing object ID\nvalues.\n\nURL: http://dev.mysql.com/doc/refman/5.5/en/creating-spatial-indexes.html\n\n','','http://dev.mysql.com/doc/refman/5.5/en/creating-spatial-indexes.html'),(66,'FROM_UNIXTIME',32,'Syntax:\nFROM_UNIXTIME(unix_timestamp), FROM_UNIXTIME(unix_timestamp,format)\n\nReturns a representation of the unix_timestamp argument as a value in\n\'YYYY-MM-DD HH:MM:SS\' or YYYYMMDDHHMMSS.uuuuuu format, depending on\nwhether the function is used in a string or numeric context. The value\nis expressed in the current time zone. unix_timestamp is an internal\ntimestamp value such as is produced by the UNIX_TIMESTAMP() function.\n\nIf format is given, the result is formatted according to the format\nstring, which is used the same way as listed in the entry for the\nDATE_FORMAT() function.\n\nURL: http://dev.mysql.com/doc/refman/5.5/en/date-and-time-functions.html\n\n','mysql> SELECT FROM_UNIXTIME(1196440219);\n        -> \'2007-11-30 10:30:19\'\nmysql> SELECT FROM_UNIXTIME(1196440219) + 0;\n        -> 20071130103019.000000\nmysql> SELECT FROM_UNIXTIME(UNIX_TIMESTAMP(),\n    ->                      \'%Y %D %M %h:%i:%s %x\');\n        -> \'2007 30th November 10:30:59 2007\'\n','http://dev.mysql.com/doc/refman/5.5/en/date-and-time-functions.html'),(67,'MEDIUMBLOB',23,'MEDIUMBLOB\n\nA BLOB column with a maximum length of 16,777,215 (224 - 1) bytes. Each\nMEDIUMBLOB value is stored using a 3-byte length prefix that indicates\nthe number of bytes in the value.\n\nURL: http://dev.mysql.com/doc/refman/5.5/en/string-type-overview.html\n\n','','http://dev.mysql.com/doc/refman/5.5/en/string-type-overview.html'),(68,'SHA2',12,'Syntax:\nSHA2(str, hash_length)\n\nCalculates the SHA-2 family of hash functions (SHA-224, SHA-256,\nSHA-384, and SHA-512). The first argument is the cleartext string to be\nhashed. The second argument indicates the desired bit length of the\nresult, which must have a value of 224, 256, 384, 512, or 0 (which is\nequivalent to 256). If either argument is NULL or the hash length is\nnot one of the permitted values, the return value is NULL. Otherwise,\nthe function result is a hash value containing the desired number of\nbits. See the notes at the beginning of this section about storing hash\nvalues efficiently.\n\nAs of MySQL 5.5.6, the return value is a nonbinary string in the\nconnection character set. Before 5.5.6, the return value is a binary\nstring; see the notes at the beginning of this section about using the\nvalue as a nonbinary string.\n\nURL: http://dev.mysql.com/doc/refman/5.5/en/encryption-functions.html\n\n','mysql> SELECT SHA2(\'abc\', 224);\n        -> \'23097d223405d8228642a477bda255b32aadbce4bda0b3f7e36c9da7\'\n','http://dev.mysql.com/doc/refman/5.5/en/encryption-functions.html'),(69,'IFNULL',6,'Syntax:\nIFNULL(expr1,expr2)\n\nIf expr1 is not NULL, IFNULL() returns expr1; otherwise it returns\nexpr2. IFNULL() returns a numeric or string value, depending on the\ncontext in which it is used.\n\nURL: http://dev.mysql.com/doc/refman/5.5/en/control-flow-functions.html\n\n','mysql> SELECT IFNULL(1,0);\n        -> 1\nmysql> SELECT IFNULL(NULL,10);\n        -> 10\nmysql> SELECT IFNULL(1/0,10);\n        -> 10\nmysql> SELECT IFNULL(1/0,\'yes\');\n        -> \'yes\'\n','http://dev.mysql.com/doc/refman/5.5/en/control-flow-functions.html'),(70,'SHOW FUNCTION CODE',27,'Syntax:\nSHOW FUNCTION CODE func_name\n\nThis statement is similar to SHOW PROCEDURE CODE but for stored\nfunctions. See [HELP SHOW PROCEDURE CODE].\n\nURL: http://dev.mysql.com/doc/refman/5.5/en/show-function-code.html\n\n','','http://dev.mysql.com/doc/refman/5.5/en/show-function-code.html'),(71,'SHOW ERRORS',27,'Syntax:\nSHOW ERRORS [LIMIT [offset,] row_count]\nSHOW COUNT(*) ERRORS\n\nSHOW ERRORS is a diagnostic statement that is similar to SHOW WARNINGS,\nexcept that it displays information only for errors, rather than for\nerrors, warnings, and notes.\n\nThe LIMIT clause has the same syntax as for the SELECT statement. See\nhttp://dev.mysql.com/doc/refman/5.5/en/select.html.\n\nThe SHOW COUNT(*) ERRORS statement displays the number of errors. You\ncan also retrieve this number from the error_count variable:\n\nSHOW COUNT(*) ERRORS;\nSELECT @@error_count;\n\nSHOW ERRORS and error_count apply only to errors, not warnings or\nnotes. In other respects, they are similar to SHOW WARNINGS and\nwarning_count. In particular, SHOW ERRORS cannot display information\nfor more than max_error_count messages, and error_count can exceed the\nvalue of max_error_count if the number of errors exceeds\nmax_error_count.\n\nURL: http://dev.mysql.com/doc/refman/5.5/en/show-errors.html\n\n','','http://dev.mysql.com/doc/refman/5.5/en/show-errors.html'),(72,'LEAST',20,'Syntax:\nLEAST(value1,value2,...)\n\nWith two or more arguments, returns the smallest (minimum-valued)\nargument. The arguments are compared using the following rules:\n\no If any argument is NULL, the result is NULL. No comparison is needed.\n\no If the return value is used in an INTEGER context or all arguments\n  are integer-valued, they are compared as integers.\n\no If the return value is used in a REAL context or all arguments are\n  real-valued, they are compared as reals.\n\no If the arguments comprise a mix of numbers and strings, they are\n  compared as numbers.\n\no If any argument is a nonbinary (character) string, the arguments are\n  compared as nonbinary strings.\n\no In all other cases, the arguments are compared as binary strings.\n\nURL: http://dev.mysql.com/doc/refman/5.5/en/comparison-operators.html\n\n','mysql> SELECT LEAST(2,0);\n        -> 0\nmysql> SELECT LEAST(34.0,3.0,5.0,767.0);\n        -> 3.0\nmysql> SELECT LEAST(\'B\',\'A\',\'C\');\n        -> \'A\'\n','http://dev.mysql.com/doc/refman/5.5/en/comparison-operators.html'),(73,'=',20,'=\n\nEqual:\n\nURL: http://dev.mysql.com/doc/refman/5.5/en/comparison-operators.html\n\n','mysql> SELECT 1 = 0;\n        -> 0\nmysql> SELECT \'0\' = 0;\n        -> 1\nmysql> SELECT \'0.0\' = 0;\n        -> 1\nmysql> SELECT \'0.01\' = 0;\n        -> 0\nmysql> SELECT \'.01\' = 0.01;\n        -> 1\n','http://dev.mysql.com/doc/refman/5.5/en/comparison-operators.html'),(74,'REVERSE',38,'Syntax:\nREVERSE(str)\n\nReturns the string str with the order of the characters reversed.\n\nURL: http://dev.mysql.com/doc/refman/5.5/en/string-functions.html\n\n','mysql> SELECT REVERSE(\'abc\');\n        -> \'cba\'\n','http://dev.mysql.com/doc/refman/5.5/en/string-functions.html'),(75,'ISNULL',20,'Syntax:\nISNULL(expr)\n\nIf expr is NULL, ISNULL() returns 1, otherwise it returns 0.\n\nURL: http://dev.mysql.com/doc/refman/5.5/en/comparison-operators.html\n\n','mysql> SELECT ISNULL(1+1);\n        -> 0\nmysql> SELECT ISNULL(1/0);\n        -> 1\n','http://dev.mysql.com/doc/refman/5.5/en/comparison-operators.html'),(76,'BINARY',23,'BINARY(M)\n\nThe BINARY type is similar to the CHAR type, but stores binary byte\nstrings rather than nonbinary character strings. M represents the\ncolumn length in bytes.\n\nURL: http://dev.mysql.com/doc/refman/5.5/en/string-type-overview.html\n\n','','http://dev.mysql.com/doc/refman/5.5/en/string-type-overview.html'),(77,'BLOB DATA TYPE',23,'A BLOB is a binary large object that can hold a variable amount of\ndata. The four BLOB types are TINYBLOB, BLOB, MEDIUMBLOB, and LONGBLOB.\nThese differ only in the maximum length of the values they can hold.\nThe four TEXT types are TINYTEXT, TEXT, MEDIUMTEXT, and LONGTEXT. These\ncorrespond to the four BLOB types and have the same maximum lengths and\nstorage requirements. See\nhttp://dev.mysql.com/doc/refman/5.5/en/storage-requirements.html.\n\nURL: http://dev.mysql.com/doc/refman/5.5/en/blob.html\n\n','','http://dev.mysql.com/doc/refman/5.5/en/blob.html'),(78,'CREATE USER',10,'Syntax:\nCREATE USER user_specification [, user_specification] ...\n\nuser_specification:\n    user\n    [\n      | IDENTIFIED WITH auth_plugin [AS \'auth_string\']\n        IDENTIFIED BY [PASSWORD] \'password\'\n    ]\n\nThe CREATE USER statement creates new MySQL accounts. An error occurs\nfor accounts that already exist. To use this statement, you must have\nthe global CREATE USER privilege or the INSERT privilege for the mysql\ndatabase. For each account, CREATE USER creates a new row in the\nmysql.user table with no privileges and (as of MySQL 5.5.7) assigns the\naccount an authentication plugin. Depending on the syntax used, CREATE\nUSER may also assign the account a password.\n\nEach user_specification clause consists of an account name and\ninformation about how authentication occurs for clients that use the\naccount. This part of CREATE USER syntax is shared with GRANT, so the\ndescription here applies to GRANT as well.\n\nEach account name uses the format described in\nhttp://dev.mysql.com/doc/refman/5.5/en/account-names.html. For example:\n\nCREATE USER \'jeffrey\'@\'localhost\' IDENTIFIED BY \'mypass\';\n\nIf you specify only the user name part of the account name, a host name\npart of \'%\' is used.\n\nThe server assigns an authentication plugin and password to each\naccount as follows, depending on whether the user specification clause\nincludes IDENTIFIED WITH to specify a plugin or IDENTIFIED BY to\nspecify a password:\n\n*Note*: IDENTIFIED WITH is available as of MySQL 5.5.7. Before 5.5.7,\nauthentication plugins are not used, so only the remarks about\nIDENTIFIED BY apply.\n\no With IDENTIFIED WITH, the server assigns the specified plugin and the\n  account has no password.\n\no With IDENTIFIED BY, the server assigns no plugin and assigns the\n  specified password.\n\no With neither IDENTIFIED WITH nor IDENTIFIED BY, the server assigns no\n  plugin and the account has no password.\n\nIf the account has no password, the Password column in the account\'s\nmysql.user table row remains empty, which is insecure. To set the\npassword, use SET PASSWORD. See [HELP SET PASSWORD].\n\nIf the server assigns no plugin to the account, the plugin column in\nthe account\'s mysql.user table row remains empty.\n\nFor client connections that use a given account, the server invokes the\nauthentication plugin assigned to the account and the client must\nprovide credentials as required by the authentication method that the\nplugin implements. If the server cannot find the plugin, either at\naccount-creation time or connect time, an error occurs.\n\nIf an account\'s mysql.user table row has a nonempty plugin column:\n\no The server authenticates client connection attempts using the named\n  plugin.\n\no Changes to the account password using SET PASSWORD with PASSWORD()\n  must be made with the old_passwords system variable set to the value\n  required by the authentication plugin, so that PASSWORD() uses the\n  appropriate password hashing method. If the plugin is\n  mysql_old_password, the password can also be changed using SET\n  PASSWORD with OLD_PASSWORD(), which uses pre-4.1 password hashing\n  regardless of the value of old_passwords.\n\nIf an account\'s mysql.user table row has an empty plugin column:\n\no The server authenticates client connection attempts using the\n  mysql_native_password or mysql_old_password authentication plugin,\n  depending on the hash format of the password stored in the Password\n  column.\n\no Changes to the account password using SET PASSWORD can be made with\n  PASSWORD(), with old_passwords set to 0 or 1 for 4.1 or pre-4.1\n  password hashing, respectively, or with OLD_PASSWORD(), which uses\n  pre-4.1 password hashing regardless of the value of old_passwords.\n\nCREATE USER examples:\n\no To specify an authentication plugin for an account, use IDENTIFIED\n  WITH auth_plugin. The plugin name can be a quoted string literal or\n  an unquoted name. \'auth_string\' is an optional quoted string literal\n  to pass to the plugin. The plugin interprets the meaning of the\n  string, so its format is plugin specific. Consult the documentation\n  for a given plugin for information about the authentication string\n  values it accepts, if any.\n\nCREATE USER \'jeffrey\'@\'localhost\' IDENTIFIED WITH mysql_native_password;\n\n  The server assigns the given authentication plugin to the account but\n  no password. Clients must provide no password when they connect.\n  However, an account with no password is insecure. To ensure that an\n  account uses a specific authentication plugin and has a password with\n  the corresponding hash format, specify the plugin explicitly with\n  IDENTIFIED WITH, then use SET PASSWORD to set the password:\n\nCREATE USER \'jeffrey\'@\'localhost\' IDENTIFIED WITH mysql_native_password;\nSET old_passwords = 0;\nSET PASSWORD FOR \'jeffrey\'@\'localhost\' = PASSWORD(\'mypass\');\n\n  Changes to the account password using SET PASSWORD with PASSWORD()\n  must be made with the old_passwords system variable set to the value\n  required by the account\'s authentication plugin, so that PASSWORD()\n  uses the appropriate password hashing method. Therefore, to use the\n  mysql_old_password plugin instead, name that plugin in the CREATE\n  USER statement and set old_passwords to 1 before using SET PASSWORD.\n\no To specify a password for an account at account-creation time, use\n  IDENTIFIED BY with the literal plaintext password value:\n\nCREATE USER \'jeffrey\'@\'localhost\' IDENTIFIED BY \'mypass\';\n\n  The server assigns the given password to the account but no\n  authentication plugin. Clients must provide the password when they\n  connect.\n\no To avoid specifying the plaintext password if you know its hash value\n  (the value that PASSWORD() would return for the password), specify\n  the hash value preceded by the keyword PASSWORD:\n\nCREATE USER \'jeffrey\'@\'localhost\'\nIDENTIFIED BY PASSWORD \'*90E462C37378CED12064BB3388827D2BA3A9B689\';\n\n  The server assigns the given password to the account but no\n  authentication plugin. Clients must provide the password when they\n  connect.\n\no To enable the user to connect with no password, include no IDENTIFIED\n  BY clause:\n\nCREATE USER \'jeffrey\'@\'localhost\';\n\n  The server assigns no authentication plugin or password to the\n  account. Clients must provide no password when they connect. However,\n  an account with no password is insecure. To avoid this, use SET\n  PASSWORD to set the account password.\n\nFor additional information about setting passwords and authentication\nplugins, see\nhttp://dev.mysql.com/doc/refman/5.5/en/assigning-passwords.html, and\nhttp://dev.mysql.com/doc/refman/5.5/en/pluggable-authentication.html.\n\nURL: http://dev.mysql.com/doc/refman/5.5/en/create-user.html\n\n','','http://dev.mysql.com/doc/refman/5.5/en/create-user.html'),(79,'POINT',25,'Point(x,y)\n\nConstructs a Point using its coordinates.\n\nURL: http://dev.mysql.com/doc/refman/5.5/en/gis-mysql-specific-functions.html\n\n','','http://dev.mysql.com/doc/refman/5.5/en/gis-mysql-specific-functions.html'),(80,'CURRENT_USER',17,'Syntax:\nCURRENT_USER, CURRENT_USER()\n\nReturns the user name and host name combination for the MySQL account\nthat the server used to authenticate the current client. This account\ndetermines your access privileges. The return value is a string in the\nutf8 character set.\n\nThe value of CURRENT_USER() can differ from the value of USER().\n\nURL: http://dev.mysql.com/doc/refman/5.5/en/information-functions.html\n\n','mysql> SELECT USER();\n        -> \'davida@localhost\'\nmysql> SELECT * FROM mysql.user;\nERROR 1044: Access denied for user \'\'@\'localhost\' to\ndatabase \'mysql\'\nmysql> SELECT CURRENT_USER();\n        -> \'@localhost\'\n','http://dev.mysql.com/doc/refman/5.5/en/information-functions.html'),(81,'LCASE',38,'Syntax:\nLCASE(str)\n\nLCASE() is a synonym for LOWER().\n\nURL: http://dev.mysql.com/doc/refman/5.5/en/string-functions.html\n\n','','http://dev.mysql.com/doc/refman/5.5/en/string-functions.html'),(82,'<=',20,'Syntax:\n<=\n\nLess than or equal:\n\nURL: http://dev.mysql.com/doc/refman/5.5/en/comparison-operators.html\n\n','mysql> SELECT 0.1 <= 2;\n        -> 1\n','http://dev.mysql.com/doc/refman/5.5/en/comparison-operators.html'),(83,'SHOW PROFILES',27,'Syntax:\nSHOW PROFILES\n\nThe SHOW PROFILES statement, together with SHOW PROFILE, displays\nprofiling information that indicates resource usage for statements\nexecuted during the course of the current session. For more\ninformation, see [HELP SHOW PROFILE].\n\nURL: http://dev.mysql.com/doc/refman/5.5/en/show-profiles.html\n\n','','http://dev.mysql.com/doc/refman/5.5/en/show-profiles.html'),(84,'UPDATE',28,'Syntax:\nSingle-table syntax:\n\nUPDATE [LOW_PRIORITY] [IGNORE] table_reference\n    SET col_name1={expr1|DEFAULT} [, col_name2={expr2|DEFAULT}] ...\n    [WHERE where_condition]\n    [ORDER BY ...]\n    [LIMIT row_count]\n\nMultiple-table syntax:\n\nUPDATE [LOW_PRIORITY] [IGNORE] table_references\n    SET col_name1={expr1|DEFAULT} [, col_name2={expr2|DEFAULT}] ...\n    [WHERE where_condition]\n\nFor the single-table syntax, the UPDATE statement updates columns of\nexisting rows in the named table with new values. The SET clause\nindicates which columns to modify and the values they should be given.\nEach value can be given as an expression, or the keyword DEFAULT to set\na column explicitly to its default value. The WHERE clause, if given,\nspecifies the conditions that identify which rows to update. With no\nWHERE clause, all rows are updated. If the ORDER BY clause is\nspecified, the rows are updated in the order that is specified. The\nLIMIT clause places a limit on the number of rows that can be updated.\n\nFor the multiple-table syntax, UPDATE updates rows in each table named\nin table_references that satisfy the conditions. Each matching row is\nupdated once, even if it matches the conditions multiple times. For\nmultiple-table syntax, ORDER BY and LIMIT cannot be used.\n\nwhere_condition is an expression that evaluates to true for each row to\nbe updated. For expression syntax, see\nhttp://dev.mysql.com/doc/refman/5.5/en/expressions.html.\n\ntable_references and where_condition are specified as described in\nhttp://dev.mysql.com/doc/refman/5.5/en/select.html.\n\nYou need the UPDATE privilege only for columns referenced in an UPDATE\nthat are actually updated. You need only the SELECT privilege for any\ncolumns that are read but not modified.\n\nThe UPDATE statement supports the following modifiers:\n\no With the LOW_PRIORITY keyword, execution of the UPDATE is delayed\n  until no other clients are reading from the table. This affects only\n  storage engines that use only table-level locking (such as MyISAM,\n  MEMORY, and MERGE).\n\no With the IGNORE keyword, the update statement does not abort even if\n  errors occur during the update. Rows for which duplicate-key\n  conflicts occur on a unique key value are not updated. Rows updated\n  to values that would cause data conversion errors are updated to the\n  closest valid values instead.\n\nURL: http://dev.mysql.com/doc/refman/5.5/en/update.html\n\n','','http://dev.mysql.com/doc/refman/5.5/en/update.html'),(85,'IS NOT NULL',20,'Syntax:\nIS NOT NULL\n\nTests whether a value is not NULL.\n\nURL: http://dev.mysql.com/doc/refman/5.5/en/comparison-operators.html\n\n','mysql> SELECT 1 IS NOT NULL, 0 IS NOT NULL, NULL IS NOT NULL;\n        -> 1, 1, 0\n','http://dev.mysql.com/doc/refman/5.5/en/comparison-operators.html'),(86,'CASE STATEMENT',24,'Syntax:\nCASE case_value\n    WHEN when_value THEN statement_list\n    [WHEN when_value THEN statement_list] ...\n    [ELSE statement_list]\nEND CASE\n\nOr:\n\nCASE\n    WHEN search_condition THEN statement_list\n    [WHEN search_condition THEN statement_list] ...\n    [ELSE statement_list]\nEND CASE\n\nThe CASE statement for stored programs implements a complex conditional\nconstruct.\n\n*Note*: There is also a CASE expression, which differs from the CASE\nstatement described here. See\nhttp://dev.mysql.com/doc/refman/5.5/en/control-flow-functions.html. The\nCASE statement cannot have an ELSE NULL clause, and it is terminated\nwith END CASE instead of END.\n\nFor the first syntax, case_value is an expression. This value is\ncompared to the when_value expression in each WHEN clause until one of\nthem is equal. When an equal when_value is found, the corresponding\nTHEN clause statement_list executes. If no when_value is equal, the\nELSE clause statement_list executes, if there is one.\n\nThis syntax cannot be used to test for equality with NULL because NULL\n= NULL is false. See\nhttp://dev.mysql.com/doc/refman/5.5/en/working-with-null.html.\n\nFor the second syntax, each WHEN clause search_condition expression is\nevaluated until one is true, at which point its corresponding THEN\nclause statement_list executes. If no search_condition is equal, the\nELSE clause statement_list executes, if there is one.\n\nIf no when_value or search_condition matches the value tested and the\nCASE statement contains no ELSE clause, a Case not found for CASE\nstatement error results.\n\nEach statement_list consists of one or more SQL statements; an empty\nstatement_list is not permitted.\n\nTo handle situations where no value is matched by any WHEN clause, use\nan ELSE containing an empty BEGIN ... END block, as shown in this\nexample. (The indentation used here in the ELSE clause is for purposes\nof clarity only, and is not otherwise significant.)\n\nDELIMITER |\n\nCREATE PROCEDURE p()\n  BEGIN\n    DECLARE v INT DEFAULT 1;\n\n    CASE v\n      WHEN 2 THEN SELECT v;\n      WHEN 3 THEN SELECT 0;\n      ELSE\n        BEGIN\n        END;\n    END CASE;\n  END;\n  |\n\nURL: http://dev.mysql.com/doc/refman/5.5/en/case.html\n\n','','http://dev.mysql.com/doc/refman/5.5/en/case.html'),(87,'EXECUTE STATEMENT',8,'Syntax:\nEXECUTE stmt_name\n    [USING @var_name [, @var_name] ...]\n\nAfter preparing a statement with PREPARE, you execute it with an\nEXECUTE statement that refers to the prepared statement name. If the\nprepared statement contains any parameter markers, you must supply a\nUSING clause that lists user variables containing the values to be\nbound to the parameters. Parameter values can be supplied only by user\nvariables, and the USING clause must name exactly as many variables as\nthe number of parameter markers in the statement.\n\nYou can execute a given prepared statement multiple times, passing\ndifferent variables to it or setting the variables to different values\nbefore each execution.\n\nURL: http://dev.mysql.com/doc/refman/5.5/en/execute.html\n\n','','http://dev.mysql.com/doc/refman/5.5/en/execute.html'),(88,'DROP INDEX',40,'Syntax:\nDROP [ONLINE|OFFLINE] INDEX index_name ON tbl_name\n\nDROP INDEX drops the index named index_name from the table tbl_name.\nThis statement is mapped to an ALTER TABLE statement to drop the index.\nSee [HELP ALTER TABLE].\n\nTo drop a primary key, the index name is always PRIMARY, which must be\nspecified as a quoted identifier because PRIMARY is a reserved word:\n\nDROP INDEX `PRIMARY` ON t;\n\nURL: http://dev.mysql.com/doc/refman/5.5/en/drop-index.html\n\n','','http://dev.mysql.com/doc/refman/5.5/en/drop-index.html'),(89,'MATCH AGAINST',38,'Syntax:\nMATCH (col1,col2,...) AGAINST (expr [search_modifier])\n\nMySQL has support for full-text indexing and searching:\n\no A full-text index in MySQL is an index of type FULLTEXT.\n\no Full-text indexes can be used only with MyISAM tables. (In MySQL 5.6\n  and up, they can also be used with InnoDB tables.) Full-text indexes\n  can be created only for CHAR, VARCHAR, or TEXT columns.\n\no A FULLTEXT index definition can be given in the CREATE TABLE\n  statement when a table is created, or added later using ALTER TABLE\n  or CREATE INDEX.\n\no For large data sets, it is much faster to load your data into a table\n  that has no FULLTEXT index and then create the index after that, than\n  to load data into a table that has an existing FULLTEXT index.\n\nFull-text searching is performed using MATCH() ... AGAINST syntax.\nMATCH() takes a comma-separated list that names the columns to be\nsearched. AGAINST takes a string to search for, and an optional\nmodifier that indicates what type of search to perform. The search\nstring must be a string value that is constant during query evaluation.\nThis rules out, for example, a table column because that can differ for\neach row.\n\nThere are three types of full-text searches:\n\no A natural language search interprets the search string as a phrase in\n  natural human language (a phrase in free text). There are no special\n  operators. The stopword list applies. In addition, words that are\n  present in 50% or more of the rows are considered common and do not\n  match.\n\n  Full-text searches are natural language searches if the IN NATURAL\n  LANGUAGE MODE modifier is given or if no modifier is given. For more\n  information, see\n  http://dev.mysql.com/doc/refman/5.5/en/fulltext-natural-language.html\n  .\n\no A boolean search interprets the search string using the rules of a\n  special query language. The string contains the words to search for.\n  It can also contain operators that specify requirements such that a\n  word must be present or absent in matching rows, or that it should be\n  weighted higher or lower than usual. Common words such as \"some\" or\n  \"then\" are stopwords and do not match if present in the search\n  string. The IN BOOLEAN MODE modifier specifies a boolean search. For\n  more information, see\n  http://dev.mysql.com/doc/refman/5.5/en/fulltext-boolean.html.\n\no A query expansion search is a modification of a natural language\n  search. The search string is used to perform a natural language\n  search. Then words from the most relevant rows returned by the search\n  are added to the search string and the search is done again. The\n  query returns the rows from the second search. The IN NATURAL\n  LANGUAGE MODE WITH QUERY EXPANSION or WITH QUERY EXPANSION modifier\n  specifies a query expansion search. For more information, see\n  http://dev.mysql.com/doc/refman/5.5/en/fulltext-query-expansion.html.\n\nURL: http://dev.mysql.com/doc/refman/5.5/en/fulltext-search.html\n\n','mysql> SELECT id, body, MATCH (title,body) AGAINST\n    -> (\'Security implications of running MySQL as root\'\n    -> IN NATURAL LANGUAGE MODE) AS score\n    -> FROM articles WHERE MATCH (title,body) AGAINST\n    -> (\'Security implications of running MySQL as root\'\n    -> IN NATURAL LANGUAGE MODE);\n+----+-------------------------------------+-----------------+\n| id | body                                | score           |\n+----+-------------------------------------+-----------------+\n|  4 | 1. Never run mysqld as root. 2. ... | 1.5219271183014 |\n|  6 | When configured properly, MySQL ... | 1.3114095926285 |\n+----+-------------------------------------+-----------------+\n2 rows in set (0.00 sec)\n','http://dev.mysql.com/doc/refman/5.5/en/fulltext-search.html'),(90,'CREATE EVENT',40,'Syntax:\nCREATE\n    [DEFINER = { user | CURRENT_USER }]\n    EVENT\n    [IF NOT EXISTS]\n    event_name\n    ON SCHEDULE schedule\n    [ON COMPLETION [NOT] PRESERVE]\n    [ENABLE | DISABLE | DISABLE ON SLAVE]\n    [COMMENT \'comment\']\n    DO event_body;\n\nschedule:\n    AT timestamp [+ INTERVAL interval] ...\n  | EVERY interval\n    [STARTS timestamp [+ INTERVAL interval] ...]\n    [ENDS timestamp [+ INTERVAL interval] ...]\n\ninterval:\n    quantity {YEAR | QUARTER | MONTH | DAY | HOUR | MINUTE |\n              WEEK | SECOND | YEAR_MONTH | DAY_HOUR | DAY_MINUTE |\n              DAY_SECOND | HOUR_MINUTE | HOUR_SECOND | MINUTE_SECOND}\n\nThis statement creates and schedules a new event. The event will not\nrun unless the Event Scheduler is enabled. For information about\nchecking Event Scheduler status and enabling it if necessary, see\nhttp://dev.mysql.com/doc/refman/5.5/en/events-configuration.html.\n\nCREATE EVENT requires the EVENT privilege for the schema in which the\nevent is to be created. It might also require the SUPER privilege,\ndepending on the DEFINER value, as described later in this section.\n\nThe minimum requirements for a valid CREATE EVENT statement are as\nfollows:\n\no The keywords CREATE EVENT plus an event name, which uniquely\n  identifies the event in a database schema.\n\no An ON SCHEDULE clause, which determines when and how often the event\n  executes.\n\no A DO clause, which contains the SQL statement to be executed by an\n  event.\n\nThis is an example of a minimal CREATE EVENT statement:\n\nCREATE EVENT myevent\n    ON SCHEDULE AT CURRENT_TIMESTAMP + INTERVAL 1 HOUR\n    DO\n      UPDATE myschema.mytable SET mycol = mycol + 1;\n\nThe previous statement creates an event named myevent. This event\nexecutes once---one hour following its creation---by running an SQL\nstatement that increments the value of the myschema.mytable table\'s\nmycol column by 1.\n\nThe event_name must be a valid MySQL identifier with a maximum length\nof 64 characters. Event names are not case sensitive, so you cannot\nhave two events named myevent and MyEvent in the same schema. In\ngeneral, the rules governing event names are the same as those for\nnames of stored routines. See\nhttp://dev.mysql.com/doc/refman/5.5/en/identifiers.html.\n\nAn event is associated with a schema. If no schema is indicated as part\nof event_name, the default (current) schema is assumed. To create an\nevent in a specific schema, qualify the event name with a schema using\nschema_name.event_name syntax.\n\nURL: http://dev.mysql.com/doc/refman/5.5/en/create-event.html\n\n','','http://dev.mysql.com/doc/refman/5.5/en/create-event.html'),(91,'ABS',3,'Syntax:\nABS(X)\n\nReturns the absolute value of X.\n\nURL: http://dev.mysql.com/doc/refman/5.5/en/mathematical-functions.html\n\n','mysql> SELECT ABS(2);\n        -> 2\nmysql> SELECT ABS(-32);\n        -> 32\n','http://dev.mysql.com/doc/refman/5.5/en/mathematical-functions.html'),(92,'POLYFROMWKB',33,'PolyFromWKB(wkb[,srid]), PolygonFromWKB(wkb[,srid])\n\nConstructs a Polygon value using its WKB representation and SRID.\n\nURL: http://dev.mysql.com/doc/refman/5.5/en/gis-wkb-functions.html\n\n','','http://dev.mysql.com/doc/refman/5.5/en/gis-wkb-functions.html'),(93,'NOT LIKE',38,'Syntax:\nexpr NOT LIKE pat [ESCAPE \'escape_char\']\n\nThis is the same as NOT (expr LIKE pat [ESCAPE \'escape_char\']).\n\nURL: http://dev.mysql.com/doc/refman/5.5/en/string-comparison-functions.html\n\n','','http://dev.mysql.com/doc/refman/5.5/en/string-comparison-functions.html'),(94,'SPACE',38,'Syntax:\nSPACE(N)\n\nReturns a string consisting of N space characters.\n\nURL: http://dev.mysql.com/doc/refman/5.5/en/string-functions.html\n\n','mysql> SELECT SPACE(6);\n        -> \'      \'\n','http://dev.mysql.com/doc/refman/5.5/en/string-functions.html'),(95,'MBR DEFINITION',7,'Its MBR (minimum bounding rectangle), or envelope. This is the bounding\ngeometry, formed by the minimum and maximum (X,Y) coordinates:\n\nURL: http://dev.mysql.com/doc/refman/5.5/en/gis-class-geometry.html\n\n','((MINX MINY, MAXX MINY, MAXX MAXY, MINX MAXY, MINX MINY))\n','http://dev.mysql.com/doc/refman/5.5/en/gis-class-geometry.html'),(96,'MAX',16,'Syntax:\nMAX([DISTINCT] expr)\n\nReturns the maximum value of expr. MAX() may take a string argument; in\nsuch cases, it returns the maximum string value. See\nhttp://dev.mysql.com/doc/refman/5.5/en/mysql-indexes.html. The DISTINCT\nkeyword can be used to find the maximum of the distinct values of expr,\nhowever, this produces the same result as omitting DISTINCT.\n\nMAX() returns NULL if there were no matching rows.\n\nURL: http://dev.mysql.com/doc/refman/5.5/en/group-by-functions.html\n\n','mysql> SELECT student_name, MIN(test_score), MAX(test_score)\n    ->        FROM student\n    ->        GROUP BY student_name;\n','http://dev.mysql.com/doc/refman/5.5/en/group-by-functions.html'),(97,'GEOMETRYCOLLECTION',25,'GeometryCollection(g1,g2,...)\n\nConstructs a GeometryCollection.\n\nIf the argument contains a nonsupported geometry, the return value is\nNULL.\n\nURL: http://dev.mysql.com/doc/refman/5.5/en/gis-mysql-specific-functions.html\n\n','','http://dev.mysql.com/doc/refman/5.5/en/gis-mysql-specific-functions.html'),(98,'CREATE FUNCTION UDF',22,'Syntax:\nCREATE [AGGREGATE] FUNCTION function_name RETURNS {STRING|INTEGER|REAL|DECIMAL}\n    SONAME shared_library_name\n\nA user-defined function (UDF) is a way to extend MySQL with a new\nfunction that works like a native (built-in) MySQL function such as\nABS() or CONCAT().\n\nfunction_name is the name that should be used in SQL statements to\ninvoke the function. The RETURNS clause indicates the type of the\nfunction\'s return value. DECIMAL is a legal value after RETURNS, but\ncurrently DECIMAL functions return string values and should be written\nlike STRING functions.\n\nshared_library_name is the basename of the shared object file that\ncontains the code that implements the function. The file must be\nlocated in the plugin directory. This directory is given by the value\nof the plugin_dir system variable. For more information, see\nhttp://dev.mysql.com/doc/refman/5.5/en/udf-compiling.html.\n\nTo create a function, you must have the INSERT privilege for the mysql\ndatabase. This is necessary because CREATE FUNCTION adds a row to the\nmysql.func system table that records the function\'s name, type, and\nshared library name. If you do not have this table, you should run the\nmysql_upgrade command to create it. See\nhttp://dev.mysql.com/doc/refman/5.5/en/mysql-upgrade.html.\n\nURL: http://dev.mysql.com/doc/refman/5.5/en/create-function-udf.html\n\n','','http://dev.mysql.com/doc/refman/5.5/en/create-function-udf.html'),(99,'*',3,'Syntax:\n*\n\nMultiplication:\n\nURL: http://dev.mysql.com/doc/refman/5.5/en/arithmetic-functions.html\n\n','mysql> SELECT 3*5;\n        -> 15\nmysql> SELECT 18014398509481984*18014398509481984.0;\n        -> 324518553658426726783156020576256.0\nmysql> SELECT 18014398509481984*18014398509481984;\n        -> out-of-range error\n','http://dev.mysql.com/doc/refman/5.5/en/arithmetic-functions.html'),(100,'TIMESTAMP',23,'TIMESTAMP\n\nA timestamp. The range is \'1970-01-01 00:00:01\' UTC to \'2038-01-19\n03:14:07\' UTC. TIMESTAMP values are stored as the number of seconds\nsince the epoch (\'1970-01-01 00:00:00\' UTC). A TIMESTAMP cannot\nrepresent the value \'1970-01-01 00:00:00\' because that is equivalent to\n0 seconds from the epoch and the value 0 is reserved for representing\n\'0000-00-00 00:00:00\', the \"zero\" TIMESTAMP value.\n\nUnless specified otherwise, the first TIMESTAMP column in a table is\ndefined to be automatically set to the date and time of the most recent\nmodification if not explicitly assigned a value. This makes TIMESTAMP\nuseful for recording the timestamp of an INSERT or UPDATE operation.\nYou can also set any TIMESTAMP column to the current date and time by\nassigning it a NULL value, unless it has been defined with the NULL\nattribute to permit NULL values. The automatic initialization and\nupdating to the current date and time can be specified using DEFAULT\nCURRENT_TIMESTAMP and ON UPDATE CURRENT_TIMESTAMP clauses, as described\nin\nhttp://dev.mysql.com/doc/refman/5.5/en/timestamp-initialization.html.\n\n*Note*: The TIMESTAMP format that was used prior to MySQL 4.1 is not\nsupported in MySQL 5.5; see MySQL 3.23, 4.0, 4.1 Reference Manual for\ninformation regarding the old format.\n\nURL: http://dev.mysql.com/doc/refman/5.5/en/date-and-time-type-overview.html\n\n','','http://dev.mysql.com/doc/refman/5.5/en/date-and-time-type-overview.html'),(101,'DES_DECRYPT',12,'Syntax:\nDES_DECRYPT(crypt_str[,key_str])\n\nDecrypts a string encrypted with DES_ENCRYPT(). If an error occurs,\nthis function returns NULL.\n\nThis function works only if MySQL has been configured with SSL support.\nSee http://dev.mysql.com/doc/refman/5.5/en/ssl-connections.html.\n\nIf no key_str argument is given, DES_DECRYPT() examines the first byte\nof the encrypted string to determine the DES key number that was used\nto encrypt the original string, and then reads the key from the DES key\nfile to decrypt the message. For this to work, the user must have the\nSUPER privilege. The key file can be specified with the --des-key-file\nserver option.\n\nIf you pass this function a key_str argument, that string is used as\nthe key for decrypting the message.\n\nIf the crypt_str argument does not appear to be an encrypted string,\nMySQL returns the given crypt_str.\n\nURL: http://dev.mysql.com/doc/refman/5.5/en/encryption-functions.html\n\n','','http://dev.mysql.com/doc/refman/5.5/en/encryption-functions.html'),(102,'CACHE INDEX',27,'Syntax:\nCACHE INDEX\n  tbl_index_list [, tbl_index_list] ...\n  [PARTITION (partition_list | ALL)]\n  IN key_cache_name\n\ntbl_index_list:\n  tbl_name [[INDEX|KEY] (index_name[, index_name] ...)]\n\npartition_list:\n  partition_name[, partition_name][, ...]\n\nThe CACHE INDEX statement assigns table indexes to a specific key\ncache. It is used only for MyISAM tables. After the indexes have been\nassigned, they can be preloaded into the cache if desired with LOAD\nINDEX INTO CACHE.\n\nThe following statement assigns indexes from the tables t1, t2, and t3\nto the key cache named hot_cache:\n\nmysql> CACHE INDEX t1, t2, t3 IN hot_cache;\n+---------+--------------------+----------+----------+\n| Table   | Op                 | Msg_type | Msg_text |\n+---------+--------------------+----------+----------+\n| test.t1 | assign_to_keycache | status   | OK       |\n| test.t2 | assign_to_keycache | status   | OK       |\n| test.t3 | assign_to_keycache | status   | OK       |\n+---------+--------------------+----------+----------+\n\nURL: http://dev.mysql.com/doc/refman/5.5/en/cache-index.html\n\n','','http://dev.mysql.com/doc/refman/5.5/en/cache-index.html'),(103,'ENDPOINT',13,'EndPoint(ls)\n\nReturns the Point that is the endpoint of the LineString value ls.\n\nURL: http://dev.mysql.com/doc/refman/5.5/en/gis-linestring-property-functions.html\n\n','mysql> SET @ls = \'LineString(1 1,2 2,3 3)\';\nmysql> SELECT AsText(EndPoint(GeomFromText(@ls)));\n+-------------------------------------+\n| AsText(EndPoint(GeomFromText(@ls))) |\n+-------------------------------------+\n| POINT(3 3)                          |\n+-------------------------------------+\n','http://dev.mysql.com/doc/refman/5.5/en/gis-linestring-property-functions.html'),(104,'COMPRESS',12,'Syntax:\nCOMPRESS(string_to_compress)\n\nCompresses a string and returns the result as a binary string. This\nfunction requires MySQL to have been compiled with a compression\nlibrary such as zlib. Otherwise, the return value is always NULL. The\ncompressed string can be uncompressed with UNCOMPRESS().\n\nURL: http://dev.mysql.com/doc/refman/5.5/en/encryption-functions.html\n\n','mysql> SELECT LENGTH(COMPRESS(REPEAT(\'a\',1000)));\n        -> 21\nmysql> SELECT LENGTH(COMPRESS(\'\'));\n        -> 0\nmysql> SELECT LENGTH(COMPRESS(\'a\'));\n        -> 13\nmysql> SELECT LENGTH(COMPRESS(REPEAT(\'a\',16)));\n        -> 15\n','http://dev.mysql.com/doc/refman/5.5/en/encryption-functions.html'),(105,'INSERT',28,'Syntax:\nINSERT [LOW_PRIORITY | DELAYED | HIGH_PRIORITY] [IGNORE]\n    [INTO] tbl_name [(col_name,...)]\n    {VALUES | VALUE} ({expr | DEFAULT},...),(...),...\n    [ ON DUPLICATE KEY UPDATE\n      col_name=expr\n        [, col_name=expr] ... ]\n\nOr:\n\nINSERT [LOW_PRIORITY | DELAYED | HIGH_PRIORITY] [IGNORE]\n    [INTO] tbl_name\n    SET col_name={expr | DEFAULT}, ...\n    [ ON DUPLICATE KEY UPDATE\n      col_name=expr\n        [, col_name=expr] ... ]\n\nOr:\n\nINSERT [LOW_PRIORITY | HIGH_PRIORITY] [IGNORE]\n    [INTO] tbl_name [(col_name,...)]\n    SELECT ...\n    [ ON DUPLICATE KEY UPDATE\n      col_name=expr\n        [, col_name=expr] ... ]\n\nINSERT inserts new rows into an existing table. The INSERT ... VALUES\nand INSERT ... SET forms of the statement insert rows based on\nexplicitly specified values. The INSERT ... SELECT form inserts rows\nselected from another table or tables. INSERT ... SELECT is discussed\nfurther in [HELP INSERT SELECT].\n\nURL: http://dev.mysql.com/doc/refman/5.5/en/insert.html\n\n','','http://dev.mysql.com/doc/refman/5.5/en/insert.html'),(106,'COUNT',16,'Syntax:\nCOUNT(expr)\n\nReturns a count of the number of non-NULL values of expr in the rows\nretrieved by a SELECT statement. The result is a BIGINT value.\n\nCOUNT() returns 0 if there were no matching rows.\n\nURL: http://dev.mysql.com/doc/refman/5.5/en/group-by-functions.html\n\n','mysql> SELECT student.student_name,COUNT(*)\n    ->        FROM student,course\n    ->        WHERE student.student_id=course.student_id\n    ->        GROUP BY student_name;\n','http://dev.mysql.com/doc/refman/5.5/en/group-by-functions.html'),(107,'HANDLER',28,'Syntax:\nHANDLER tbl_name OPEN [ [AS] alias]\n\nHANDLER tbl_name READ index_name { = | <= | >= | < | > } (value1,value2,...)\n    [ WHERE where_condition ] [LIMIT ... ]\nHANDLER tbl_name READ index_name { FIRST | NEXT | PREV | LAST }\n    [ WHERE where_condition ] [LIMIT ... ]\nHANDLER tbl_name READ { FIRST | NEXT }\n    [ WHERE where_condition ] [LIMIT ... ]\n\nHANDLER tbl_name CLOSE\n\nThe HANDLER statement provides direct access to table storage engine\ninterfaces. It is available for InnoDB and MyISAM tables.\n\nURL: http://dev.mysql.com/doc/refman/5.5/en/handler.html\n\n','','http://dev.mysql.com/doc/refman/5.5/en/handler.html'),(108,'MLINEFROMTEXT',4,'MLineFromText(wkt[,srid]), MultiLineStringFromText(wkt[,srid])\n\nConstructs a MultiLineString value using its WKT representation and\nSRID.\n\nURL: http://dev.mysql.com/doc/refman/5.5/en/gis-wkt-functions.html\n\n','','http://dev.mysql.com/doc/refman/5.5/en/gis-wkt-functions.html'),(109,'GEOMCOLLFROMWKB',33,'GeomCollFromWKB(wkb[,srid]), GeometryCollectionFromWKB(wkb[,srid])\n\nConstructs a GeometryCollection value using its WKB representation and\nSRID.\n\nURL: http://dev.mysql.com/doc/refman/5.5/en/gis-wkb-functions.html\n\n','','http://dev.mysql.com/doc/refman/5.5/en/gis-wkb-functions.html'),(110,'HELP_DATE',9,'This help information was generated from the MySQL 5.5 Reference Manual\non: 2015-02-26\n','',''),(111,'RENAME TABLE',40,'Syntax:\nRENAME TABLE tbl_name TO new_tbl_name\n    [, tbl_name2 TO new_tbl_name2] ...\n\nThis statement renames one or more tables.\n\nThe rename operation is done atomically, which means that no other\nsession can access any of the tables while the rename is running. For\nexample, if you have an existing table old_table, you can create\nanother table new_table that has the same structure but is empty, and\nthen replace the existing table with the empty one as follows (assuming\nthat backup_table does not already exist):\n\nURL: http://dev.mysql.com/doc/refman/5.5/en/rename-table.html\n\n','CREATE TABLE new_table (...);\nRENAME TABLE old_table TO backup_table, new_table TO old_table;\n','http://dev.mysql.com/doc/refman/5.5/en/rename-table.html'),(112,'BOOLEAN',23,'BOOL, BOOLEAN\n\nThese types are synonyms for TINYINT(1). A value of zero is considered\nfalse. Nonzero values are considered true:\n\nmysql> SELECT IF(0, \'true\', \'false\');\n+------------------------+\n| IF(0, \'true\', \'false\') |\n+------------------------+\n| false                  |\n+------------------------+\n\nmysql> SELECT IF(1, \'true\', \'false\');\n+------------------------+\n| IF(1, \'true\', \'false\') |\n+------------------------+\n| true                   |\n+------------------------+\n\nmysql> SELECT IF(2, \'true\', \'false\');\n+------------------------+\n| IF(2, \'true\', \'false\') |\n+------------------------+\n| true                   |\n+------------------------+\n\nHowever, the values TRUE and FALSE are merely aliases for 1 and 0,\nrespectively, as shown here:\n\nmysql> SELECT IF(0 = FALSE, \'true\', \'false\');\n+--------------------------------+\n| IF(0 = FALSE, \'true\', \'false\') |\n+--------------------------------+\n| true                           |\n+--------------------------------+\n\nmysql> SELECT IF(1 = TRUE, \'true\', \'false\');\n+-------------------------------+\n| IF(1 = TRUE, \'true\', \'false\') |\n+-------------------------------+\n| true                          |\n+-------------------------------+\n\nmysql> SELECT IF(2 = TRUE, \'true\', \'false\');\n+-------------------------------+\n| IF(2 = TRUE, \'true\', \'false\') |\n+-------------------------------+\n| false                         |\n+-------------------------------+\n\nmysql> SELECT IF(2 = FALSE, \'true\', \'false\');\n+--------------------------------+\n| IF(2 = FALSE, \'true\', \'false\') |\n+--------------------------------+\n| false                          |\n+--------------------------------+\n\nThe last two statements display the results shown because 2 is equal to\nneither 1 nor 0.\n\nURL: http://dev.mysql.com/doc/refman/5.5/en/numeric-type-overview.html\n\n','','http://dev.mysql.com/doc/refman/5.5/en/numeric-type-overview.html'),(113,'DEFAULT',14,'Syntax:\nDEFAULT(col_name)\n\nReturns the default value for a table column. An error results if the\ncolumn has no default value.\n\nURL: http://dev.mysql.com/doc/refman/5.5/en/miscellaneous-functions.html\n\n','mysql> UPDATE t SET i = DEFAULT(i)+1 WHERE id < 100;\n','http://dev.mysql.com/doc/refman/5.5/en/miscellaneous-functions.html'),(114,'MOD',3,'Syntax:\nMOD(N,M), N % M, N MOD M\n\nModulo operation. Returns the remainder of N divided by M.\n\nURL: http://dev.mysql.com/doc/refman/5.5/en/mathematical-functions.html\n\n','mysql> SELECT MOD(234, 10);\n        -> 4\nmysql> SELECT 253 % 7;\n        -> 1\nmysql> SELECT MOD(29,9);\n        -> 2\nmysql> SELECT 29 MOD 9;\n        -> 2\n','http://dev.mysql.com/doc/refman/5.5/en/mathematical-functions.html'),(115,'TINYTEXT',23,'TINYTEXT [CHARACTER SET charset_name] [COLLATE collation_name]\n\nA TEXT column with a maximum length of 255 (28 - 1) characters. The\neffective maximum length is less if the value contains multibyte\ncharacters. Each TINYTEXT value is stored using a 1-byte length prefix\nthat indicates the number of bytes in the value.\n\nURL: http://dev.mysql.com/doc/refman/5.5/en/string-type-overview.html\n\n','','http://dev.mysql.com/doc/refman/5.5/en/string-type-overview.html'),(116,'OPTIMIZE TABLE',21,'Syntax:\nOPTIMIZE [NO_WRITE_TO_BINLOG | LOCAL] TABLE\n    tbl_name [, tbl_name] ...\n\nReorganizes the physical storage of table data and associated index\ndata, to reduce storage space and improve I/O efficiency when accessing\nthe table. The exact changes made to each table depend on the storage\nengine used by that table.\n\nUse OPTIMIZE TABLE in these cases, depending on the type of table:\n\no After doing substantial insert, update, or delete operations on an\n  InnoDB table that has its own .ibd file because it was created with\n  the innodb_file_per_table option enabled. The table and indexes are\n  reorganized, and disk space can be reclaimed for use by the operating\n  system.\n\no After deleting a large part of a MyISAM or ARCHIVE table, or making\n  many changes to a MyISAM or ARCHIVE table with variable-length rows\n  (tables that have VARCHAR, VARBINARY, BLOB, or TEXT columns). Deleted\n  rows are maintained in a linked list and subsequent INSERT operations\n  reuse old row positions. You can use OPTIMIZE TABLE to reclaim the\n  unused space and to defragment the data file. After extensive changes\n  to a table, this statement may also improve performance of statements\n  that use the table, sometimes significantly.\n\nThis statement requires SELECT and INSERT privileges for the table.\n\nOPTIMIZE TABLE is also supported for partitioned tables. For\ninformation about using this statement with partitioned tables and\ntable partitions, see\nhttp://dev.mysql.com/doc/refman/5.5/en/partitioning-maintenance.html.\n\nURL: http://dev.mysql.com/doc/refman/5.5/en/optimize-table.html\n\n','','http://dev.mysql.com/doc/refman/5.5/en/optimize-table.html'),(117,'DECODE',12,'Syntax:\nDECODE(crypt_str,pass_str)\n\nDecrypts the encrypted string crypt_str using pass_str as the password.\ncrypt_str should be a string returned from ENCODE().\n\nURL: http://dev.mysql.com/doc/refman/5.5/en/encryption-functions.html\n\n','','http://dev.mysql.com/doc/refman/5.5/en/encryption-functions.html'),(118,'<=>',20,'Syntax:\n<=>\n\nNULL-safe equal. This operator performs an equality comparison like the\n= operator, but returns 1 rather than NULL if both operands are NULL,\nand 0 rather than NULL if one operand is NULL.\n\nURL: http://dev.mysql.com/doc/refman/5.5/en/comparison-operators.html\n\n','mysql> SELECT 1 <=> 1, NULL <=> NULL, 1 <=> NULL;\n        -> 1, 1, 0\nmysql> SELECT 1 = 1, NULL = NULL, 1 = NULL;\n        -> 1, NULL, NULL\n','http://dev.mysql.com/doc/refman/5.5/en/comparison-operators.html'),(119,'HELP STATEMENT',29,'Syntax:\nHELP \'search_string\'\n\nThe HELP statement returns online information from the MySQL Reference\nmanual. Its proper operation requires that the help tables in the mysql\ndatabase be initialized with help topic information (see\nhttp://dev.mysql.com/doc/refman/5.5/en/server-side-help-support.html).\n\nThe HELP statement searches the help tables for the given search string\nand displays the result of the search. The search string is not case\nsensitive.\n\nThe search string can contain the wildcard characters \"%\" and \"_\".\nThese have the same meaning as for pattern-matching operations\nperformed with the LIKE operator. For example, HELP \'rep%\' returns a\nlist of topics that begin with rep.\n\nURL: http://dev.mysql.com/doc/refman/5.5/en/help.html\n\n','','http://dev.mysql.com/doc/refman/5.5/en/help.html'),(120,'RESET',27,'Syntax:\nRESET reset_option [, reset_option] ...\n\nThe RESET statement is used to clear the state of various server\noperations. You must have the RELOAD privilege to execute RESET.\n\nRESET acts as a stronger version of the FLUSH statement. See [HELP\nFLUSH].\n\nThe RESET statement causes an implicit commit. See\nhttp://dev.mysql.com/doc/refman/5.5/en/implicit-commit.html.\n\nURL: http://dev.mysql.com/doc/refman/5.5/en/reset.html\n\n','','http://dev.mysql.com/doc/refman/5.5/en/reset.html'),(121,'GET_LOCK',14,'Syntax:\nGET_LOCK(str,timeout)\n\nTries to obtain a lock with a name given by the string str, using a\ntimeout of timeout seconds. Before MySQL 5.5.8, a negative timeout\nvalue means infinite timeout on Windows. As of 5.5.8, this behavior\napplies on all platforms.\n\nReturns 1 if the lock was obtained successfully, 0 if the attempt timed\nout (for example, because another client has previously locked the\nname), or NULL if an error occurred (such as running out of memory or\nthe thread was killed with mysqladmin kill). If you have a lock\nobtained with GET_LOCK(), it is released when you execute\nRELEASE_LOCK(), execute a new GET_LOCK(), or your connection terminates\n(either normally or abnormally). Locks obtained with GET_LOCK() do not\ninteract with transactions. That is, committing a transaction does not\nrelease any such locks obtained during the transaction.\n\nGET_LOCK() can be used to implement application locks or to simulate\nrecord locks. Names are locked on a server-wide basis. If a name has\nbeen locked within one session, GET_LOCK() blocks any request by\nanother session for a lock with the same name. This enables clients\nthat agree on a given lock name to use the name to perform cooperative\nadvisory locking. But be aware that it also enables a client that is\nnot among the set of cooperating clients to lock a name, either\ninadvertently or deliberately, and thus prevent any of the cooperating\nclients from locking that name. One way to reduce the likelihood of\nthis is to use lock names that are database-specific or\napplication-specific. For example, use lock names of the form\ndb_name.str or app_name.str.\n\nURL: http://dev.mysql.com/doc/refman/5.5/en/miscellaneous-functions.html\n\n','mysql> SELECT GET_LOCK(\'lock1\',10);\n        -> 1\nmysql> SELECT IS_FREE_LOCK(\'lock2\');\n        -> 1\nmysql> SELECT GET_LOCK(\'lock2\',10);\n        -> 1\nmysql> SELECT RELEASE_LOCK(\'lock2\');\n        -> 1\nmysql> SELECT RELEASE_LOCK(\'lock1\');\n        -> NULL\n','http://dev.mysql.com/doc/refman/5.5/en/miscellaneous-functions.html'),(122,'UCASE',38,'Syntax:\nUCASE(str)\n\nUCASE() is a synonym for UPPER().\n\nURL: http://dev.mysql.com/doc/refman/5.5/en/string-functions.html\n\n','','http://dev.mysql.com/doc/refman/5.5/en/string-functions.html'),(123,'SHOW BINLOG EVENTS',27,'Syntax:\nSHOW BINLOG EVENTS\n   [IN \'log_name\'] [FROM pos] [LIMIT [offset,] row_count]\n\nShows the events in the binary log. If you do not specify \'log_name\',\nthe first binary log is displayed.\n\nURL: http://dev.mysql.com/doc/refman/5.5/en/show-binlog-events.html\n\n','','http://dev.mysql.com/doc/refman/5.5/en/show-binlog-events.html'),(124,'MPOLYFROMWKB',33,'MPolyFromWKB(wkb[,srid]), MultiPolygonFromWKB(wkb[,srid])\n\nConstructs a MultiPolygon value using its WKB representation and SRID.\n\nURL: http://dev.mysql.com/doc/refman/5.5/en/gis-wkb-functions.html\n\n','','http://dev.mysql.com/doc/refman/5.5/en/gis-wkb-functions.html'),(125,'ITERATE',24,'Syntax:\nITERATE label\n\nITERATE can appear only within LOOP, REPEAT, and WHILE statements.\nITERATE means \"start the loop again.\"\n\nURL: http://dev.mysql.com/doc/refman/5.5/en/iterate.html\n\n','','http://dev.mysql.com/doc/refman/5.5/en/iterate.html'),(126,'DO',28,'Syntax:\nDO expr [, expr] ...\n\nDO executes the expressions but does not return any results. In most\nrespects, DO is shorthand for SELECT expr, ..., but has the advantage\nthat it is slightly faster when you do not care about the result.\n\nDO is useful primarily with functions that have side effects, such as\nRELEASE_LOCK().\n\nExample: This SELECT statement pauses, but also produces a result set:\n\nmysql> SELECT SLEEP(5);\n+----------+\n| SLEEP(5) |\n+----------+\n|        0 |\n+----------+\n1 row in set (5.02 sec)\n\nDO, on the other hand, pauses without producing a result set.:\n\nmysql> DO SLEEP(5);\nQuery OK, 0 rows affected (4.99 sec)\n\nThis could be useful, for example in a stored function or trigger,\nwhich prohibit statements that produce result sets.\n\nDO only executes expressions. It cannot be used in all cases where\nSELECT can be used. For example, DO id FROM t1 is invalid because it\nreferences a table.\n\nURL: http://dev.mysql.com/doc/refman/5.5/en/do.html\n\n','','http://dev.mysql.com/doc/refman/5.5/en/do.html'),(127,'CURTIME',32,'Syntax:\nCURTIME()\n\nReturns the current time as a value in \'HH:MM:SS\' or HHMMSS.uuuuuu\nformat, depending on whether the function is used in a string or\nnumeric context. The value is expressed in the current time zone.\n\nURL: http://dev.mysql.com/doc/refman/5.5/en/date-and-time-functions.html\n\n','mysql> SELECT CURTIME();\n        -> \'23:50:26\'\nmysql> SELECT CURTIME() + 0;\n        -> 235026.000000\n','http://dev.mysql.com/doc/refman/5.5/en/date-and-time-functions.html'),(128,'CHAR_LENGTH',38,'Syntax:\nCHAR_LENGTH(str)\n\nReturns the length of the string str, measured in characters. A\nmultibyte character counts as a single character. This means that for a\nstring containing five 2-byte characters, LENGTH() returns 10, whereas\nCHAR_LENGTH() returns 5.\n\nURL: http://dev.mysql.com/doc/refman/5.5/en/string-functions.html\n\n','','http://dev.mysql.com/doc/refman/5.5/en/string-functions.html'),(129,'BIGINT',23,'BIGINT[(M)] [UNSIGNED] [ZEROFILL]\n\nA large integer. The signed range is -9223372036854775808 to\n9223372036854775807. The unsigned range is 0 to 18446744073709551615.\n\nSERIAL is an alias for BIGINT UNSIGNED NOT NULL AUTO_INCREMENT UNIQUE.\n\nURL: http://dev.mysql.com/doc/refman/5.5/en/numeric-type-overview.html\n\n','','http://dev.mysql.com/doc/refman/5.5/en/numeric-type-overview.html'),(130,'SET',27,'Syntax:\nSET variable_assignment [, variable_assignment] ...\n\nvariable_assignment:\n      user_var_name = expr\n    | [GLOBAL | SESSION] system_var_name = expr\n    | [@@global. | @@session. | @@]system_var_name = expr\n\nThe SET statement assigns values to different types of variables that\naffect the operation of the server or your client. Older versions of\nMySQL employed SET OPTION, but this syntax is deprecated in favor of\nSET without OPTION.\n\nURL: http://dev.mysql.com/doc/refman/5.5/en/set-statement.html\n\n','','http://dev.mysql.com/doc/refman/5.5/en/set-statement.html'),(131,'LOAD XML',28,'Syntax:\nLOAD XML [LOW_PRIORITY | CONCURRENT] [LOCAL] INFILE \'file_name\'\n    [REPLACE | IGNORE]\n    INTO TABLE [db_name.]tbl_name\n    [CHARACTER SET charset_name]\n    [ROWS IDENTIFIED BY \'<tagname>\']\n    [IGNORE number {LINES | ROWS}]\n    [(column_or_user_var,...)]\n    [SET col_name = expr,...]\n\nThe LOAD XML statement reads data from an XML file into a table. The\nfile_name must be given as a literal string. The tagname in the\noptional ROWS IDENTIFIED BY clause must also be given as a literal\nstring, and must be surrounded by angle brackets (< and >).\n\nLOAD XML acts as the complement of running the mysql client in XML\noutput mode (that is, starting the client with the --xml option). To\nwrite data from a table to an XML file, use a command such as the\nfollowing one from the system shell:\n\nshell> mysql --xml -e \'SELECT * FROM mytable\' > file.xml\n\nTo read the file back into a table, use LOAD XML INFILE. By default,\nthe <row> element is considered to be the equivalent of a database\ntable row; this can be changed using the ROWS IDENTIFIED BY clause.\n\nThis statement supports three different XML formats:\n\no Column names as attributes and column values as attribute values:\n\n<row column1=\"value1\" column2=\"value2\" .../>\n\no Column names as tags and column values as the content of these tags:\n\n<row>\n  <column1>value1</column1>\n  <column2>value2</column2>\n</row>\n\no Column names are the name attributes of <field> tags, and values are\n  the contents of these tags:\n\n<row>\n  <field name=\'column1\'>value1</field>\n  <field name=\'column2\'>value2</field>\n</row>\n\n  This is the format used by other MySQL tools, such as mysqldump.\n\nAll three formats can be used in the same XML file; the import routine\nautomatically detects the format for each row and interprets it\ncorrectly. Tags are matched based on the tag or attribute name and the\ncolumn name.\n\nThe following clauses work essentially the same way for LOAD XML as\nthey do for LOAD DATA:\n\no LOW_PRIORITY or CONCURRENT\n\no LOCAL\n\no REPLACE or IGNORE\n\no CHARACTER SET\n\no (column_or_user_var,...)\n\no SET\n\nSee [HELP LOAD DATA], for more information about these clauses.\n\nThe IGNORE number LINES or IGNORE number ROWS clause causes the first\nnumber rows in the XML file to be skipped. It is analogous to the LOAD\nDATA statement\'s IGNORE ... LINES clause.\n\nURL: http://dev.mysql.com/doc/refman/5.5/en/load-xml.html\n\n','','http://dev.mysql.com/doc/refman/5.5/en/load-xml.html'),(132,'CONV',3,'Syntax:\nCONV(N,from_base,to_base)\n\nConverts numbers between different number bases. Returns a string\nrepresentation of the number N, converted from base from_base to base\nto_base. Returns NULL if any argument is NULL. The argument N is\ninterpreted as an integer, but may be specified as an integer or a\nstring. The minimum base is 2 and the maximum base is 36. If to_base is\na negative number, N is regarded as a signed number. Otherwise, N is\ntreated as unsigned. CONV() works with 64-bit precision.\n\nURL: http://dev.mysql.com/doc/refman/5.5/en/mathematical-functions.html\n\n','mysql> SELECT CONV(\'a\',16,2);\n        -> \'1010\'\nmysql> SELECT CONV(\'6E\',18,8);\n        -> \'172\'\nmysql> SELECT CONV(-17,10,-18);\n        -> \'-H\'\nmysql> SELECT CONV(10+\'10\'+\'10\'+0xa,10,10);\n        -> \'40\'\n','http://dev.mysql.com/doc/refman/5.5/en/mathematical-functions.html'),(133,'DATE',23,'DATE\n\nA date. The supported range is \'1000-01-01\' to \'9999-12-31\'. MySQL\ndisplays DATE values in \'YYYY-MM-DD\' format, but permits assignment of\nvalues to DATE columns using either strings or numbers.\n\nURL: http://dev.mysql.com/doc/refman/5.5/en/date-and-time-type-overview.html\n\n','','http://dev.mysql.com/doc/refman/5.5/en/date-and-time-type-overview.html'),(134,'ASSIGN-VALUE',15,'Syntax:\n:=\n\nAssignment operator. Causes the user variable on the left hand side of\nthe operator to take on the value to its right. The value on the right\nhand side may be a literal value, another variable storing a value, or\nany legal expression that yields a scalar value, including the result\nof a query (provided that this value is a scalar value). You can\nperform multiple assignments in the same SET statement. You can perform\nmultiple assignments in the same statement-\n\nUnlike =, the := operator is never interpreted as a comparison\noperator. This means you can use := in any valid SQL statement (not\njust in SET statements) to assign a value to a variable.\n\nURL: http://dev.mysql.com/doc/refman/5.5/en/assignment-operators.html\n\n','mysql> SELECT @var1, @var2;\n        -> NULL, NULL\nmysql> SELECT @var1 := 1, @var2;\n        -> 1, NULL\nmysql> SELECT @var1, @var2;\n        -> 1, NULL\nmysql> SELECT @var1, @var2 := @var1;\n        -> 1, 1\nmysql> SELECT @var1, @var2;\n        -> 1, 1\n\nmysql> SELECT @var1:=COUNT(*) FROM t1;\n        -> 4\nmysql> SELECT @var1;\n        -> 4\n','http://dev.mysql.com/doc/refman/5.5/en/assignment-operators.html'),(135,'SHOW OPEN TABLES',27,'Syntax:\nSHOW OPEN TABLES [{FROM | IN} db_name]\n    [LIKE \'pattern\' | WHERE expr]\n\nSHOW OPEN TABLES lists the non-TEMPORARY tables that are currently open\nin the table cache. See\nhttp://dev.mysql.com/doc/refman/5.5/en/table-cache.html. The FROM\nclause, if present, restricts the tables shown to those present in the\ndb_name database. The LIKE clause, if present, indicates which table\nnames to match. The WHERE clause can be given to select rows using more\ngeneral conditions, as discussed in\nhttp://dev.mysql.com/doc/refman/5.5/en/extended-show.html.\n\nURL: http://dev.mysql.com/doc/refman/5.5/en/show-open-tables.html\n\n','','http://dev.mysql.com/doc/refman/5.5/en/show-open-tables.html'),(136,'EXTRACT',32,'Syntax:\nEXTRACT(unit FROM date)\n\nThe EXTRACT() function uses the same kinds of unit specifiers as\nDATE_ADD() or DATE_SUB(), but extracts parts from the date rather than\nperforming date arithmetic.\n\nURL: http://dev.mysql.com/doc/refman/5.5/en/date-and-time-functions.html\n\n','mysql> SELECT EXTRACT(YEAR FROM \'2009-07-02\');\n       -> 2009\nmysql> SELECT EXTRACT(YEAR_MONTH FROM \'2009-07-02 01:02:03\');\n       -> 200907\nmysql> SELECT EXTRACT(DAY_MINUTE FROM \'2009-07-02 01:02:03\');\n       -> 20102\nmysql> SELECT EXTRACT(MICROSECOND\n    ->                FROM \'2003-01-02 10:30:00.000123\');\n        -> 123\n','http://dev.mysql.com/doc/refman/5.5/en/date-and-time-functions.html'),(137,'ENCRYPT',12,'Syntax:\nENCRYPT(str[,salt])\n\nEncrypts str using the Unix crypt() system call and returns a binary\nstring. The salt argument must be a string with at least two characters\nor the result will be NULL. If no salt argument is given, a random\nvalue is used.\n\nURL: http://dev.mysql.com/doc/refman/5.5/en/encryption-functions.html\n\n','mysql> SELECT ENCRYPT(\'hello\');\n        -> \'VxuFAJXVARROc\'\n','http://dev.mysql.com/doc/refman/5.5/en/encryption-functions.html'),(138,'SHOW STATUS',27,'Syntax:\nSHOW [GLOBAL | SESSION] STATUS\n    [LIKE \'pattern\' | WHERE expr]\n\nSHOW STATUS provides server status information. This information also\ncan be obtained using the mysqladmin extended-status command. The LIKE\nclause, if present, indicates which variable names to match. The WHERE\nclause can be given to select rows using more general conditions, as\ndiscussed in http://dev.mysql.com/doc/refman/5.5/en/extended-show.html.\nThis statement does not require any privilege. It requires only the\nability to connect to the server.\nWith a LIKE clause, the statement displays only rows for those\nvariables with names that match the pattern:\n\nmysql> SHOW STATUS LIKE \'Key%\';\n+--------------------+----------+\n| Variable_name      | Value    |\n+--------------------+----------+\n| Key_blocks_used    | 14955    |\n| Key_read_requests  | 96854827 |\n| Key_reads          | 162040   |\n| Key_write_requests | 7589728  |\n| Key_writes         | 3813196  |\n+--------------------+----------+\n\nWith the GLOBAL modifier, SHOW STATUS displays the status values for\nall connections to MySQL. With SESSION, it displays the status values\nfor the current connection. If no modifier is present, the default is\nSESSION. LOCAL is a synonym for SESSION.\n\nSome status variables have only a global value. For these, you get the\nsame value for both GLOBAL and SESSION. The scope for each status\nvariable is listed at\nhttp://dev.mysql.com/doc/refman/5.5/en/server-status-variables.html.\n\nEach invocation of the SHOW STATUS statement uses an internal temporary\ntable and increments the global Created_tmp_tables value.\n\nURL: http://dev.mysql.com/doc/refman/5.5/en/show-status.html\n\n','','http://dev.mysql.com/doc/refman/5.5/en/show-status.html'),(139,'EXTRACTVALUE',38,'Syntax:\nExtractValue(xml_frag, xpath_expr)\n\nExtractValue() takes two string arguments, a fragment of XML markup\nxml_frag and an XPath expression xpath_expr (also known as a locator);\nit returns the text (CDATA) of the first text node which is a child of\nthe elements or elements matched by the XPath expression. In MySQL 5.5,\nthe XPath expression can contain at most 127 characters. (This\nlimitation is lifted in MySQL 5.6.)\n\nUsing this function is the equivalent of performing a match using the\nxpath_expr after appending /text(). In other words,\nExtractValue(\'<a><b>Sakila</b></a>\', \'/a/b\') and\nExtractValue(\'<a><b>Sakila</b></a>\', \'/a/b/text()\') produce the same\nresult.\n\nIf multiple matches are found, the content of the first child text node\nof each matching element is returned (in the order matched) as a\nsingle, space-delimited string.\n\nIf no matching text node is found for the expression (including the\nimplicit /text())---for whatever reason, as long as xpath_expr is\nvalid, and xml_frag consists of elements which are properly nested and\nclosed---an empty string is returned. No distinction is made between a\nmatch on an empty element and no match at all. This is by design.\n\nIf you need to determine whether no matching element was found in\nxml_frag or such an element was found but contained no child text\nnodes, you should test the result of an expression that uses the XPath\ncount() function. For example, both of these statements return an empty\nstring, as shown here:\n\nmysql> SELECT ExtractValue(\'<a><b/></a>\', \'/a/b\');\n+-------------------------------------+\n| ExtractValue(\'<a><b/></a>\', \'/a/b\') |\n+-------------------------------------+\n|                                     |\n+-------------------------------------+\n1 row in set (0.00 sec)\n\nmysql> SELECT ExtractValue(\'<a><c/></a>\', \'/a/b\');\n+-------------------------------------+\n| ExtractValue(\'<a><c/></a>\', \'/a/b\') |\n+-------------------------------------+\n|                                     |\n+-------------------------------------+\n1 row in set (0.00 sec)\n\nHowever, you can determine whether there was actually a matching\nelement using the following:\n\nmysql> SELECT ExtractValue(\'<a><b/></a>\', \'count(/a/b)\');\n+-------------------------------------+\n| ExtractValue(\'<a><b/></a>\', \'count(/a/b)\') |\n+-------------------------------------+\n| 1                                   |\n+-------------------------------------+\n1 row in set (0.00 sec)\n\nmysql> SELECT ExtractValue(\'<a><c/></a>\', \'count(/a/b)\');\n+-------------------------------------+\n| ExtractValue(\'<a><c/></a>\', \'count(/a/b)\') |\n+-------------------------------------+\n| 0                                   |\n+-------------------------------------+\n1 row in set (0.01 sec)\n\n*Important*: ExtractValue() returns only CDATA, and does not return any\ntags that might be contained within a matching tag, nor any of their\ncontent (see the result returned as val1 in the following example).\n\nURL: http://dev.mysql.com/doc/refman/5.5/en/xml-functions.html\n\n','mysql> SELECT\n    ->   ExtractValue(\'<a>ccc<b>ddd</b></a>\', \'/a\') AS val1,\n    ->   ExtractValue(\'<a>ccc<b>ddd</b></a>\', \'/a/b\') AS val2,\n    ->   ExtractValue(\'<a>ccc<b>ddd</b></a>\', \'//b\') AS val3,\n    ->   ExtractValue(\'<a>ccc<b>ddd</b></a>\', \'/b\') AS val4,\n    ->   ExtractValue(\'<a>ccc<b>ddd</b><b>eee</b></a>\', \'//b\') AS val5;\n\n+------+------+------+------+---------+\n| val1 | val2 | val3 | val4 | val5    |\n+------+------+------+------+---------+\n| ccc  | ddd  | ddd  |      | ddd eee |\n+------+------+------+------+---------+\n','http://dev.mysql.com/doc/refman/5.5/en/xml-functions.html'),(140,'OLD_PASSWORD',12,'Syntax:\nOLD_PASSWORD(str)\n\nOLD_PASSWORD() was added when the implementation of PASSWORD() was\nchanged in MySQL 4.1 to improve security. OLD_PASSWORD() returns the\nvalue of the pre-4.1 implementation of PASSWORD() as a string, and is\nintended to permit you to reset passwords for any pre-4.1 clients that\nneed to connect to your version 5.5 MySQL server without locking them\nout. See http://dev.mysql.com/doc/refman/5.5/en/password-hashing.html.\n\nAs of MySQL 5.5.3, the return value is a nonbinary string in the\nconnection character set. Before 5.5.3, the return value is a binary\nstring.\n\n*Note*: Passwords that use the pre-4.1 hashing method are less secure\nthan passwords that use the native password hashing method and should\nbe avoided.\n\nURL: http://dev.mysql.com/doc/refman/5.5/en/encryption-functions.html\n\n','','http://dev.mysql.com/doc/refman/5.5/en/encryption-functions.html'),(141,'FORMAT',38,'Syntax:\nFORMAT(X,D[,locale])\n\nFormats the number X to a format like \'#,###,###.##\', rounded to D\ndecimal places, and returns the result as a string. If D is 0, the\nresult has no decimal point or fractional part.\n\nThe optional third parameter enables a locale to be specified to be\nused for the result number\'s decimal point, thousands separator, and\ngrouping between separators. Permissible locale values are the same as\nthe legal values for the lc_time_names system variable (see\nhttp://dev.mysql.com/doc/refman/5.5/en/locale-support.html). If no\nlocale is specified, the default is \'en_US\'.\n\nURL: http://dev.mysql.com/doc/refman/5.5/en/string-functions.html\n\n','mysql> SELECT FORMAT(12332.123456, 4);\n        -> \'12,332.1235\'\nmysql> SELECT FORMAT(12332.1,4);\n        -> \'12,332.1000\'\nmysql> SELECT FORMAT(12332.2,0);\n        -> \'12,332\'\nmysql> SELECT FORMAT(12332.2,2,\'de_DE\');\n        -> \'12.332,20\'\n','http://dev.mysql.com/doc/refman/5.5/en/string-functions.html'),(142,'||',15,'Syntax:\nOR, ||\n\nLogical OR. When both operands are non-NULL, the result is 1 if any\noperand is nonzero, and 0 otherwise. With a NULL operand, the result is\n1 if the other operand is nonzero, and NULL otherwise. If both operands\nare NULL, the result is NULL.\n\nURL: http://dev.mysql.com/doc/refman/5.5/en/logical-operators.html\n\n','mysql> SELECT 1 || 1;\n        -> 1\nmysql> SELECT 1 || 0;\n        -> 1\nmysql> SELECT 0 || 0;\n        -> 0\nmysql> SELECT 0 || NULL;\n        -> NULL\nmysql> SELECT 1 || NULL;\n        -> 1\n','http://dev.mysql.com/doc/refman/5.5/en/logical-operators.html'),(143,'BIT_LENGTH',38,'Syntax:\nBIT_LENGTH(str)\n\nReturns the length of the string str in bits.\n\nURL: http://dev.mysql.com/doc/refman/5.5/en/string-functions.html\n\n','mysql> SELECT BIT_LENGTH(\'text\');\n        -> 32\n','http://dev.mysql.com/doc/refman/5.5/en/string-functions.html'),(144,'EXTERIORRING',2,'ExteriorRing(poly)\n\nReturns the exterior ring of the Polygon value poly as a LineString.\n\nURL: http://dev.mysql.com/doc/refman/5.5/en/gis-polygon-property-functions.html\n\n','mysql> SET @poly =\n    -> \'Polygon((0 0,0 3,3 3,3 0,0 0),(1 1,1 2,2 2,2 1,1 1))\';\nmysql> SELECT AsText(ExteriorRing(GeomFromText(@poly)));\n+-------------------------------------------+\n| AsText(ExteriorRing(GeomFromText(@poly))) |\n+-------------------------------------------+\n| LINESTRING(0 0,0 3,3 3,3 0,0 0)           |\n+-------------------------------------------+\n','http://dev.mysql.com/doc/refman/5.5/en/gis-polygon-property-functions.html'),(145,'GEOMFROMWKB',33,'GeomFromWKB(wkb[,srid]), GeometryFromWKB(wkb[,srid])\n\nConstructs a geometry value of any type using its WKB representation\nand SRID.\n\nURL: http://dev.mysql.com/doc/refman/5.5/en/gis-wkb-functions.html\n\n','','http://dev.mysql.com/doc/refman/5.5/en/gis-wkb-functions.html'),(146,'SHOW SLAVE HOSTS',27,'Syntax:\nSHOW SLAVE HOSTS\n\nDisplays a list of replication slaves currently registered with the\nmaster. (Before MySQL 5.5.3, only slaves started with the\n--report-host=host_name option are visible in this list.)\n\nSHOW SLAVE HOSTS should be executed on a server that acts as a\nreplication master. The statement displays information about servers\nthat are or have been connected as replication slaves, with each row of\nthe result corresponding to one slave server, as shown here:\n\nmysql> SHOW SLAVE HOSTS;\n+------------+-----------+------+-----------+\n| Server_id  | Host      | Port | Master_id |\n+------------+-----------+------+-----------+\n|  192168010 | iconnect2 | 3306 | 192168011 |\n| 1921680101 | athena    | 3306 | 192168011 |\n+------------+-----------+------+-----------+\n\no Server_id: The unique server ID of the slave server, as configured in\n  the slave server\'s option file, or on the command line with\n  --server-id=value.\n\no Host: The host name of the slave server as specified on the slave\n  with the --report-host option. This can differ from the machine name\n  as configured in the operating system.\n\no User: The slave server user name as, specified on the slave with the\n  --report-user option. Statement output includes this column only if\n  the master server is started with the --show-slave-auth-info option.\n\no Password: The slave server password as, specified on the slave with\n  the --report-password option. Statement output includes this column\n  only if the master server is started with the --show-slave-auth-info\n  option.\n\no Port: The port on the master to which the slave server is listening,\n  as specified on the slave with the --report-port option.\n\n  In MySQL 5.5.23 and later, a zero in this column means that the slave\n  port (--report-port) was not set. Prior to MySQL 5.5.23, 3306 was\n  used as the default in such cases (Bug #13333431).\n\no Master_id: The unique server ID of the master server that the slave\n  server is replicating from. This is the server ID of the server on\n  which SHOW SLAVE HOSTS is executed, so this same value is listed for\n  each row in the result.\n\nSome MySQL versions report another variable, Rpl_recovery_rank. This\nvariable was never used, and was removed in MySQL 5.5.3. (Bug #13963)\n\nURL: http://dev.mysql.com/doc/refman/5.5/en/show-slave-hosts.html\n\n','','http://dev.mysql.com/doc/refman/5.5/en/show-slave-hosts.html'),(147,'START TRANSACTION',8,'Syntax:\nSTART TRANSACTION [WITH CONSISTENT SNAPSHOT]\nBEGIN [WORK]\nCOMMIT [WORK] [AND [NO] CHAIN] [[NO] RELEASE]\nROLLBACK [WORK] [AND [NO] CHAIN] [[NO] RELEASE]\nSET autocommit = {0 | 1}\n\nThese statements provide control over use of transactions:\n\no START TRANSACTION or BEGIN start a new transaction.\n\no COMMIT commits the current transaction, making its changes permanent.\n\no ROLLBACK rolls back the current transaction, canceling its changes.\n\no SET autocommit disables or enables the default autocommit mode for\n  the current session.\n\nBy default, MySQL runs with autocommit mode enabled. This means that as\nsoon as you execute a statement that updates (modifies) a table, MySQL\nstores the update on disk to make it permanent. The change cannot be\nrolled back.\n\nTo disable autocommit mode implicitly for a single series of\nstatements, use the START TRANSACTION statement:\n\nSTART TRANSACTION;\nSELECT @A:=SUM(salary) FROM table1 WHERE type=1;\nUPDATE table2 SET summary=@A WHERE type=1;\nCOMMIT;\n\nWith START TRANSACTION, autocommit remains disabled until you end the\ntransaction with COMMIT or ROLLBACK. The autocommit mode then reverts\nto its previous state.\n\nYou can also begin a transaction like this:\n\nSTART TRANSACTION WITH CONSISTENT SNAPSHOT;\n\nThe WITH CONSISTENT SNAPSHOT option starts a consistent read for\nstorage engines that are capable of it. This applies only to InnoDB.\nThe effect is the same as issuing a START TRANSACTION followed by a\nSELECT from any InnoDB table. See\nhttp://dev.mysql.com/doc/refman/5.5/en/innodb-consistent-read.html. The\nWITH CONSISTENT SNAPSHOT option does not change the current transaction\nisolation level, so it provides a consistent snapshot only if the\ncurrent isolation level is one that permits a consistent read. The only\nisolation level that permits a consistent read is REPEATABLE READ. For\nall other isolation levels, the WITH CONSISTENT SNAPSHOT clause is\nignored. As of MySQL 5.5.34, a warning is generated when the WITH\nCONSISTENT SNAPSHOT is ignored.\n\n*Important*: Many APIs used for writing MySQL client applications (such\nas JDBC) provide their own methods for starting transactions that can\n(and sometimes should) be used instead of sending a START TRANSACTION\nstatement from the client. See\nhttp://dev.mysql.com/doc/refman/5.5/en/connectors-apis.html, or the\ndocumentation for your API, for more information.\n\nTo disable autocommit mode explicitly, use the following statement:\n\nSET autocommit=0;\n\nAfter disabling autocommit mode by setting the autocommit variable to\nzero, changes to transaction-safe tables (such as those for InnoDB or\nNDBCLUSTER) are not made permanent immediately. You must use COMMIT to\nstore your changes to disk or ROLLBACK to ignore the changes.\n\nautocommit is a session variable and must be set for each session. To\ndisable autocommit mode for each new connection, see the description of\nthe autocommit system variable at\nhttp://dev.mysql.com/doc/refman/5.5/en/server-system-variables.html.\n\nBEGIN and BEGIN WORK are supported as aliases of START TRANSACTION for\ninitiating a transaction. START TRANSACTION is standard SQL syntax and\nis the recommended way to start an ad-hoc transaction.\n\nThe BEGIN statement differs from the use of the BEGIN keyword that\nstarts a BEGIN ... END compound statement. The latter does not begin a\ntransaction. See [HELP BEGIN END].\n\n*Note*: Within all stored programs (stored procedures and functions,\ntriggers, and events), the parser treats BEGIN [WORK] as the beginning\nof a BEGIN ... END block. Begin a transaction in this context with\nSTART TRANSACTION instead.\n\nThe optional WORK keyword is supported for COMMIT and ROLLBACK, as are\nthe CHAIN and RELEASE clauses. CHAIN and RELEASE can be used for\nadditional control over transaction completion. The value of the\ncompletion_type system variable determines the default completion\nbehavior. See\nhttp://dev.mysql.com/doc/refman/5.5/en/server-system-variables.html.\n\nThe AND CHAIN clause causes a new transaction to begin as soon as the\ncurrent one ends, and the new transaction has the same isolation level\nas the just-terminated transaction. The RELEASE clause causes the\nserver to disconnect the current client session after terminating the\ncurrent transaction. Including the NO keyword suppresses CHAIN or\nRELEASE completion, which can be useful if the completion_type system\nvariable is set to cause chaining or release completion by default.\n\nURL: http://dev.mysql.com/doc/refman/5.5/en/commit.html\n\n','','http://dev.mysql.com/doc/refman/5.5/en/commit.html'),(148,'BETWEEN AND',20,'Syntax:\nexpr BETWEEN min AND max\n\nIf expr is greater than or equal to min and expr is less than or equal\nto max, BETWEEN returns 1, otherwise it returns 0. This is equivalent\nto the expression (min <= expr AND expr <= max) if all the arguments\nare of the same type. Otherwise type conversion takes place according\nto the rules described in\nhttp://dev.mysql.com/doc/refman/5.5/en/type-conversion.html, but\napplied to all the three arguments.\n\nURL: http://dev.mysql.com/doc/refman/5.5/en/comparison-operators.html\n\n','mysql> SELECT 2 BETWEEN 1 AND 3, 2 BETWEEN 3 and 1;\n        -> 1, 0\nmysql> SELECT 1 BETWEEN 2 AND 3;\n        -> 0\nmysql> SELECT \'b\' BETWEEN \'a\' AND \'c\';\n        -> 1\nmysql> SELECT 2 BETWEEN 2 AND \'3\';\n        -> 1\nmysql> SELECT 2 BETWEEN 2 AND \'x-3\';\n        -> 0\n','http://dev.mysql.com/doc/refman/5.5/en/comparison-operators.html'),(149,'MULTIPOLYGON',25,'MultiPolygon(poly1,poly2,...)\n\nConstructs a MultiPolygon value from a set of Polygon or WKB Polygon\narguments.\n\nURL: http://dev.mysql.com/doc/refman/5.5/en/gis-mysql-specific-functions.html\n\n','','http://dev.mysql.com/doc/refman/5.5/en/gis-mysql-specific-functions.html'),(150,'TIME_FORMAT',32,'Syntax:\nTIME_FORMAT(time,format)\n\nThis is used like the DATE_FORMAT() function, but the format string may\ncontain format specifiers only for hours, minutes, seconds, and\nmicroseconds. Other specifiers produce a NULL value or 0.\n\nURL: http://dev.mysql.com/doc/refman/5.5/en/date-and-time-functions.html\n\n','mysql> SELECT TIME_FORMAT(\'100:00:00\', \'%H %k %h %I %l\');\n        -> \'100 100 04 04 4\'\n','http://dev.mysql.com/doc/refman/5.5/en/date-and-time-functions.html'),(151,'LEFT',38,'Syntax:\nLEFT(str,len)\n\nReturns the leftmost len characters from the string str, or NULL if any\nargument is NULL.\n\nURL: http://dev.mysql.com/doc/refman/5.5/en/string-functions.html\n\n','mysql> SELECT LEFT(\'foobarbar\', 5);\n        -> \'fooba\'\n','http://dev.mysql.com/doc/refman/5.5/en/string-functions.html'),(152,'FLUSH QUERY CACHE',27,'You can defragment the query cache to better utilize its memory with\nthe FLUSH QUERY CACHE statement. The statement does not remove any\nqueries from the cache.\n\nThe RESET QUERY CACHE statement removes all query results from the\nquery cache. The FLUSH TABLES statement also does this.\n\nURL: http://dev.mysql.com/doc/refman/5.5/en/query-cache-status-and-maintenance.html\n\n','','http://dev.mysql.com/doc/refman/5.5/en/query-cache-status-and-maintenance.html'),(153,'SET DATA TYPE',23,'SET(\'value1\',\'value2\',...) [CHARACTER SET charset_name] [COLLATE\ncollation_name]\n\nA set. A string object that can have zero or more values, each of which\nmust be chosen from the list of values \'value1\', \'value2\', ... SET\nvalues are represented internally as integers.\n\nA SET column can have a maximum of 64 distinct members. A table can\nhave no more than 255 unique element list definitions among its ENUM\nand SET columns considered as a group. For more information on this\nlimit, see http://dev.mysql.com/doc/refman/5.5/en/limits-frm-file.html.\n\nURL: http://dev.mysql.com/doc/refman/5.5/en/string-type-overview.html\n\n','','http://dev.mysql.com/doc/refman/5.5/en/string-type-overview.html'),(154,'RAND',3,'Syntax:\nRAND(), RAND(N)\n\nReturns a random floating-point value v in the range 0 <= v < 1.0. If a\nconstant integer argument N is specified, it is used as the seed value,\nwhich produces a repeatable sequence of column values. In the following\nexample, note that the sequences of values produced by RAND(3) is the\nsame both places where it occurs.\n\nURL: http://dev.mysql.com/doc/refman/5.5/en/mathematical-functions.html\n\n','mysql> CREATE TABLE t (i INT);\nQuery OK, 0 rows affected (0.42 sec)\n\nmysql> INSERT INTO t VALUES(1),(2),(3);\nQuery OK, 3 rows affected (0.00 sec)\nRecords: 3  Duplicates: 0  Warnings: 0\n\nmysql> SELECT i, RAND() FROM t;\n+------+------------------+\n| i    | RAND()           |\n+------+------------------+\n|    1 | 0.61914388706828 |\n|    2 | 0.93845168309142 |\n|    3 | 0.83482678498591 |\n+------+------------------+\n3 rows in set (0.00 sec)\n\nmysql> SELECT i, RAND(3) FROM t;\n+------+------------------+\n| i    | RAND(3)          |\n+------+------------------+\n|    1 | 0.90576975597606 |\n|    2 | 0.37307905813035 |\n|    3 | 0.14808605345719 |\n+------+------------------+\n3 rows in set (0.00 sec)\n\nmysql> SELECT i, RAND() FROM t;\n+------+------------------+\n| i    | RAND()           |\n+------+------------------+\n|    1 | 0.35877890638893 |\n|    2 | 0.28941420772058 |\n|    3 | 0.37073435016976 |\n+------+------------------+\n3 rows in set (0.00 sec)\n\nmysql> SELECT i, RAND(3) FROM t;\n+------+------------------+\n| i    | RAND(3)          |\n+------+------------------+\n|    1 | 0.90576975597606 |\n|    2 | 0.37307905813035 |\n|    3 | 0.14808605345719 |\n+------+------------------+\n3 rows in set (0.01 sec)\n','http://dev.mysql.com/doc/refman/5.5/en/mathematical-functions.html'),(155,'RPAD',38,'Syntax:\nRPAD(str,len,padstr)\n\nReturns the string str, right-padded with the string padstr to a length\nof len characters. If str is longer than len, the return value is\nshortened to len characters.\n\nURL: http://dev.mysql.com/doc/refman/5.5/en/string-functions.html\n\n','mysql> SELECT RPAD(\'hi\',5,\'?\');\n        -> \'hi???\'\nmysql> SELECT RPAD(\'hi\',1,\'?\');\n        -> \'h\'\n','http://dev.mysql.com/doc/refman/5.5/en/string-functions.html'),(156,'CREATE DATABASE',40,'Syntax:\nCREATE {DATABASE | SCHEMA} [IF NOT EXISTS] db_name\n    [create_specification] ...\n\ncreate_specification:\n    [DEFAULT] CHARACTER SET [=] charset_name\n  | [DEFAULT] COLLATE [=] collation_name\n\nCREATE DATABASE creates a database with the given name. To use this\nstatement, you need the CREATE privilege for the database. CREATE\nSCHEMA is a synonym for CREATE DATABASE.\n\nURL: http://dev.mysql.com/doc/refman/5.5/en/create-database.html\n\n','','http://dev.mysql.com/doc/refman/5.5/en/create-database.html'),(157,'DEC',23,'DEC[(M[,D])] [UNSIGNED] [ZEROFILL], NUMERIC[(M[,D])] [UNSIGNED]\n[ZEROFILL], FIXED[(M[,D])] [UNSIGNED] [ZEROFILL]\n\nThese types are synonyms for DECIMAL. The FIXED synonym is available\nfor compatibility with other database systems.\n\nURL: http://dev.mysql.com/doc/refman/5.5/en/numeric-type-overview.html\n\n','','http://dev.mysql.com/doc/refman/5.5/en/numeric-type-overview.html'),(158,'VAR_POP',16,'Syntax:\nVAR_POP(expr)\n\nReturns the population standard variance of expr. It considers rows as\nthe whole population, not as a sample, so it has the number of rows as\nthe denominator. You can also use VARIANCE(), which is equivalent but\nis not standard SQL.\n\nVAR_POP() returns NULL if there were no matching rows.\n\nURL: http://dev.mysql.com/doc/refman/5.5/en/group-by-functions.html\n\n','','http://dev.mysql.com/doc/refman/5.5/en/group-by-functions.html'),(159,'ELT',38,'Syntax:\nELT(N,str1,str2,str3,...)\n\nELT() returns the Nth element of the list of strings: str1 if N = 1,\nstr2 if N = 2, and so on. Returns NULL if N is less than 1 or greater\nthan the number of arguments. ELT() is the complement of FIELD().\n\nURL: http://dev.mysql.com/doc/refman/5.5/en/string-functions.html\n\n','mysql> SELECT ELT(1, \'ej\', \'Heja\', \'hej\', \'foo\');\n        -> \'ej\'\nmysql> SELECT ELT(4, \'ej\', \'Heja\', \'hej\', \'foo\');\n        -> \'foo\'\n','http://dev.mysql.com/doc/refman/5.5/en/string-functions.html'),(160,'ALTER VIEW',40,'Syntax:\nALTER\n    [ALGORITHM = {UNDEFINED | MERGE | TEMPTABLE}]\n    [DEFINER = { user | CURRENT_USER }]\n    [SQL SECURITY { DEFINER | INVOKER }]\n    VIEW view_name [(column_list)]\n    AS select_statement\n    [WITH [CASCADED | LOCAL] CHECK OPTION]\n\nThis statement changes the definition of a view, which must exist. The\nsyntax is similar to that for CREATE VIEW and the effect is the same as\nfor CREATE OR REPLACE VIEW. See [HELP CREATE VIEW]. This statement\nrequires the CREATE VIEW and DROP privileges for the view, and some\nprivilege for each column referred to in the SELECT statement. ALTER\nVIEW is permitted only to the definer or users with the SUPER\nprivilege.\n\nURL: http://dev.mysql.com/doc/refman/5.5/en/alter-view.html\n\n','','http://dev.mysql.com/doc/refman/5.5/en/alter-view.html'),(161,'SHOW DATABASES',27,'Syntax:\nSHOW {DATABASES | SCHEMAS}\n    [LIKE \'pattern\' | WHERE expr]\n\nSHOW DATABASES lists the databases on the MySQL server host. SHOW\nSCHEMAS is a synonym for SHOW DATABASES. The LIKE clause, if present,\nindicates which database names to match. The WHERE clause can be given\nto select rows using more general conditions, as discussed in\nhttp://dev.mysql.com/doc/refman/5.5/en/extended-show.html.\n\nYou see only those databases for which you have some kind of privilege,\nunless you have the global SHOW DATABASES privilege. You can also get\nthis list using the mysqlshow command.\n\nIf the server was started with the --skip-show-database option, you\ncannot use this statement at all unless you have the SHOW DATABASES\nprivilege.\n\nURL: http://dev.mysql.com/doc/refman/5.5/en/show-databases.html\n\n','','http://dev.mysql.com/doc/refman/5.5/en/show-databases.html'),(162,'~',19,'Syntax:\n~\n\nInvert all bits.\n\nURL: http://dev.mysql.com/doc/refman/5.5/en/bit-functions.html\n\n','mysql> SELECT 5 & ~1;\n        -> 4\n','http://dev.mysql.com/doc/refman/5.5/en/bit-functions.html'),(163,'TEXT',23,'TEXT[(M)] [CHARACTER SET charset_name] [COLLATE collation_name]\n\nA TEXT column with a maximum length of 65,535 (216 - 1) characters. The\neffective maximum length is less if the value contains multibyte\ncharacters. Each TEXT value is stored using a 2-byte length prefix that\nindicates the number of bytes in the value.\n\nAn optional length M can be given for this type. If this is done, MySQL\ncreates the column as the smallest TEXT type large enough to hold\nvalues M characters long.\n\nURL: http://dev.mysql.com/doc/refman/5.5/en/string-type-overview.html\n\n','','http://dev.mysql.com/doc/refman/5.5/en/string-type-overview.html'),(164,'CONCAT_WS',38,'Syntax:\nCONCAT_WS(separator,str1,str2,...)\n\nCONCAT_WS() stands for Concatenate With Separator and is a special form\nof CONCAT(). The first argument is the separator for the rest of the\narguments. The separator is added between the strings to be\nconcatenated. The separator can be a string, as can the rest of the\narguments. If the separator is NULL, the result is NULL.\n\nURL: http://dev.mysql.com/doc/refman/5.5/en/string-functions.html\n\n','mysql> SELECT CONCAT_WS(\',\',\'First name\',\'Second name\',\'Last Name\');\n        -> \'First name,Second name,Last Name\'\nmysql> SELECT CONCAT_WS(\',\',\'First name\',NULL,\'Last Name\');\n        -> \'First name,Last Name\'\n','http://dev.mysql.com/doc/refman/5.5/en/string-functions.html'),(165,'ROW_COUNT',17,'Syntax:\nROW_COUNT()\n\nBefore MySQL 5.5.5, ROW_COUNT() returns the number of rows changed,\ndeleted, or inserted by the last statement if it was an UPDATE, DELETE,\nor INSERT. For other statements, the value may not be meaningful.\n\nAs of MySQL 5.5.5, ROW_COUNT() returns a value as follows:\n\no DDL statements: 0. This applies to statements such as CREATE TABLE or\n  DROP TABLE.\n\no DML statements other than SELECT: The number of affected rows. This\n  applies to statements such as UPDATE, INSERT, or DELETE (as before),\n  but now also to statements such as ALTER TABLE and LOAD DATA INFILE.\n\no SELECT: -1 if the statement returns a result set, or the number of\n  rows \"affected\" if it does not. For example, for SELECT * FROM t1,\n  ROW_COUNT() returns -1. For SELECT * FROM t1 INTO OUTFILE\n  \'file_name\', ROW_COUNT() returns the number of rows written to the\n  file.\n\no SIGNAL statements: 0.\n\nFor UPDATE statements, the affected-rows value by default is the number\nof rows actually changed. If you specify the CLIENT_FOUND_ROWS flag to\nmysql_real_connect() when connecting to mysqld, the affected-rows value\nis the number of rows \"found\"; that is, matched by the WHERE clause.\n\nFor REPLACE statements, the affected-rows value is 2 if the new row\nreplaced an old row, because in this case, one row was inserted after\nthe duplicate was deleted.\n\nFor INSERT ... ON DUPLICATE KEY UPDATE statements, the affected-rows\nvalue per row is 1 if the row is inserted as a new row, 2 if an\nexisting row is updated, and 0 if an existing row is set to its current\nvalues. If you specify the CLIENT_FOUND_ROWS flag, the affected-rows\nvalue is 1 (not 0) if an existing row is set to its current values.\n\nThe ROW_COUNT() value is similar to the value from the\nmysql_affected_rows() C API function and the row count that the mysql\nclient displays following statement execution.\n\nURL: http://dev.mysql.com/doc/refman/5.5/en/information-functions.html\n\n','mysql> INSERT INTO t VALUES(1),(2),(3);\nQuery OK, 3 rows affected (0.00 sec)\nRecords: 3  Duplicates: 0  Warnings: 0\n\nmysql> SELECT ROW_COUNT();\n+-------------+\n| ROW_COUNT() |\n+-------------+\n|           3 |\n+-------------+\n1 row in set (0.00 sec)\n\nmysql> DELETE FROM t WHERE i IN(1,2);\nQuery OK, 2 rows affected (0.00 sec)\n\nmysql> SELECT ROW_COUNT();\n+-------------+\n| ROW_COUNT() |\n+-------------+\n|           2 |\n+-------------+\n1 row in set (0.00 sec)\n','http://dev.mysql.com/doc/refman/5.5/en/information-functions.html'),(166,'ASIN',3,'Syntax:\nASIN(X)\n\nReturns the arc sine of X, that is, the value whose sine is X. Returns\nNULL if X is not in the range -1 to 1.\n\nURL: http://dev.mysql.com/doc/refman/5.5/en/mathematical-functions.html\n\n','mysql> SELECT ASIN(0.2);\n        -> 0.20135792079033\nmysql> SELECT ASIN(\'foo\');\n\n+-------------+\n| ASIN(\'foo\') |\n+-------------+\n|           0 |\n+-------------+\n1 row in set, 1 warning (0.00 sec)\n\nmysql> SHOW WARNINGS;\n+---------+------+-----------------------------------------+\n| Level   | Code | Message                                 |\n+---------+------+-----------------------------------------+\n| Warning | 1292 | Truncated incorrect DOUBLE value: \'foo\' |\n+---------+------+-----------------------------------------+\n','http://dev.mysql.com/doc/refman/5.5/en/mathematical-functions.html'),(167,'SIGN',3,'Syntax:\nSIGN(X)\n\nReturns the sign of the argument as -1, 0, or 1, depending on whether X\nis negative, zero, or positive.\n\nURL: http://dev.mysql.com/doc/refman/5.5/en/mathematical-functions.html\n\n','mysql> SELECT SIGN(-32);\n        -> -1\nmysql> SELECT SIGN(0);\n        -> 0\nmysql> SELECT SIGN(234);\n        -> 1\n','http://dev.mysql.com/doc/refman/5.5/en/mathematical-functions.html'),(168,'SEC_TO_TIME',32,'Syntax:\nSEC_TO_TIME(seconds)\n\nReturns the seconds argument, converted to hours, minutes, and seconds,\nas a TIME value. The range of the result is constrained to that of the\nTIME data type. A warning occurs if the argument corresponds to a value\noutside that range.\n\nURL: http://dev.mysql.com/doc/refman/5.5/en/date-and-time-functions.html\n\n','mysql> SELECT SEC_TO_TIME(2378);\n        -> \'00:39:38\'\nmysql> SELECT SEC_TO_TIME(2378) + 0;\n        -> 3938\n','http://dev.mysql.com/doc/refman/5.5/en/date-and-time-functions.html'),(169,'FLOAT',23,'FLOAT[(M,D)] [UNSIGNED] [ZEROFILL]\n\nA small (single-precision) floating-point number. Permissible values\nare -3.402823466E+38 to -1.175494351E-38, 0, and 1.175494351E-38 to\n3.402823466E+38. These are the theoretical limits, based on the IEEE\nstandard. The actual range might be slightly smaller depending on your\nhardware or operating system.\n\nM is the total number of digits and D is the number of digits following\nthe decimal point. If M and D are omitted, values are stored to the\nlimits permitted by the hardware. A single-precision floating-point\nnumber is accurate to approximately 7 decimal places.\n\nUNSIGNED, if specified, disallows negative values.\n\nUsing FLOAT might give you some unexpected problems because all\ncalculations in MySQL are done with double precision. See\nhttp://dev.mysql.com/doc/refman/5.5/en/no-matching-rows.html.\n\nURL: http://dev.mysql.com/doc/refman/5.5/en/numeric-type-overview.html\n\n','','http://dev.mysql.com/doc/refman/5.5/en/numeric-type-overview.html'),(170,'LOCATE',38,'Syntax:\nLOCATE(substr,str), LOCATE(substr,str,pos)\n\nThe first syntax returns the position of the first occurrence of\nsubstring substr in string str. The second syntax returns the position\nof the first occurrence of substring substr in string str, starting at\nposition pos. Returns 0 if substr is not in str.\n\nURL: http://dev.mysql.com/doc/refman/5.5/en/string-functions.html\n\n','mysql> SELECT LOCATE(\'bar\', \'foobarbar\');\n        -> 4\nmysql> SELECT LOCATE(\'xbar\', \'foobar\');\n        -> 0\nmysql> SELECT LOCATE(\'bar\', \'foobarbar\', 5);\n        -> 7\n','http://dev.mysql.com/doc/refman/5.5/en/string-functions.html'),(171,'SHOW EVENTS',27,'Syntax:\nSHOW EVENTS [{FROM | IN} schema_name]\n    [LIKE \'pattern\' | WHERE expr]\n\nThis statement displays information about Event Manager events. It\nrequires the EVENT privilege for the database from which the events are\nto be shown.\n\nIn its simplest form, SHOW EVENTS lists all of the events in the\ncurrent schema:\n\nmysql> SELECT CURRENT_USER(), SCHEMA();\n+----------------+----------+\n| CURRENT_USER() | SCHEMA() |\n+----------------+----------+\n| jon@ghidora    | myschema |\n+----------------+----------+\n1 row in set (0.00 sec)\n\nmysql> SHOW EVENTS\\G\n*************************** 1. row ***************************\n                  Db: myschema\n                Name: e_daily\n             Definer: jon@ghidora\n           Time zone: SYSTEM\n                Type: RECURRING\n          Execute at: NULL\n      Interval value: 10\n      Interval field: SECOND\n              Starts: 2006-02-09 10:41:23\n                Ends: NULL\n              Status: ENABLED\n          Originator: 0\ncharacter_set_client: latin1\ncollation_connection: latin1_swedish_ci\n  Database Collation: latin1_swedish_ci\n\nTo see events for a specific schema, use the FROM clause. For example,\nto see events for the test schema, use the following statement:\n\nSHOW EVENTS FROM test;\n\nThe LIKE clause, if present, indicates which event names to match. The\nWHERE clause can be given to select rows using more general conditions,\nas discussed in\nhttp://dev.mysql.com/doc/refman/5.5/en/extended-show.html.\n\nURL: http://dev.mysql.com/doc/refman/5.5/en/show-events.html\n\n','','http://dev.mysql.com/doc/refman/5.5/en/show-events.html'),(172,'CHARSET',17,'Syntax:\nCHARSET(str)\n\nReturns the character set of the string argument.\n\nURL: http://dev.mysql.com/doc/refman/5.5/en/information-functions.html\n\n','mysql> SELECT CHARSET(\'abc\');\n        -> \'latin1\'\nmysql> SELECT CHARSET(CONVERT(\'abc\' USING utf8));\n        -> \'utf8\'\nmysql> SELECT CHARSET(USER());\n        -> \'utf8\'\n','http://dev.mysql.com/doc/refman/5.5/en/information-functions.html'),(173,'SUBDATE',32,'Syntax:\nSUBDATE(date,INTERVAL expr unit), SUBDATE(expr,days)\n\nWhen invoked with the INTERVAL form of the second argument, SUBDATE()\nis a synonym for DATE_SUB(). For information on the INTERVAL unit\nargument, see the discussion for DATE_ADD().\n\nmysql> SELECT DATE_SUB(\'2008-01-02\', INTERVAL 31 DAY);\n        -> \'2007-12-02\'\nmysql> SELECT SUBDATE(\'2008-01-02\', INTERVAL 31 DAY);\n        -> \'2007-12-02\'\n\nThe second form enables the use of an integer value for days. In such\ncases, it is interpreted as the number of days to be subtracted from\nthe date or datetime expression expr.\n\nmysql> SELECT SUBDATE(\'2008-01-02 12:00:00\', 31);\n        -> \'2007-12-02 12:00:00\'\n\nURL: http://dev.mysql.com/doc/refman/5.5/en/date-and-time-functions.html\n\n','','http://dev.mysql.com/doc/refman/5.5/en/date-and-time-functions.html'),(174,'DAYOFYEAR',32,'Syntax:\nDAYOFYEAR(date)\n\nReturns the day of the year for date, in the range 1 to 366.\n\nURL: http://dev.mysql.com/doc/refman/5.5/en/date-and-time-functions.html\n\n','mysql> SELECT DAYOFYEAR(\'2007-02-03\');\n        -> 34\n','http://dev.mysql.com/doc/refman/5.5/en/date-and-time-functions.html'),(175,'%',3,'Syntax:\nN % M, N MOD M\n\nModulo operation. Returns the remainder of N divided by M. For more\ninformation, see the description for the MOD() function in\nhttp://dev.mysql.com/doc/refman/5.5/en/mathematical-functions.html.\n\nURL: http://dev.mysql.com/doc/refman/5.5/en/arithmetic-functions.html\n\n','','http://dev.mysql.com/doc/refman/5.5/en/arithmetic-functions.html'),(176,'LONGTEXT',23,'LONGTEXT [CHARACTER SET charset_name] [COLLATE collation_name]\n\nA TEXT column with a maximum length of 4,294,967,295 or 4GB (232 - 1)\ncharacters. The effective maximum length is less if the value contains\nmultibyte characters. The effective maximum length of LONGTEXT columns\nalso depends on the configured maximum packet size in the client/server\nprotocol and available memory. Each LONGTEXT value is stored using a\n4-byte length prefix that indicates the number of bytes in the value.\n\nURL: http://dev.mysql.com/doc/refman/5.5/en/string-type-overview.html\n\n','','http://dev.mysql.com/doc/refman/5.5/en/string-type-overview.html'),(177,'KILL',27,'Syntax:\nKILL [CONNECTION | QUERY] processlist_id\n\nEach connection to mysqld runs in a separate thread. You can kill a\nthread with the KILL processlist_id statement.\n\nThread processlist identifiers can be determined from the ID column of\nthe INFORMATION_SCHEMA.PROCESSLIST table, the Id column of SHOW\nPROCESSLIST output, and the PROCESSLIST_ID column of the Performance\nSchema threads table. The value for the current thread is returned by\nthe CONNECTION_ID() function.\n\nKILL permits an optional CONNECTION or QUERY modifier:\n\no KILL CONNECTION is the same as KILL with no modifier: It terminates\n  the connection associated with the given processlist_id, after\n  terminating any statement the connection is executing.\n\no KILL QUERY terminates the statement the connection is currently\n  executing, but leaves the connection itself intact.\n\nIf you have the PROCESS privilege, you can see all threads. If you have\nthe SUPER privilege, you can kill all threads and statements.\nOtherwise, you can see and kill only your own threads and statements.\n\nYou can also use the mysqladmin processlist and mysqladmin kill\ncommands to examine and kill threads.\n\n*Note*: You cannot use KILL with the Embedded MySQL Server library\nbecause the embedded server merely runs inside the threads of the host\napplication. It does not create any connection threads of its own.\n\nURL: http://dev.mysql.com/doc/refman/5.5/en/kill.html\n\n','','http://dev.mysql.com/doc/refman/5.5/en/kill.html'),(178,'DISJOINT',31,'Disjoint(g1,g2)\n\nReturns 1 or 0 to indicate whether g1 is spatially disjoint from (does\nnot intersect) g2.\n\nURL: http://dev.mysql.com/doc/refman/5.5/en/spatial-relation-functions-mbr.html\n\n','','http://dev.mysql.com/doc/refman/5.5/en/spatial-relation-functions-mbr.html'),(179,'ASTEXT',4,'AsText(g), AsWKT(g)\n\nConverts a value in internal geometry format to its WKT representation\nand returns the string result.\n\nURL: http://dev.mysql.com/doc/refman/5.5/en/gis-format-conversion-functions.html\n\n','mysql> SET @g = \'LineString(1 1,2 2,3 3)\';\nmysql> SELECT AsText(GeomFromText(@g));\n+--------------------------+\n| AsText(GeomFromText(@g)) |\n+--------------------------+\n| LINESTRING(1 1,2 2,3 3)  |\n+--------------------------+\n','http://dev.mysql.com/doc/refman/5.5/en/gis-format-conversion-functions.html'),(180,'LPAD',38,'Syntax:\nLPAD(str,len,padstr)\n\nReturns the string str, left-padded with the string padstr to a length\nof len characters. If str is longer than len, the return value is\nshortened to len characters.\n\n\nURL: http://dev.mysql.com/doc/refman/5.5/en/string-functions.html\n\n','mysql> SELECT LPAD(\'hi\',4,\'??\');\n        -> \'??hi\'\nmysql> SELECT LPAD(\'hi\',1,\'??\');\n        -> \'h\'\n','http://dev.mysql.com/doc/refman/5.5/en/string-functions.html'),(181,'DECLARE CONDITION',24,'Syntax:\nDECLARE condition_name CONDITION FOR condition_value\n\ncondition_value:\n    mysql_error_code\n  | SQLSTATE [VALUE] sqlstate_value\n\nThe DECLARE ... CONDITION statement declares a named error condition,\nassociating a name with a condition that needs specific handling. The\nname can be referred to in a subsequent DECLARE ... HANDLER statement\n(see [HELP DECLARE HANDLER]).\n\nCondition declarations must appear before cursor or handler\ndeclarations.\n\nThe condition_value for DECLARE ... CONDITION can be a MySQL error code\n(a number) or an SQLSTATE value (a 5-character string literal). You\nshould not use MySQL error code 0 or SQLSTATE values that begin with\n\'00\', because those indicate success rather than an error condition.\nFor a list of MySQL error codes and SQLSTATE values, see\nhttp://dev.mysql.com/doc/refman/5.5/en/error-messages-server.html.\n\nURL: http://dev.mysql.com/doc/refman/5.5/en/declare-condition.html\n\n','','http://dev.mysql.com/doc/refman/5.5/en/declare-condition.html'),(182,'OVERLAPS',31,'Overlaps(g1,g2)\n\nReturns 1 or 0 to indicate whether g1 spatially overlaps g2. The term\nspatially overlaps is used if two geometries intersect and their\nintersection results in a geometry of the same dimension but not equal\nto either of the given geometries.\n\nURL: http://dev.mysql.com/doc/refman/5.5/en/spatial-relation-functions-mbr.html\n\n','','http://dev.mysql.com/doc/refman/5.5/en/spatial-relation-functions-mbr.html'),(183,'SET GLOBAL SQL_SLAVE_SKIP_COUNTER',8,'Syntax:\nSET GLOBAL sql_slave_skip_counter = N\n\nThis statement skips the next N events from the master. This is useful\nfor recovering from replication stops caused by a statement.\n\nThis statement is valid only when the slave threads are not running.\nOtherwise, it produces an error.\n\nURL: http://dev.mysql.com/doc/refman/5.5/en/set-global-sql-slave-skip-counter.html\n\n','','http://dev.mysql.com/doc/refman/5.5/en/set-global-sql-slave-skip-counter.html'),(184,'NUMGEOMETRIES',26,'NumGeometries(gc)\n\nReturns the number of geometries in the GeometryCollection value gc.\n\nURL: http://dev.mysql.com/doc/refman/5.5/en/gis-geometrycollection-property-functions.html\n\n','mysql> SET @gc = \'GeometryCollection(Point(1 1),LineString(2 2, 3 3))\';\nmysql> SELECT NumGeometries(GeomFromText(@gc));\n+----------------------------------+\n| NumGeometries(GeomFromText(@gc)) |\n+----------------------------------+\n|                                2 |\n+----------------------------------+\n','http://dev.mysql.com/doc/refman/5.5/en/gis-geometrycollection-property-functions.html'),(185,'MONTHNAME',32,'Syntax:\nMONTHNAME(date)\n\nReturns the full name of the month for date. The language used for the\nname is controlled by the value of the lc_time_names system variable\n(http://dev.mysql.com/doc/refman/5.5/en/locale-support.html).\n\nURL: http://dev.mysql.com/doc/refman/5.5/en/date-and-time-functions.html\n\n','mysql> SELECT MONTHNAME(\'2008-02-03\');\n        -> \'February\'\n','http://dev.mysql.com/doc/refman/5.5/en/date-and-time-functions.html'),(186,'CHANGE MASTER TO',8,'Syntax:\nCHANGE MASTER TO option [, option] ...\n\noption:\n    MASTER_BIND = \'interface_name\'\n  | MASTER_HOST = \'host_name\'\n  | MASTER_USER = \'user_name\'\n  | MASTER_PASSWORD = \'password\'\n  | MASTER_PORT = port_num\n  | MASTER_CONNECT_RETRY = interval\n  | MASTER_HEARTBEAT_PERIOD = interval\n  | MASTER_LOG_FILE = \'master_log_name\'\n  | MASTER_LOG_POS = master_log_pos\n  | RELAY_LOG_FILE = \'relay_log_name\'\n  | RELAY_LOG_POS = relay_log_pos\n  | MASTER_SSL = {0|1}\n  | MASTER_SSL_CA = \'ca_file_name\'\n  | MASTER_SSL_CAPATH = \'ca_directory_name\'\n  | MASTER_SSL_CERT = \'cert_file_name\'\n  | MASTER_SSL_KEY = \'key_file_name\'\n  | MASTER_SSL_CIPHER = \'cipher_list\'\n  | MASTER_SSL_VERIFY_SERVER_CERT = {0|1}\n  | IGNORE_SERVER_IDS = (server_id_list)\n\nserver_id_list:\n    [server_id [, server_id] ... ]\n\nCHANGE MASTER TO changes the parameters that the slave server uses for\nconnecting to the master server, for reading the master binary log, and\nreading the slave relay log. It also updates the contents of the\nmaster.info and relay-log.info files. To use CHANGE MASTER TO, the\nslave replication threads must be stopped (use STOP SLAVE if\nnecessary).\n\nOptions not specified retain their value, except as indicated in the\nfollowing discussion. Thus, in most cases, there is no need to specify\noptions that do not change. For example, if the password to connect to\nyour MySQL master has changed, you just need to issue these statements\nto tell the slave about the new password:\n\nSTOP SLAVE; -- if replication was running\nCHANGE MASTER TO MASTER_PASSWORD=\'new3cret\';\nSTART SLAVE; -- if you want to restart replication\n\nMASTER_HOST, MASTER_USER, MASTER_PASSWORD, and MASTER_PORT provide\ninformation to the slave about how to connect to its master:\n\no MASTER_HOST and MASTER_PORT are the host name (or IP address) of the\n  master host and its TCP/IP port.\n\n  *Note*: Replication cannot use Unix socket files. You must be able to\n  connect to the master MySQL server using TCP/IP.\n\n  If you specify the MASTER_HOST or MASTER_PORT option, the slave\n  assumes that the master server is different from before (even if the\n  option value is the same as its current value.) In this case, the old\n  values for the master binary log file name and position are\n  considered no longer applicable, so if you do not specify\n  MASTER_LOG_FILE and MASTER_LOG_POS in the statement,\n  MASTER_LOG_FILE=\'\' and MASTER_LOG_POS=4 are silently appended to it.\n\n  Setting MASTER_HOST=\'\' (that is, setting its value explicitly to an\n  empty string) is not the same as not setting MASTER_HOST at all.\n  Beginning with MySQL 5.5, trying to set MASTER_HOST to an empty\n  string fails with an error. Previously, setting MASTER_HOST to an\n  empty string caused START SLAVE subsequently to fail. (Bug #28796)\n\no MASTER_USER and MASTER_PASSWORD are the user name and password of the\n  account to use for connecting to the master.\n\n  In MySQL 5.5.20 and later, MASTER_USER cannot be made empty; setting\n  MASTER_USER = \'\' or leaving it unset when setting a value for\n  MASTER_PASSWORD causes an error (Bug #13427949).\n\n  The password used for a MySQL Replication slave account in a CHANGE\n  MASTER TO statement is limited to 32 characters in length; if the\n  password is longer, the statement succeeds, but any excess characters\n  are silently truncated. This is an issue specific to MySQL\n  Replication, which is fixed in MySQL 5.7. (Bug #11752299, Bug #43439)\n\n  The text of a running CHANGE MASTER TO statement, including values\n  for MASTER_USER and MASTER_PASSWORD, can be seen in the output of a\n  concurrent SHOW PROCESSLIST statement.\n\nThe MASTER_SSL_xxx options provide information about using SSL for the\nconnection. They correspond to the --ssl-xxx options described in\nhttp://dev.mysql.com/doc/refman/5.5/en/ssl-options.html, and\nhttp://dev.mysql.com/doc/refman/5.5/en/replication-solutions-ssl.html.\nThese options can be changed even on slaves that are compiled without\nSSL support. They are saved to the master.info file, but are ignored if\nthe slave does not have SSL support enabled.\n\nMASTER_CONNECT_RETRY specifies how many seconds to wait between connect\nretries. The default is 60. The number of reconnection attempts is\nlimited by the --master-retry-count server option; for more\ninformation, see\nhttp://dev.mysql.com/doc/refman/5.5/en/replication-options.html.\n\nThe MASTER_BIND option is available in MySQL Cluster NDB 7.2 and later,\nbut is not supported in mainline MySQL 5.5.\n\nMASTER_BIND is for use on replication slaves having multiple network\ninterfaces, and determines which of the slave\'s network interfaces is\nchosen for connecting to the master.\n\nMASTER_HEARTBEAT_PERIOD sets the interval in seconds between\nreplication heartbeats. Whenever the master\'s binary log is updated\nwith an event, the waiting period for the next heartbeat is reset.\ninterval is a decimal value having the range 0 to 4294967 seconds and a\nresolution in milliseconds; the smallest nonzero value is 0.001.\nHeartbeats are sent by the master only if there are no unsent events in\nthe binary log file for a period longer than interval.\n\nSetting interval to 0 disables heartbeats altogether. The default value\nfor interval is equal to the value of slave_net_timeout divided by 2.\n\nSetting @@global.slave_net_timeout to a value less than that of the\ncurrent heartbeat interval results in a warning being issued. The\neffect of issuing RESET SLAVE on the heartbeat interval is to reset it\nto the default value.\n\nMASTER_LOG_FILE and MASTER_LOG_POS are the coordinates at which the\nslave I/O thread should begin reading from the master the next time the\nthread starts. RELAY_LOG_FILE and RELAY_LOG_POS are the coordinates at\nwhich the slave SQL thread should begin reading from the relay log the\nnext time the thread starts. If you specify either of MASTER_LOG_FILE\nor MASTER_LOG_POS, you cannot specify RELAY_LOG_FILE or RELAY_LOG_POS.\nIf neither of MASTER_LOG_FILE or MASTER_LOG_POS is specified, the slave\nuses the last coordinates of the slave SQL thread before CHANGE MASTER\nTO was issued. This ensures that there is no discontinuity in\nreplication, even if the slave SQL thread was late compared to the\nslave I/O thread, when you merely want to change, say, the password to\nuse.\n\nCHANGE MASTER TO deletes all relay log files and starts a new one,\nunless you specify RELAY_LOG_FILE or RELAY_LOG_POS. In that case, relay\nlog files are kept; the relay_log_purge global variable is set silently\nto 0.\n\nPrior to MySQL 5.5, RELAY_LOG_FILE required an absolute path. In MySQL\n5.5, the path can be relative, in which case the path is assumed to be\nrelative to the slave\'s data directory. (Bug #12190)\n\nIGNORE_SERVER_IDS was added in MySQL 5.5. This option takes a\ncomma-separated list of 0 or more server IDs. Events originating from\nthe corresponding servers are ignored, with the exception of log\nrotation and deletion events, which are still recorded in the relay\nlog.\n\nIn circular replication, the originating server normally acts as the\nterminator of its own events, so that they are not applied more than\nonce. Thus, this option is useful in circular replication when one of\nthe servers in the circle is removed. Suppose that you have a circular\nreplication setup with 4 servers, having server IDs 1, 2, 3, and 4, and\nserver 3 fails. When bridging the gap by starting replication from\nserver 2 to server 4, you can include IGNORE_SERVER_IDS = (3) in the\nCHANGE MASTER TO statement that you issue on server 4 to tell it to use\nserver 2 as its master instead of server 3. Doing so causes it to\nignore and not to propagate any statements that originated with the\nserver that is no longer in use.\n\nWhen a CHANGE MASTER TO statement is issued without any\nIGNORE_SERVER_IDS option, any existing list is preserved. To clear the\nlist of ignored servers, it is necessary to use the option with an\nempty list:\n\nCHANGE MASTER TO IGNORE_SERVER_IDS = ();\n\nRESET SLAVE ALL has no effect on the server ID list. This issue is\nfixed in MySQL 5.7. (Bug #18816897)\n\nIf IGNORE_SERVER_IDS contains the server\'s own ID and the server was\nstarted with the --replicate-same-server-id option enabled, an error\nresults.\n\nAlso beginning with MySQL 5.5, the master.info file and the output of\nSHOW SLAVE STATUS are extended to provide the list of servers that are\ncurrently ignored. For more information, see\nhttp://dev.mysql.com/doc/refman/5.5/en/slave-logs-status.html, and\n[HELP SHOW SLAVE STATUS].\n\nBeginning with MySQL 5.5.5, invoking CHANGE MASTER TO causes the\nprevious values for MASTER_HOST, MASTER_PORT, MASTER_LOG_FILE, and\nMASTER_LOG_POS to be written to the error log, along with other\ninformation about the slave\'s state prior to execution.\n\nCHANGE MASTER TO is useful for setting up a slave when you have the\nsnapshot of the master and have recorded the master binary log\ncoordinates corresponding to the time of the snapshot. After loading\nthe snapshot into the slave to synchronize it with the master, you can\nrun CHANGE MASTER TO MASTER_LOG_FILE=\'log_name\', MASTER_LOG_POS=log_pos\non the slave to specify the coordinates at which the slave should begin\nreading the master binary log.\n\nThe following example changes the master server the slave uses and\nestablishes the master binary log coordinates from which the slave\nbegins reading. This is used when you want to set up the slave to\nreplicate the master:\n\nCHANGE MASTER TO\n  MASTER_HOST=\'master2.mycompany.com\',\n  MASTER_USER=\'replication\',\n  MASTER_PASSWORD=\'bigs3cret\',\n  MASTER_PORT=3306,\n  MASTER_LOG_FILE=\'master2-bin.001\',\n  MASTER_LOG_POS=4,\n  MASTER_CONNECT_RETRY=10;\n\nThe next example shows an operation that is less frequently employed.\nIt is used when the slave has relay log files that you want it to\nexecute again for some reason. To do this, the master need not be\nreachable. You need only use CHANGE MASTER TO and start the SQL thread\n(START SLAVE SQL_THREAD):\n\nCHANGE MASTER TO\n  RELAY_LOG_FILE=\'slave-relay-bin.006\',\n  RELAY_LOG_POS=4025;\n\nURL: http://dev.mysql.com/doc/refman/5.5/en/change-master-to.html\n\n','','http://dev.mysql.com/doc/refman/5.5/en/change-master-to.html'),(187,'DROP DATABASE',40,'Syntax:\nDROP {DATABASE | SCHEMA} [IF EXISTS] db_name\n\nDROP DATABASE drops all tables in the database and deletes the\ndatabase. Be very careful with this statement! To use DROP DATABASE,\nyou need the DROP privilege on the database. DROP SCHEMA is a synonym\nfor DROP DATABASE.\n\n*Important*: When a database is dropped, user privileges on the\ndatabase are not automatically dropped. See [HELP GRANT].\n\nIF EXISTS is used to prevent an error from occurring if the database\ndoes not exist.\n\nURL: http://dev.mysql.com/doc/refman/5.5/en/drop-database.html\n\n','','http://dev.mysql.com/doc/refman/5.5/en/drop-database.html'),(188,'MBREQUAL',7,'MBREqual(g1,g2)\n\nReturns 1 or 0 to indicate whether the minimum bounding rectangles of\nthe two geometries g1 and g2 are the same.\n\nURL: http://dev.mysql.com/doc/refman/5.5/en/spatial-relation-functions-mysql-specific.html\n\n','','http://dev.mysql.com/doc/refman/5.5/en/spatial-relation-functions-mysql-specific.html'),(189,'TIMESTAMP FUNCTION',32,'Syntax:\nTIMESTAMP(expr), TIMESTAMP(expr1,expr2)\n\nWith a single argument, this function returns the date or datetime\nexpression expr as a datetime value. With two arguments, it adds the\ntime expression expr2 to the date or datetime expression expr1 and\nreturns the result as a datetime value.\n\nURL: http://dev.mysql.com/doc/refman/5.5/en/date-and-time-functions.html\n\n','mysql> SELECT TIMESTAMP(\'2003-12-31\');\n        -> \'2003-12-31 00:00:00\'\nmysql> SELECT TIMESTAMP(\'2003-12-31 12:00:00\',\'12:00:00\');\n        -> \'2004-01-01 00:00:00\'\n','http://dev.mysql.com/doc/refman/5.5/en/date-and-time-functions.html'),(190,'PROCEDURE ANALYSE',34,'Syntax:\nANALYSE([max_elements[,max_memory]])\n\nANALYSE() examines the result from a query and returns an analysis of\nthe results that suggests optimal data types for each column that may\nhelp reduce table sizes. To obtain this analysis, append PROCEDURE\nANALYSE to the end of a SELECT statement:\n\nSELECT ... FROM ... WHERE ... PROCEDURE ANALYSE([max_elements,[max_memory]])\n\nFor example:\n\nSELECT col1, col2 FROM table1 PROCEDURE ANALYSE(10, 2000);\n\nThe results show some statistics for the values returned by the query,\nand propose an optimal data type for the columns. This can be helpful\nfor checking your existing tables, or after importing new data. You may\nneed to try different settings for the arguments so that PROCEDURE\nANALYSE() does not suggest the ENUM data type when it is not\nappropriate.\n\nThe arguments are optional and are used as follows:\n\no max_elements (default 256) is the maximum number of distinct values\n  that ANALYSE() notices per column. This is used by ANALYSE() to check\n  whether the optimal data type should be of type ENUM; if there are\n  more than max_elements distinct values, then ENUM is not a suggested\n  type.\n\no max_memory (default 8192) is the maximum amount of memory that\n  ANALYSE() should allocate per column while trying to find all\n  distinct values.\n\nURL: http://dev.mysql.com/doc/refman/5.5/en/procedure-analyse.html\n\n','','http://dev.mysql.com/doc/refman/5.5/en/procedure-analyse.html'),(191,'HELP_VERSION',9,'This help information was generated from the MySQL 5.5 Reference Manual\non: 2015-02-26 (revision: 41792)\n\nThis information applies to MySQL 5.5 through 5.5.44.\n','',''),(192,'CHARACTER_LENGTH',38,'Syntax:\nCHARACTER_LENGTH(str)\n\nCHARACTER_LENGTH() is a synonym for CHAR_LENGTH().\n\nURL: http://dev.mysql.com/doc/refman/5.5/en/string-functions.html\n\n','','http://dev.mysql.com/doc/refman/5.5/en/string-functions.html'),(193,'SHOW GRANTS',27,'Syntax:\nSHOW GRANTS [FOR user]\n\nThis statement lists the GRANT statement or statements that must be\nissued to duplicate the privileges that are granted to a MySQL user\naccount. The account is named using the same format as for the GRANT\nstatement; for example, \'jeffrey\'@\'localhost\'. If you specify only the\nuser name part of the account name, a host name part of \'%\' is used.\nFor additional information about specifying account names, see [HELP\nGRANT].\n\nmysql> SHOW GRANTS FOR \'root\'@\'localhost\';\n+---------------------------------------------------------------------+\n| Grants for root@localhost                                           |\n+---------------------------------------------------------------------+\n| GRANT ALL PRIVILEGES ON *.* TO \'root\'@\'localhost\' WITH GRANT OPTION |\n+---------------------------------------------------------------------+\n\nTo list the privileges granted to the account that you are using to\nconnect to the server, you can use any of the following statements:\n\nSHOW GRANTS;\nSHOW GRANTS FOR CURRENT_USER;\nSHOW GRANTS FOR CURRENT_USER();\n\nIf SHOW GRANTS FOR CURRENT_USER (or any of the equivalent syntaxes) is\nused in DEFINER context, such as within a stored procedure that is\ndefined with SQL SECURITY DEFINER), the grants displayed are those of\nthe definer and not the invoker.\n\nURL: http://dev.mysql.com/doc/refman/5.5/en/show-grants.html\n\n','','http://dev.mysql.com/doc/refman/5.5/en/show-grants.html'),(194,'SHOW PRIVILEGES',27,'Syntax:\nSHOW PRIVILEGES\n\nSHOW PRIVILEGES shows the list of system privileges that the MySQL\nserver supports. The exact list of privileges depends on the version of\nyour server.\n\nURL: http://dev.mysql.com/doc/refman/5.5/en/show-privileges.html\n\n','','http://dev.mysql.com/doc/refman/5.5/en/show-privileges.html'),(195,'CREATE TABLESPACE',40,'Syntax:\nCREATE TABLESPACE tablespace_name\n    ADD DATAFILE \'file_name\'\n    USE LOGFILE GROUP logfile_group\n    [EXTENT_SIZE [=] extent_size]\n    [INITIAL_SIZE [=] initial_size]\n    [AUTOEXTEND_SIZE [=] autoextend_size]\n    [MAX_SIZE [=] max_size]\n    [NODEGROUP [=] nodegroup_id]\n    [WAIT]\n    [COMMENT [=] comment_text]\n    ENGINE [=] engine_name\n\nThis statement is used to create a tablespace, which can contain one or\nmore data files, providing storage space for tables. One data file is\ncreated and added to the tablespace using this statement. Additional\ndata files may be added to the tablespace by using the ALTER TABLESPACE\nstatement (see [HELP ALTER TABLESPACE]). For rules covering the naming\nof tablespaces, see\nhttp://dev.mysql.com/doc/refman/5.5/en/identifiers.html.\n\n*Note*: All MySQL Cluster Disk Data objects share the same namespace.\nThis means that each Disk Data object must be uniquely named (and not\nmerely each Disk Data object of a given type). For example, you cannot\nhave a tablespace and a log file group with the same name, or a\ntablespace and a data file with the same name.\n\nA log file group of one or more UNDO log files must be assigned to the\ntablespace to be created with the USE LOGFILE GROUP clause.\nlogfile_group must be an existing log file group created with CREATE\nLOGFILE GROUP (see [HELP CREATE LOGFILE GROUP]). Multiple tablespaces\nmay use the same log file group for UNDO logging.\n\nThe EXTENT_SIZE sets the size, in bytes, of the extents used by any\nfiles belonging to the tablespace. The default value is 1M. The minimum\nsize is 32K, and theoretical maximum is 2G, although the practical\nmaximum size depends on a number of factors. In most cases, changing\nthe extent size does not have any measurable effect on performance, and\nthe default value is recommended for all but the most unusual\nsituations.\n\nAn extent is a unit of disk space allocation. One extent is filled with\nas much data as that extent can contain before another extent is used.\nIn theory, up to 65,535 (64K) extents may used per data file; however,\nthe recommended maximum is 32,768 (32K). The recommended maximum size\nfor a single data file is 32G---that is, 32K extents x 1 MB per extent.\nIn addition, once an extent is allocated to a given partition, it\ncannot be used to store data from a different partition; an extent\ncannot store data from more than one partition. This means, for example\nthat a tablespace having a single datafile whose INITIAL_SIZE is 256 MB\nand whose EXTENT_SIZE is 128M has just two extents, and so can be used\nto store data from at most two different disk data table partitions.\n\nYou can see how many extents remain free in a given data file by\nquerying the INFORMATION_SCHEMA.FILES table, and so derive an estimate\nfor how much space remains free in the file. For further discussion and\nexamples, see http://dev.mysql.com/doc/refman/5.5/en/files-table.html.\n\nThe INITIAL_SIZE parameter sets the data file\'s total size in bytes.\nOnce the file has been created, its size cannot be changed; however,\nyou can add more data files to the tablespace using ALTER TABLESPACE\n... ADD DATAFILE. See [HELP ALTER TABLESPACE].\n\nINITIAL_SIZE is optional; its default value is 134217728 (128 MB).\n\nOn 32-bit systems, the maximum supported value for INITIAL_SIZE is\n4294967296 (4 GB). (Bug #29186)\n\nWhen setting EXTENT_SIZE, you may optionally follow the number with a\none-letter abbreviation for an order of magnitude, similar to those\nused in my.cnf. Generally, this is one of the letters M (for megabytes)\nor G (for gigabytes). In MySQL Cluster NDB 7.2.14 and later, these\nabbreviations are also supported when specifying INITIAL_SIZE as well.\n(Bug #13116514, Bug #16104705, Bug #62858)\n\nINITIAL_SIZE, EXTENT_SIZE, and UNDO_BUFFER_SIZE are subject to rounding\nas follows:\n\no EXTENT_SIZE and UNDO_BUFFER_SIZE are each rounded up to the nearest\n  whole multiple of 32K.\n\no INITIAL_SIZE is rounded down to the nearest whole multiple of 32K.\n\n  For data files, INITIAL_SIZE is subject to further rounding; the\n  result just obtained is rounded up to the nearest whole multiple of\n  EXTENT_SIZE (after any rounding).\n\nThe rounding just described is done explicitly, and a warning is issued\nby the MySQL Server when any such rounding is performed. The rounded\nvalues are also used by the NDB kernel for calculating\nINFORMATION_SCHEMA.FILES column values and other purposes. However, to\navoid an unexpected result, we suggest that you always use whole\nmultiples of 32K in specifying these options.\n\nAUTOEXTEND_SIZE, MAX_SIZE, NODEGROUP, WAIT, and COMMENT are parsed but\nignored, and so currently have no effect. These options are intended\nfor future expansion.\n\nThe ENGINE parameter determines the storage engine which uses this\ntablespace, with engine_name being the name of the storage engine.\nCurrently, engine_name must be one of the values NDB or NDBCLUSTER.\n\nWhen CREATE TABLESPACE is used with ENGINE = NDB, a tablespace and\nassociated data file are created on each Cluster data node. You can\nverify that the data files were created and obtain information about\nthem by querying the INFORMATION_SCHEMA.FILES table. For example:\n\nmysql> SELECT LOGFILE_GROUP_NAME, FILE_NAME, EXTRA\n    -> FROM INFORMATION_SCHEMA.FILES\n    -> WHERE TABLESPACE_NAME = \'newts\' AND FILE_TYPE = \'DATAFILE\';\n+--------------------+-------------+----------------+\n| LOGFILE_GROUP_NAME | FILE_NAME   | EXTRA          |\n+--------------------+-------------+----------------+\n| lg_3               | newdata.dat | CLUSTER_NODE=3 |\n| lg_3               | newdata.dat | CLUSTER_NODE=4 |\n+--------------------+-------------+----------------+\n2 rows in set (0.01 sec)\n\n(See http://dev.mysql.com/doc/refman/5.5/en/files-table.html.)\n\nCREATE TABLESPACE is useful only with Disk Data storage for MySQL\nCluster. See\nhttp://dev.mysql.com/doc/refman/5.5/en/mysql-cluster-disk-data.html.\n\nURL: http://dev.mysql.com/doc/refman/5.5/en/create-tablespace.html\n\n','','http://dev.mysql.com/doc/refman/5.5/en/create-tablespace.html'),(196,'INSERT FUNCTION',38,'Syntax:\nINSERT(str,pos,len,newstr)\n\nReturns the string str, with the substring beginning at position pos\nand len characters long replaced by the string newstr. Returns the\noriginal string if pos is not within the length of the string. Replaces\nthe rest of the string from position pos if len is not within the\nlength of the rest of the string. Returns NULL if any argument is NULL.\n\nURL: http://dev.mysql.com/doc/refman/5.5/en/string-functions.html\n\n','mysql> SELECT INSERT(\'Quadratic\', 3, 4, \'What\');\n        -> \'QuWhattic\'\nmysql> SELECT INSERT(\'Quadratic\', -1, 4, \'What\');\n        -> \'Quadratic\'\nmysql> SELECT INSERT(\'Quadratic\', 3, 100, \'What\');\n        -> \'QuWhat\'\n','http://dev.mysql.com/doc/refman/5.5/en/string-functions.html'),(197,'CRC32',3,'Syntax:\nCRC32(expr)\n\nComputes a cyclic redundancy check value and returns a 32-bit unsigned\nvalue. The result is NULL if the argument is NULL. The argument is\nexpected to be a string and (if possible) is treated as one if it is\nnot.\n\nURL: http://dev.mysql.com/doc/refman/5.5/en/mathematical-functions.html\n\n','mysql> SELECT CRC32(\'MySQL\');\n        -> 3259397556\nmysql> SELECT CRC32(\'mysql\');\n        -> 2501908538\n','http://dev.mysql.com/doc/refman/5.5/en/mathematical-functions.html'),(198,'XOR',15,'Syntax:\nXOR\n\nLogical XOR. Returns NULL if either operand is NULL. For non-NULL\noperands, evaluates to 1 if an odd number of operands is nonzero,\notherwise 0 is returned.\n\nURL: http://dev.mysql.com/doc/refman/5.5/en/logical-operators.html\n\n','mysql> SELECT 1 XOR 1;\n        -> 0\nmysql> SELECT 1 XOR 0;\n        -> 1\nmysql> SELECT 1 XOR NULL;\n        -> NULL\nmysql> SELECT 1 XOR 1 XOR 1;\n        -> 1\n','http://dev.mysql.com/doc/refman/5.5/en/logical-operators.html'),(199,'STARTPOINT',13,'StartPoint(ls)\n\nReturns the Point that is the start point of the LineString value ls.\n\nURL: http://dev.mysql.com/doc/refman/5.5/en/gis-linestring-property-functions.html\n\n','mysql> SET @ls = \'LineString(1 1,2 2,3 3)\';\nmysql> SELECT AsText(StartPoint(GeomFromText(@ls)));\n+---------------------------------------+\n| AsText(StartPoint(GeomFromText(@ls))) |\n+---------------------------------------+\n| POINT(1 1)                            |\n+---------------------------------------+\n','http://dev.mysql.com/doc/refman/5.5/en/gis-linestring-property-functions.html'),(200,'GRANT',10,'Syntax:\nGRANT\n    priv_type [(column_list)]\n      [, priv_type [(column_list)]] ...\n    ON [object_type] priv_level\n    TO user_specification [, user_specification] ...\n    [REQUIRE {NONE | ssl_option [[AND] ssl_option] ...}]\n    [WITH with_option ...]\n\nGRANT PROXY ON user_specification\n    TO user_specification [, user_specification] ...\n    [WITH GRANT OPTION]\n\nobject_type:\n    TABLE\n  | FUNCTION\n  | PROCEDURE\n\npriv_level:\n    *\n  | *.*\n  | db_name.*\n  | db_name.tbl_name\n  | tbl_name\n  | db_name.routine_name\n\nuser_specification:\n    user\n    [\n      | IDENTIFIED WITH auth_plugin [AS \'auth_string\']\n        IDENTIFIED BY [PASSWORD] \'password\'\n    ]\n\nssl_option:\n    SSL\n  | X509\n  | CIPHER \'cipher\'\n  | ISSUER \'issuer\'\n  | SUBJECT \'subject\'\n\nwith_option:\n    GRANT OPTION\n  | MAX_QUERIES_PER_HOUR count\n  | MAX_UPDATES_PER_HOUR count\n  | MAX_CONNECTIONS_PER_HOUR count\n  | MAX_USER_CONNECTIONS count\n\nThe GRANT statement grants privileges to MySQL user accounts. GRANT\nalso serves to specify other account characteristics such as use of\nsecure connections and limits on access to server resources. To use\nGRANT, you must have the GRANT OPTION privilege, and you must have the\nprivileges that you are granting.\n\nNormally, a database administrator first uses CREATE USER to create an\naccount, then GRANT to define its privileges and characteristics. For\nexample:\n\nCREATE USER \'jeffrey\'@\'localhost\' IDENTIFIED BY \'mypass\';\nGRANT ALL ON db1.* TO \'jeffrey\'@\'localhost\';\nGRANT SELECT ON db2.invoice TO \'jeffrey\'@\'localhost\';\nGRANT USAGE ON *.* TO \'jeffrey\'@\'localhost\' WITH MAX_QUERIES_PER_HOUR 90;\n\nHowever, if an account named in a GRANT statement does not already\nexist, GRANT may create it under the conditions described later in the\ndiscussion of the NO_AUTO_CREATE_USER SQL mode.\n\nThe REVOKE statement is related to GRANT and enables administrators to\nremove account privileges. See [HELP REVOKE].\n\nWhen successfully executed from the mysql program, GRANT responds with\nQuery OK, 0 rows affected. To determine what privileges result from the\noperation, use SHOW GRANTS. See [HELP SHOW GRANTS].\n\nURL: http://dev.mysql.com/doc/refman/5.5/en/grant.html\n\n','','http://dev.mysql.com/doc/refman/5.5/en/grant.html'),(201,'DECLARE VARIABLE',24,'Syntax:\nDECLARE var_name [, var_name] ... type [DEFAULT value]\n\nThis statement declares local variables within stored programs. To\nprovide a default value for a variable, include a DEFAULT clause. The\nvalue can be specified as an expression; it need not be a constant. If\nthe DEFAULT clause is missing, the initial value is NULL.\n\nLocal variables are treated like stored routine parameters with respect\nto data type and overflow checking. See [HELP CREATE PROCEDURE].\n\nVariable declarations must appear before cursor or handler\ndeclarations.\n\nLocal variable names are not case sensitive. Permissible characters and\nquoting rules are the same as for other identifiers, as described in\nhttp://dev.mysql.com/doc/refman/5.5/en/identifiers.html.\n\nThe scope of a local variable is the BEGIN ... END block within which\nit is declared. The variable can be referred to in blocks nested within\nthe declaring block, except those blocks that declare a variable with\nthe same name.\n\nURL: http://dev.mysql.com/doc/refman/5.5/en/declare-local-variable.html\n\n','','http://dev.mysql.com/doc/refman/5.5/en/declare-local-variable.html'),(202,'MPOLYFROMTEXT',4,'MPolyFromText(wkt[,srid]), MultiPolygonFromText(wkt[,srid])\n\nConstructs a MultiPolygon value using its WKT representation and SRID.\n\nURL: http://dev.mysql.com/doc/refman/5.5/en/gis-wkt-functions.html\n\n','','http://dev.mysql.com/doc/refman/5.5/en/gis-wkt-functions.html'),(203,'BIT_OR',16,'Syntax:\nBIT_OR(expr)\n\nReturns the bitwise OR of all bits in expr. The calculation is\nperformed with 64-bit (BIGINT) precision.\n\nURL: http://dev.mysql.com/doc/refman/5.5/en/group-by-functions.html\n\n','','http://dev.mysql.com/doc/refman/5.5/en/group-by-functions.html'),(204,'MBRINTERSECTS',7,'MBRIntersects(g1,g2)\n\nReturns 1 or 0 to indicate whether the minimum bounding rectangles of\nthe two geometries g1 and g2 intersect.\n\nURL: http://dev.mysql.com/doc/refman/5.5/en/spatial-relation-functions-mysql-specific.html\n\n','','http://dev.mysql.com/doc/refman/5.5/en/spatial-relation-functions-mysql-specific.html'),(205,'YEARWEEK',32,'Syntax:\nYEARWEEK(date), YEARWEEK(date,mode)\n\nReturns year and week for a date. The mode argument works exactly like\nthe mode argument to WEEK(). The year in the result may be different\nfrom the year in the date argument for the first and the last week of\nthe year.\n\nURL: http://dev.mysql.com/doc/refman/5.5/en/date-and-time-functions.html\n\n','mysql> SELECT YEARWEEK(\'1987-01-01\');\n        -> 198653\n','http://dev.mysql.com/doc/refman/5.5/en/date-and-time-functions.html'),(206,'NOT BETWEEN',20,'Syntax:\nexpr NOT BETWEEN min AND max\n\nThis is the same as NOT (expr BETWEEN min AND max).\n\nURL: http://dev.mysql.com/doc/refman/5.5/en/comparison-operators.html\n\n','','http://dev.mysql.com/doc/refman/5.5/en/comparison-operators.html'),(207,'IS NOT',20,'Syntax:\nIS NOT boolean_value\n\nTests a value against a boolean value, where boolean_value can be TRUE,\nFALSE, or UNKNOWN.\n\nURL: http://dev.mysql.com/doc/refman/5.5/en/comparison-operators.html\n\n','mysql> SELECT 1 IS NOT UNKNOWN, 0 IS NOT UNKNOWN, NULL IS NOT UNKNOWN;\n        -> 1, 1, 0\n','http://dev.mysql.com/doc/refman/5.5/en/comparison-operators.html'),(208,'LOG10',3,'Syntax:\nLOG10(X)\n\nReturns the base-10 logarithm of X.\n\nURL: http://dev.mysql.com/doc/refman/5.5/en/mathematical-functions.html\n\n','mysql> SELECT LOG10(2);\n        -> 0.30102999566398\nmysql> SELECT LOG10(100);\n        -> 2\nmysql> SELECT LOG10(-100);\n        -> NULL\n','http://dev.mysql.com/doc/refman/5.5/en/mathematical-functions.html'),(209,'SQRT',3,'Syntax:\nSQRT(X)\n\nReturns the square root of a nonnegative number X.\n\nURL: http://dev.mysql.com/doc/refman/5.5/en/mathematical-functions.html\n\n','mysql> SELECT SQRT(4);\n        -> 2\nmysql> SELECT SQRT(20);\n        -> 4.4721359549996\nmysql> SELECT SQRT(-16);\n        -> NULL\n','http://dev.mysql.com/doc/refman/5.5/en/mathematical-functions.html'),(210,'DECIMAL',23,'DECIMAL[(M[,D])] [UNSIGNED] [ZEROFILL]\n\nA packed \"exact\" fixed-point number. M is the total number of digits\n(the precision) and D is the number of digits after the decimal point\n(the scale). The decimal point and (for negative numbers) the \"-\" sign\nare not counted in M. If D is 0, values have no decimal point or\nfractional part. The maximum number of digits (M) for DECIMAL is 65.\nThe maximum number of supported decimals (D) is 30. If D is omitted,\nthe default is 0. If M is omitted, the default is 10.\n\nUNSIGNED, if specified, disallows negative values.\n\nAll basic calculations (+, -, *, /) with DECIMAL columns are done with\na precision of 65 digits.\n\nURL: http://dev.mysql.com/doc/refman/5.5/en/numeric-type-overview.html\n\n','','http://dev.mysql.com/doc/refman/5.5/en/numeric-type-overview.html'),(211,'CREATE INDEX',40,'Syntax:\nCREATE [ONLINE|OFFLINE] [UNIQUE|FULLTEXT|SPATIAL] INDEX index_name\n    [index_type]\n    ON tbl_name (index_col_name,...)\n    [index_option] ...\n\nindex_col_name:\n    col_name [(length)] [ASC | DESC]\n\nindex_type:\n    USING {BTREE | HASH}\n\nindex_option:\n    KEY_BLOCK_SIZE [=] value\n  | index_type\n  | WITH PARSER parser_name\n  | COMMENT \'string\'\n\nCREATE INDEX is mapped to an ALTER TABLE statement to create indexes.\nSee [HELP ALTER TABLE]. CREATE INDEX cannot be used to create a PRIMARY\nKEY; use ALTER TABLE instead. For more information about indexes, see\nhttp://dev.mysql.com/doc/refman/5.5/en/mysql-indexes.html.\n\nURL: http://dev.mysql.com/doc/refman/5.5/en/create-index.html\n\n','','http://dev.mysql.com/doc/refman/5.5/en/create-index.html'),(212,'CREATE FUNCTION',40,'The CREATE FUNCTION statement is used to create stored functions and\nuser-defined functions (UDFs):\n\no For information about creating stored functions, see [HELP CREATE\n  PROCEDURE].\n\no For information about creating user-defined functions, see [HELP\n  CREATE FUNCTION UDF].\n\nURL: http://dev.mysql.com/doc/refman/5.5/en/create-function.html\n\n','','http://dev.mysql.com/doc/refman/5.5/en/create-function.html'),(213,'ALTER DATABASE',40,'Syntax:\nALTER {DATABASE | SCHEMA} [db_name]\n    alter_specification ...\nALTER {DATABASE | SCHEMA} db_name\n    UPGRADE DATA DIRECTORY NAME\n\nalter_specification:\n    [DEFAULT] CHARACTER SET [=] charset_name\n  | [DEFAULT] COLLATE [=] collation_name\n\nALTER DATABASE enables you to change the overall characteristics of a\ndatabase. These characteristics are stored in the db.opt file in the\ndatabase directory. To use ALTER DATABASE, you need the ALTER privilege\non the database. ALTER SCHEMA is a synonym for ALTER DATABASE.\n\nThe database name can be omitted from the first syntax, in which case\nthe statement applies to the default database.\n\nNational Language Characteristics\n\nThe CHARACTER SET clause changes the default database character set.\nThe COLLATE clause changes the default database collation.\nhttp://dev.mysql.com/doc/refman/5.5/en/charset.html, discusses\ncharacter set and collation names.\n\nYou can see what character sets and collations are available using,\nrespectively, the SHOW CHARACTER SET and SHOW COLLATION statements. See\n[HELP SHOW CHARACTER SET], and [HELP SHOW COLLATION], for more\ninformation.\n\nIf you change the default character set or collation for a database,\nstored routines that use the database defaults must be dropped and\nrecreated so that they use the new defaults. (In a stored routine,\nvariables with character data types use the database defaults if the\ncharacter set or collation are not specified explicitly. See [HELP\nCREATE PROCEDURE].)\n\nUpgrading from Versions Older than MySQL 5.1\n\nThe syntax that includes the UPGRADE DATA DIRECTORY NAME clause updates\nthe name of the directory associated with the database to use the\nencoding implemented in MySQL 5.1 for mapping database names to\ndatabase directory names (see\nhttp://dev.mysql.com/doc/refman/5.5/en/identifier-mapping.html). This\nclause is for use under these conditions:\n\no It is intended when upgrading MySQL to 5.1 or later from older\n  versions.\n\no It is intended to update a database directory name to the current\n  encoding format if the name contains special characters that need\n  encoding.\n\no The statement is used by mysqlcheck (as invoked by mysql_upgrade).\n\nFor example, if a database in MySQL 5.0 has the name a-b-c, the name\ncontains instances of the - (dash) character. In MySQL 5.0, the\ndatabase directory is also named a-b-c, which is not necessarily safe\nfor all file systems. In MySQL 5.1 and later, the same database name is\nencoded as a@002db@002dc to produce a file system-neutral directory\nname.\n\nWhen a MySQL installation is upgraded to MySQL 5.1 or later from an\nolder version,the server displays a name such as a-b-c (which is in the\nold format) as #mysql50#a-b-c, and you must refer to the name using the\n#mysql50# prefix. Use UPGRADE DATA DIRECTORY NAME in this case to\nexplicitly tell the server to re-encode the database directory name to\nthe current encoding format:\n\nALTER DATABASE `#mysql50#a-b-c` UPGRADE DATA DIRECTORY NAME;\n\nAfter executing this statement, you can refer to the database as a-b-c\nwithout the special #mysql50# prefix.\n\nURL: http://dev.mysql.com/doc/refman/5.5/en/alter-database.html\n\n','','http://dev.mysql.com/doc/refman/5.5/en/alter-database.html'),(214,'GEOMETRYN',26,'GeometryN(gc,N)\n\nReturns the N-th geometry in the GeometryCollection value gc.\nGeometries are numbered beginning with 1.\n\nURL: http://dev.mysql.com/doc/refman/5.5/en/gis-geometrycollection-property-functions.html\n\n','mysql> SET @gc = \'GeometryCollection(Point(1 1),LineString(2 2, 3 3))\';\nmysql> SELECT AsText(GeometryN(GeomFromText(@gc),1));\n+----------------------------------------+\n| AsText(GeometryN(GeomFromText(@gc),1)) |\n+----------------------------------------+\n| POINT(1 1)                             |\n+----------------------------------------+\n','http://dev.mysql.com/doc/refman/5.5/en/gis-geometrycollection-property-functions.html'),(215,'<<',19,'Syntax:\n<<\n\nShifts a longlong (BIGINT) number to the left.\n\nURL: http://dev.mysql.com/doc/refman/5.5/en/bit-functions.html\n\n','mysql> SELECT 1 << 2;\n        -> 4\n','http://dev.mysql.com/doc/refman/5.5/en/bit-functions.html'),(216,'SHOW TABLE STATUS',27,'Syntax:\nSHOW TABLE STATUS [{FROM | IN} db_name]\n    [LIKE \'pattern\' | WHERE expr]\n\nSHOW TABLE STATUS works likes SHOW TABLES, but provides a lot of\ninformation about each non-TEMPORARY table. You can also get this list\nusing the mysqlshow --status db_name command. The LIKE clause, if\npresent, indicates which table names to match. The WHERE clause can be\ngiven to select rows using more general conditions, as discussed in\nhttp://dev.mysql.com/doc/refman/5.5/en/extended-show.html.\n\nURL: http://dev.mysql.com/doc/refman/5.5/en/show-table-status.html\n\n','','http://dev.mysql.com/doc/refman/5.5/en/show-table-status.html'),(217,'MD5',12,'Syntax:\nMD5(str)\n\nCalculates an MD5 128-bit checksum for the string. The value is\nreturned as a string of 32 hex digits, or NULL if the argument was\nNULL. The return value can, for example, be used as a hash key. See the\nnotes at the beginning of this section about storing hash values\nefficiently.\n\nAs of MySQL 5.5.3, the return value is a nonbinary string in the\nconnection character set. Before 5.5.3, the return value is a binary\nstring; see the notes at the beginning of this section about using the\nvalue as a nonbinary string.\n\nURL: http://dev.mysql.com/doc/refman/5.5/en/encryption-functions.html\n\n','mysql> SELECT MD5(\'testing\');\n        -> \'ae2b1fca515949e5d54fb22b8ed95575\'\n','http://dev.mysql.com/doc/refman/5.5/en/encryption-functions.html'),(218,'<',20,'Syntax:\n<\n\nLess than:\n\nURL: http://dev.mysql.com/doc/refman/5.5/en/comparison-operators.html\n\n','mysql> SELECT 2 < 2;\n        -> 0\n','http://dev.mysql.com/doc/refman/5.5/en/comparison-operators.html'),(219,'UNIX_TIMESTAMP',32,'Syntax:\nUNIX_TIMESTAMP(), UNIX_TIMESTAMP(date)\n\nIf called with no argument, returns a Unix timestamp (seconds since\n\'1970-01-01 00:00:00\' UTC) as an unsigned integer. If UNIX_TIMESTAMP()\nis called with a date argument, it returns the value of the argument as\nseconds since \'1970-01-01 00:00:00\' UTC. date may be a DATE string, a\nDATETIME string, a TIMESTAMP, or a number in the format YYMMDD or\nYYYYMMDD. The server interprets date as a value in the current time\nzone and converts it to an internal value in UTC. Clients can set their\ntime zone as described in\nhttp://dev.mysql.com/doc/refman/5.5/en/time-zone-support.html.\n\nURL: http://dev.mysql.com/doc/refman/5.5/en/date-and-time-functions.html\n\n','mysql> SELECT UNIX_TIMESTAMP();\n        -> 1196440210\nmysql> SELECT UNIX_TIMESTAMP(\'2007-11-30 10:30:19\');\n        -> 1196440219\n','http://dev.mysql.com/doc/refman/5.5/en/date-and-time-functions.html'),(220,'DAYOFMONTH',32,'Syntax:\nDAYOFMONTH(date)\n\nReturns the day of the month for date, in the range 1 to 31, or 0 for\ndates such as \'0000-00-00\' or \'2008-00-00\' that have a zero day part.\n\nURL: http://dev.mysql.com/doc/refman/5.5/en/date-and-time-functions.html\n\n','mysql> SELECT DAYOFMONTH(\'2007-02-03\');\n        -> 3\n','http://dev.mysql.com/doc/refman/5.5/en/date-and-time-functions.html'),(221,'ASCII',38,'Syntax:\nASCII(str)\n\nReturns the numeric value of the leftmost character of the string str.\nReturns 0 if str is the empty string. Returns NULL if str is NULL.\nASCII() works for 8-bit characters.\n\nURL: http://dev.mysql.com/doc/refman/5.5/en/string-functions.html\n\n','mysql> SELECT ASCII(\'2\');\n        -> 50\nmysql> SELECT ASCII(2);\n        -> 50\nmysql> SELECT ASCII(\'dx\');\n        -> 100\n','http://dev.mysql.com/doc/refman/5.5/en/string-functions.html'),(222,'DIV',3,'Syntax:\nDIV\n\nInteger division. Similar to FLOOR(), but is safe with BIGINT values.\n\nAs of MySQL 5.5.3, if either operand has a noninteger type, the\noperands are converted to DECIMAL and divided using DECIMAL arithmetic\nbefore converting the result to BIGINT. If the result exceeds BIGINT\nrange, an error occurs. Before MySQL 5.5.3, incorrect results may occur\nfor noninteger operands that exceed BIGINT range.\n\nURL: http://dev.mysql.com/doc/refman/5.5/en/arithmetic-functions.html\n\n','mysql> SELECT 5 DIV 2;\n        -> 2\n','http://dev.mysql.com/doc/refman/5.5/en/arithmetic-functions.html'),(223,'RENAME USER',10,'Syntax:\nRENAME USER old_user TO new_user\n    [, old_user TO new_user] ...\n\nThe RENAME USER statement renames existing MySQL accounts. An error\noccurs for old accounts that do not exist or new accounts that already\nexist. To use this statement, you must have the global CREATE USER\nprivilege or the UPDATE privilege for the mysql database.\n\nEach account name uses the format described in\nhttp://dev.mysql.com/doc/refman/5.5/en/account-names.html. For example:\n\nRENAME USER \'jeffrey\'@\'localhost\' TO \'jeff\'@\'127.0.0.1\';\n\nIf you specify only the user name part of the account name, a host name\npart of \'%\' is used.\n\nRENAME USER causes the privileges held by the old user to be those held\nby the new user. However, RENAME USER does not automatically drop or\ninvalidate databases or objects within them that the old user created.\nThis includes stored programs or views for which the DEFINER attribute\nnames the old user. Attempts to access such objects may produce an\nerror if they execute in definer security context. (For information\nabout security context, see\nhttp://dev.mysql.com/doc/refman/5.5/en/stored-programs-security.html.)\n\nThe privilege changes take effect as indicated in\nhttp://dev.mysql.com/doc/refman/5.5/en/privilege-changes.html.\n\nURL: http://dev.mysql.com/doc/refman/5.5/en/rename-user.html\n\n','','http://dev.mysql.com/doc/refman/5.5/en/rename-user.html'),(224,'SHOW SLAVE STATUS',27,'Syntax:\nSHOW SLAVE STATUS\n\nThis statement provides status information on essential parameters of\nthe slave threads. It requires either the SUPER or REPLICATION CLIENT\nprivilege.\n\nIf you issue this statement using the mysql client, you can use a \\G\nstatement terminator rather than a semicolon to obtain a more readable\nvertical layout:\n\nmysql> SHOW SLAVE STATUS\\G\n*************************** 1. row ***************************\n               Slave_IO_State: Waiting for master to send event\n                  Master_Host: localhost\n                  Master_User: root\n                  Master_Port: 3306\n                Connect_Retry: 3\n              Master_Log_File: gbichot-bin.005\n          Read_Master_Log_Pos: 79\n               Relay_Log_File: gbichot-relay-bin.005\n                Relay_Log_Pos: 548\n        Relay_Master_Log_File: gbichot-bin.005\n             Slave_IO_Running: Yes\n            Slave_SQL_Running: Yes\n              Replicate_Do_DB:\n          Replicate_Ignore_DB:\n           Replicate_Do_Table:\n       Replicate_Ignore_Table:\n      Replicate_Wild_Do_Table:\n  Replicate_Wild_Ignore_Table:\n                   Last_Errno: 0\n                   Last_Error:\n                 Skip_Counter: 0\n          Exec_Master_Log_Pos: 79\n              Relay_Log_Space: 552\n              Until_Condition: None\n               Until_Log_File:\n                Until_Log_Pos: 0\n           Master_SSL_Allowed: No\n           Master_SSL_CA_File:\n           Master_SSL_CA_Path:\n              Master_SSL_Cert:\n            Master_SSL_Cipher:\n               Master_SSL_Key:\n        Seconds_Behind_Master: 8\nMaster_SSL_Verify_Server_Cert: No\n                Last_IO_Errno: 0\n                Last_IO_Error:\n               Last_SQL_Errno: 0\n               Last_SQL_Error:\n  Replicate_Ignore_Server_Ids: 0\n             Master_Server_Id: 1\n\nURL: http://dev.mysql.com/doc/refman/5.5/en/show-slave-status.html\n\n','','http://dev.mysql.com/doc/refman/5.5/en/show-slave-status.html'),(225,'GEOMETRY',35,'MySQL provides a standard way of creating spatial columns for geometry\ntypes, for example, with CREATE TABLE or ALTER TABLE. Spatial columns\nare supported for MyISAM, InnoDB, NDB, and ARCHIVE tables. See also the\nnotes about spatial indexes under [HELP SPATIAL].\n\nURL: http://dev.mysql.com/doc/refman/5.5/en/creating-spatial-columns.html\n\n','CREATE TABLE geom (g GEOMETRY);\n','http://dev.mysql.com/doc/refman/5.5/en/creating-spatial-columns.html'),(226,'NUMPOINTS',13,'NumPoints(ls)\n\nReturns the number of Point objects in the LineString value ls.\n\nURL: http://dev.mysql.com/doc/refman/5.5/en/gis-linestring-property-functions.html\n\n','mysql> SET @ls = \'LineString(1 1,2 2,3 3)\';\nmysql> SELECT NumPoints(GeomFromText(@ls));\n+------------------------------+\n| NumPoints(GeomFromText(@ls)) |\n+------------------------------+\n|                            3 |\n+------------------------------+\n','http://dev.mysql.com/doc/refman/5.5/en/gis-linestring-property-functions.html'),(227,'ALTER LOGFILE GROUP',40,'Syntax:\nALTER LOGFILE GROUP logfile_group\n    ADD UNDOFILE \'file_name\'\n    [INITIAL_SIZE [=] size]\n    [WAIT]\n    ENGINE [=] engine_name\n\nThis statement adds an UNDO file named \'file_name\' to an existing log\nfile group logfile_group. An ALTER LOGFILE GROUP statement has one and\nonly one ADD UNDOFILE clause. No DROP UNDOFILE clause is currently\nsupported.\n\n*Note*: All MySQL Cluster Disk Data objects share the same namespace.\nThis means that each Disk Data object must be uniquely named (and not\nmerely each Disk Data object of a given type). For example, you cannot\nhave a tablespace and an undo log file with the same name, or an undo\nlog file and a data file with the same name.\n\nThe optional INITIAL_SIZE parameter sets the UNDO file\'s initial size\nin bytes; if not specified, the initial size defaults to 134217728 (128\nMB). Prior to MySQL Cluster NDB 7.2.14, this value was required to be\nspecified using digits (Bug #13116514, Bug #16104705, Bug #62858); in\nMySQL Cluster NDB 7.2.14 and later, you may optionally follow size with\na one-letter abbreviation for an order of magnitude, similar to those\nused in my.cnf. Generally, this is one of the letters M (megabytes) or\nG (gigabytes).\n\nOn 32-bit systems, the maximum supported value for INITIAL_SIZE is\n4294967296 (4 GB). (Bug #29186)\n\nThe minimum allowed value for INITIAL_SIZE is 1048576 (1 MB). (Bug\n#29574)\n\n*Note*: WAIT is parsed but otherwise ignored. This keyword currently\nhas no effect, and is intended for future expansion.\n\nThe ENGINE parameter (required) determines the storage engine which is\nused by this log file group, with engine_name being the name of the\nstorage engine. Currently, the only accepted values for engine_name are\n\"NDBCLUSTER\" and \"NDB\". The two values are equivalent.\n\nURL: http://dev.mysql.com/doc/refman/5.5/en/alter-logfile-group.html\n\n','','http://dev.mysql.com/doc/refman/5.5/en/alter-logfile-group.html'),(228,'&',19,'Syntax:\n&\n\nBitwise AND:\n\nURL: http://dev.mysql.com/doc/refman/5.5/en/bit-functions.html\n\n','mysql> SELECT 29 & 15;\n        -> 13\n','http://dev.mysql.com/doc/refman/5.5/en/bit-functions.html'),(229,'LOCALTIMESTAMP',32,'Syntax:\nLOCALTIMESTAMP, LOCALTIMESTAMP()\n\nLOCALTIMESTAMP and LOCALTIMESTAMP() are synonyms for NOW().\n\nURL: http://dev.mysql.com/doc/refman/5.5/en/date-and-time-functions.html\n\n','','http://dev.mysql.com/doc/refman/5.5/en/date-and-time-functions.html'),(230,'ASSIGN-EQUAL',15,'Syntax:\n=\n\nThis operator is used to perform value assignments in two cases,\ndescribed in the next two paragraphs.\n\nWithin a SET statement, = is treated as an assignment operator that\ncauses the user variable on the left hand side of the operator to take\non the value to its right. (In other words, when used in a SET\nstatement, = is treated identically to :=.) The value on the right hand\nside may be a literal value, another variable storing a value, or any\nlegal expression that yields a scalar value, including the result of a\nquery (provided that this value is a scalar value). You can perform\nmultiple assignments in the same SET statement.\n\nIn the SET clause of an UPDATE statement, = also acts as an assignment\noperator; in this case, however, it causes the column named on the left\nhand side of the operator to assume the value given to the right,\nprovided any WHERE conditions that are part of the UPDATE are met. You\ncan make multiple assignments in the same SET clause of an UPDATE\nstatement.\n\nIn any other context, = is treated as a comparison operator.\n\nURL: http://dev.mysql.com/doc/refman/5.5/en/assignment-operators.html\n\n','mysql> SELECT @var1, @var2;\n        -> NULL, NULL\nmysql> SELECT @var1 := 1, @var2;\n        -> 1, NULL\nmysql> SELECT @var1, @var2;\n        -> 1, NULL\nmysql> SELECT @var1, @var2 := @var1;\n        -> 1, 1\nmysql> SELECT @var1, @var2;\n        -> 1, 1\n','http://dev.mysql.com/doc/refman/5.5/en/assignment-operators.html'),(231,'CONVERT',38,'Syntax:\nCONVERT(expr,type), CONVERT(expr USING transcoding_name)\n\nThe CONVERT() and CAST() functions take an expression of any type and\nproduce a result value of a specified type.\n\nThe type for the result can be one of the following values:\n\no BINARY[(N)]\n\no CHAR[(N)]\n\no DATE\n\no DATETIME\n\no DECIMAL[(M[,D])]\n\no SIGNED [INTEGER]\n\no TIME\n\no UNSIGNED [INTEGER]\n\nBINARY produces a string with the BINARY data type. See\nhttp://dev.mysql.com/doc/refman/5.5/en/binary-varbinary.html for a\ndescription of how this affects comparisons. If the optional length N\nis given, BINARY(N) causes the cast to use no more than N bytes of the\nargument. Values shorter than N bytes are padded with 0x00 bytes to a\nlength of N.\n\nCHAR(N) causes the cast to use no more than N characters of the\nargument.\n\nCAST() and CONVERT(... USING ...) are standard SQL syntax. The\nnon-USING form of CONVERT() is ODBC syntax.\n\nCONVERT() with USING is used to convert data between different\ncharacter sets. In MySQL, transcoding names are the same as the\ncorresponding character set names. For example, this statement converts\nthe string \'abc\' in the default character set to the corresponding\nstring in the utf8 character set:\n\nSELECT CONVERT(\'abc\' USING utf8);\n\nURL: http://dev.mysql.com/doc/refman/5.5/en/cast-functions.html\n\n','SELECT enum_col FROM tbl_name ORDER BY CAST(enum_col AS CHAR);\n','http://dev.mysql.com/doc/refman/5.5/en/cast-functions.html'),(232,'DROP LOGFILE GROUP',40,'Syntax:\nDROP LOGFILE GROUP logfile_group\n    ENGINE [=] engine_name\n\nThis statement drops the log file group named logfile_group. The log\nfile group must already exist or an error results. (For information on\ncreating log file groups, see [HELP CREATE LOGFILE GROUP].)\n\n*Important*: Before dropping a log file group, you must drop all\ntablespaces that use that log file group for UNDO logging.\n\nThe required ENGINE clause provides the name of the storage engine used\nby the log file group to be dropped. Currently, the only permitted\nvalues for engine_name are NDB and NDBCLUSTER.\n\nDROP LOGFILE GROUP is useful only with Disk Data storage for MySQL\nCluster. See\nhttp://dev.mysql.com/doc/refman/5.5/en/mysql-cluster-disk-data.html.\n\nURL: http://dev.mysql.com/doc/refman/5.5/en/drop-logfile-group.html\n\n','','http://dev.mysql.com/doc/refman/5.5/en/drop-logfile-group.html'),(233,'ADDDATE',32,'Syntax:\nADDDATE(date,INTERVAL expr unit), ADDDATE(expr,days)\n\nWhen invoked with the INTERVAL form of the second argument, ADDDATE()\nis a synonym for DATE_ADD(). The related function SUBDATE() is a\nsynonym for DATE_SUB(). For information on the INTERVAL unit argument,\nsee the discussion for DATE_ADD().\n\nmysql> SELECT DATE_ADD(\'2008-01-02\', INTERVAL 31 DAY);\n        -> \'2008-02-02\'\nmysql> SELECT ADDDATE(\'2008-01-02\', INTERVAL 31 DAY);\n        -> \'2008-02-02\'\n\nWhen invoked with the days form of the second argument, MySQL treats it\nas an integer number of days to be added to expr.\n\nURL: http://dev.mysql.com/doc/refman/5.5/en/date-and-time-functions.html\n\n','mysql> SELECT ADDDATE(\'2008-01-02\', 31);\n        -> \'2008-02-02\'\n','http://dev.mysql.com/doc/refman/5.5/en/date-and-time-functions.html'),(234,'REPEAT LOOP',24,'Syntax:\n[begin_label:] REPEAT\n    statement_list\nUNTIL search_condition\nEND REPEAT [end_label]\n\nThe statement list within a REPEAT statement is repeated until the\nsearch_condition expression is true. Thus, a REPEAT always enters the\nloop at least once. statement_list consists of one or more statements,\neach terminated by a semicolon (;) statement delimiter.\n\nA REPEAT statement can be labeled. For the rules regarding label use,\nsee [HELP labels].\n\nURL: http://dev.mysql.com/doc/refman/5.5/en/repeat.html\n\n','mysql> delimiter //\n\nmysql> CREATE PROCEDURE dorepeat(p1 INT)\n    -> BEGIN\n    ->   SET @x = 0;\n    ->   REPEAT\n    ->     SET @x = @x + 1;\n    ->   UNTIL @x > p1 END REPEAT;\n    -> END\n    -> //\nQuery OK, 0 rows affected (0.00 sec)\n\nmysql> CALL dorepeat(1000)//\nQuery OK, 0 rows affected (0.00 sec)\n\nmysql> SELECT @x//\n+------+\n| @x   |\n+------+\n| 1001 |\n+------+\n1 row in set (0.00 sec)\n','http://dev.mysql.com/doc/refman/5.5/en/repeat.html'),(235,'ALTER FUNCTION',40,'Syntax:\nALTER FUNCTION func_name [characteristic ...]\n\ncharacteristic:\n    COMMENT \'string\'\n  | LANGUAGE SQL\n  | { CONTAINS SQL | NO SQL | READS SQL DATA | MODIFIES SQL DATA }\n  | SQL SECURITY { DEFINER | INVOKER }\n\nThis statement can be used to change the characteristics of a stored\nfunction. More than one change may be specified in an ALTER FUNCTION\nstatement. However, you cannot change the parameters or body of a\nstored function using this statement; to make such changes, you must\ndrop and re-create the function using DROP FUNCTION and CREATE\nFUNCTION.\n\nYou must have the ALTER ROUTINE privilege for the function. (That\nprivilege is granted automatically to the function creator.) If binary\nlogging is enabled, the ALTER FUNCTION statement might also require the\nSUPER privilege, as described in\nhttp://dev.mysql.com/doc/refman/5.5/en/stored-programs-logging.html.\n\nURL: http://dev.mysql.com/doc/refman/5.5/en/alter-function.html\n\n','','http://dev.mysql.com/doc/refman/5.5/en/alter-function.html'),(236,'SMALLINT',23,'SMALLINT[(M)] [UNSIGNED] [ZEROFILL]\n\nA small integer. The signed range is -32768 to 32767. The unsigned\nrange is 0 to 65535.\n\nURL: http://dev.mysql.com/doc/refman/5.5/en/numeric-type-overview.html\n\n','','http://dev.mysql.com/doc/refman/5.5/en/numeric-type-overview.html'),(237,'DOUBLE PRECISION',23,'DOUBLE PRECISION[(M,D)] [UNSIGNED] [ZEROFILL], REAL[(M,D)] [UNSIGNED]\n[ZEROFILL]\n\nThese types are synonyms for DOUBLE. Exception: If the REAL_AS_FLOAT\nSQL mode is enabled, REAL is a synonym for FLOAT rather than DOUBLE.\n\nURL: http://dev.mysql.com/doc/refman/5.5/en/numeric-type-overview.html\n\n','','http://dev.mysql.com/doc/refman/5.5/en/numeric-type-overview.html'),(238,'ORD',38,'Syntax:\nORD(str)\n\nIf the leftmost character of the string str is a multibyte character,\nreturns the code for that character, calculated from the numeric values\nof its constituent bytes using this formula:\n\n  (1st byte code)\n+ (2nd byte code * 256)\n+ (3rd byte code * 2562) ...\n\nIf the leftmost character is not a multibyte character, ORD() returns\nthe same value as the ASCII() function.\n\nURL: http://dev.mysql.com/doc/refman/5.5/en/string-functions.html\n\n','mysql> SELECT ORD(\'2\');\n        -> 50\n','http://dev.mysql.com/doc/refman/5.5/en/string-functions.html'),(239,'DEALLOCATE PREPARE',8,'Syntax:\n{DEALLOCATE | DROP} PREPARE stmt_name\n\nTo deallocate a prepared statement produced with PREPARE, use a\nDEALLOCATE PREPARE statement that refers to the prepared statement\nname. Attempting to execute a prepared statement after deallocating it\nresults in an error.\n\nURL: http://dev.mysql.com/doc/refman/5.5/en/deallocate-prepare.html\n\n','','http://dev.mysql.com/doc/refman/5.5/en/deallocate-prepare.html'),(240,'IS_FREE_LOCK',14,'Syntax:\nIS_FREE_LOCK(str)\n\nChecks whether the lock named str is free to use (that is, not locked).\nReturns 1 if the lock is free (no one is using the lock), 0 if the lock\nis in use, and NULL if an error occurs (such as an incorrect argument).\n\nURL: http://dev.mysql.com/doc/refman/5.5/en/miscellaneous-functions.html\n\n','','http://dev.mysql.com/doc/refman/5.5/en/miscellaneous-functions.html'),(241,'ENVELOPE',37,'Envelope(g)\n\nReturns the minimum bounding rectangle (MBR) for the geometry value g.\nThe result is returned as a Polygon value that is defined by the corner\npoints of the bounding box:\n\nPOLYGON((MINX MINY, MAXX MINY, MAXX MAXY, MINX MAXY, MINX MINY))\n\nURL: http://dev.mysql.com/doc/refman/5.5/en/gis-general-property-functions.html\n\n','mysql> SELECT AsText(Envelope(GeomFromText(\'LineString(1 1,2 2)\')));\n+-------------------------------------------------------+\n| AsText(Envelope(GeomFromText(\'LineString(1 1,2 2)\'))) |\n+-------------------------------------------------------+\n| POLYGON((1 1,2 1,2 2,1 2,1 1))                        |\n+-------------------------------------------------------+\n','http://dev.mysql.com/doc/refman/5.5/en/gis-general-property-functions.html'),(242,'TOUCHES',31,'Touches(g1,g2)\n\nReturns 1 or 0 to indicate whether g1 spatially touches g2. Two\ngeometries spatially touch if the interiors of the geometries do not\nintersect, but the boundary of one of the geometries intersects either\nthe boundary or the interior of the other.\n\nURL: http://dev.mysql.com/doc/refman/5.5/en/spatial-relation-functions-mbr.html\n\n','','http://dev.mysql.com/doc/refman/5.5/en/spatial-relation-functions-mbr.html'),(243,'INET_ATON',14,'Syntax:\nINET_ATON(expr)\n\nGiven the dotted-quad representation of an IPv4 network address as a\nstring, returns an integer that represents the numeric value of the\naddress in network byte order (big endian). INET_ATON() returns NULL if\nit does not understand its argument.\n\nURL: http://dev.mysql.com/doc/refman/5.5/en/miscellaneous-functions.html\n\n','mysql> SELECT INET_ATON(\'10.0.5.9\');\n        -> 167773449\n','http://dev.mysql.com/doc/refman/5.5/en/miscellaneous-functions.html'),(244,'UNCOMPRESS',12,'Syntax:\nUNCOMPRESS(string_to_uncompress)\n\nUncompresses a string compressed by the COMPRESS() function. If the\nargument is not a compressed value, the result is NULL. This function\nrequires MySQL to have been compiled with a compression library such as\nzlib. Otherwise, the return value is always NULL.\n\nURL: http://dev.mysql.com/doc/refman/5.5/en/encryption-functions.html\n\n','mysql> SELECT UNCOMPRESS(COMPRESS(\'any string\'));\n        -> \'any string\'\nmysql> SELECT UNCOMPRESS(\'any string\');\n        -> NULL\n','http://dev.mysql.com/doc/refman/5.5/en/encryption-functions.html'),(245,'AUTO_INCREMENT',23,'The AUTO_INCREMENT attribute can be used to generate a unique identity\nfor new rows:\n\nURL: http://dev.mysql.com/doc/refman/5.5/en/example-auto-increment.html\n\n','CREATE TABLE animals (\n     id MEDIUMINT NOT NULL AUTO_INCREMENT,\n     name CHAR(30) NOT NULL,\n     PRIMARY KEY (id)\n);\n\nINSERT INTO animals (name) VALUES\n    (\'dog\'),(\'cat\'),(\'penguin\'),\n    (\'lax\'),(\'whale\'),(\'ostrich\');\n\nSELECT * FROM animals;\n','http://dev.mysql.com/doc/refman/5.5/en/example-auto-increment.html'),(246,'ISSIMPLE',37,'IsSimple(g)\n\nIn MySQL 5.5, this function is a placeholder that always returns 0.\n\nThe description of each instantiable geometric class given earlier in\nthe chapter includes the specific conditions that cause an instance of\nthat class to be classified as not simple. (See [HELP Geometry\nhierarchy].)\n\nURL: http://dev.mysql.com/doc/refman/5.5/en/gis-general-property-functions.html\n\n','','http://dev.mysql.com/doc/refman/5.5/en/gis-general-property-functions.html'),(247,'- BINARY',3,'Syntax:\n-\n\nSubtraction:\n\nURL: http://dev.mysql.com/doc/refman/5.5/en/arithmetic-functions.html\n\n','mysql> SELECT 3-5;\n        -> -2\n','http://dev.mysql.com/doc/refman/5.5/en/arithmetic-functions.html'),(248,'GEOMCOLLFROMTEXT',4,'GeomCollFromText(wkt[,srid]), GeometryCollectionFromText(wkt[,srid])\n\nConstructs a GeometryCollection value using its WKT representation and\nSRID.\n\nURL: http://dev.mysql.com/doc/refman/5.5/en/gis-wkt-functions.html\n\n','','http://dev.mysql.com/doc/refman/5.5/en/gis-wkt-functions.html'),(249,'CURRENT_TIME',32,'Syntax:\nCURRENT_TIME, CURRENT_TIME()\n\nCURRENT_TIME and CURRENT_TIME() are synonyms for CURTIME().\n\nURL: http://dev.mysql.com/doc/refman/5.5/en/date-and-time-functions.html\n\n','','http://dev.mysql.com/doc/refman/5.5/en/date-and-time-functions.html'),(250,'WKT DEFINITION',4,'The Well-Known Text (WKT) representation of geometry values is designed\nfor exchanging geometry data in ASCII form. The OpenGIS specification\nprovides a Backus-Naur grammar that specifies the formal production\nrules for writing WKT values (see\nhttp://dev.mysql.com/doc/refman/5.5/en/spatial-extensions.html).\n\nURL: http://dev.mysql.com/doc/refman/5.5/en/gis-data-formats.html\n\n','','http://dev.mysql.com/doc/refman/5.5/en/gis-data-formats.html'),(251,'REVOKE',10,'Syntax:\nREVOKE\n    priv_type [(column_list)]\n      [, priv_type [(column_list)]] ...\n    ON [object_type] priv_level\n    FROM user [, user] ...\n\nREVOKE ALL PRIVILEGES, GRANT OPTION\n    FROM user [, user] ...\n\nREVOKE PROXY ON user\n    FROM user [, user] ...\n\nThe REVOKE statement enables system administrators to revoke privileges\nfrom MySQL accounts. Each account name uses the format described in\nhttp://dev.mysql.com/doc/refman/5.5/en/account-names.html. For example:\n\nREVOKE INSERT ON *.* FROM \'jeffrey\'@\'localhost\';\n\nIf you specify only the user name part of the account name, a host name\npart of \'%\' is used.\n\nFor details on the levels at which privileges exist, the permissible\npriv_type and priv_level values, and the syntax for specifying users\nand passwords, see [HELP GRANT]\n\nTo use the first REVOKE syntax, you must have the GRANT OPTION\nprivilege, and you must have the privileges that you are revoking.\n\nTo revoke all privileges, use the second syntax, which drops all\nglobal, database, table, column, and routine privileges for the named\nuser or users:\n\nREVOKE ALL PRIVILEGES, GRANT OPTION FROM user [, user] ...\n\nTo use this REVOKE syntax, you must have the global CREATE USER\nprivilege or the UPDATE privilege for the mysql database.\n\nURL: http://dev.mysql.com/doc/refman/5.5/en/revoke.html\n\n','','http://dev.mysql.com/doc/refman/5.5/en/revoke.html'),(252,'LAST_INSERT_ID',17,'Syntax:\nLAST_INSERT_ID(), LAST_INSERT_ID(expr)\n\nWith no argument, LAST_INSERT_ID() returns a 64-bit value representing\nthe first automatically generated value successfully inserted for an\nAUTO_INCREMENT column as a result of the most recently executed INSERT\nstatement. The value has a type of BIGINT UNSIGNED as of MySQL 5.5.29,\nBIGINT (signed) before that. The value of LAST_INSERT_ID() remains\nunchanged if no rows are successfully inserted.\n\nWith an argument, LAST_INSERT_ID() returns an unsigned integer as of\nMySQL 5.5.29, a signed integer before that.\n\nFor example, after inserting a row that generates an AUTO_INCREMENT\nvalue, you can get the value like this:\n\nmysql> SELECT LAST_INSERT_ID();\n        -> 195\n\nThe currently executing statement does not affect the value of\nLAST_INSERT_ID(). Suppose that you generate an AUTO_INCREMENT value\nwith one statement, and then refer to LAST_INSERT_ID() in a\nmultiple-row INSERT statement that inserts rows into a table with its\nown AUTO_INCREMENT column. The value of LAST_INSERT_ID() will remain\nstable in the second statement; its value for the second and later rows\nis not affected by the earlier row insertions. (However, if you mix\nreferences to LAST_INSERT_ID() and LAST_INSERT_ID(expr), the effect is\nundefined.)\n\nIf the previous statement returned an error, the value of\nLAST_INSERT_ID() is undefined. For transactional tables, if the\nstatement is rolled back due to an error, the value of LAST_INSERT_ID()\nis left undefined. For manual ROLLBACK, the value of LAST_INSERT_ID()\nis not restored to that before the transaction; it remains as it was at\nthe point of the ROLLBACK.\n\nPrior to MySQL 5.5.35, this function was not replicated correctly if\nreplication filtering rules were in use. (Bug #17234370, Bug #69861)\n\nWithin the body of a stored routine (procedure or function) or a\ntrigger, the value of LAST_INSERT_ID() changes the same way as for\nstatements executed outside the body of these kinds of objects. The\neffect of a stored routine or trigger upon the value of\nLAST_INSERT_ID() that is seen by following statements depends on the\nkind of routine:\n\no If a stored procedure executes statements that change the value of\n  LAST_INSERT_ID(), the changed value is seen by statements that follow\n  the procedure call.\n\no For stored functions and triggers that change the value, the value is\n  restored when the function or trigger ends, so following statements\n  will not see a changed value.\n\nURL: http://dev.mysql.com/doc/refman/5.5/en/information-functions.html\n\n','','http://dev.mysql.com/doc/refman/5.5/en/information-functions.html'),(253,'LAST_DAY',32,'Syntax:\nLAST_DAY(date)\n\nTakes a date or datetime value and returns the corresponding value for\nthe last day of the month. Returns NULL if the argument is invalid.\n\nURL: http://dev.mysql.com/doc/refman/5.5/en/date-and-time-functions.html\n\n','mysql> SELECT LAST_DAY(\'2003-02-05\');\n        -> \'2003-02-28\'\nmysql> SELECT LAST_DAY(\'2004-02-05\');\n        -> \'2004-02-29\'\nmysql> SELECT LAST_DAY(\'2004-01-01 01:01:01\');\n        -> \'2004-01-31\'\nmysql> SELECT LAST_DAY(\'2003-03-32\');\n        -> NULL\n','http://dev.mysql.com/doc/refman/5.5/en/date-and-time-functions.html'),(254,'MEDIUMINT',23,'MEDIUMINT[(M)] [UNSIGNED] [ZEROFILL]\n\nA medium-sized integer. The signed range is -8388608 to 8388607. The\nunsigned range is 0 to 16777215.\n\nURL: http://dev.mysql.com/doc/refman/5.5/en/numeric-type-overview.html\n\n','','http://dev.mysql.com/doc/refman/5.5/en/numeric-type-overview.html'),(255,'FLOOR',3,'Syntax:\nFLOOR(X)\n\nReturns the largest integer value not greater than X.\n\nURL: http://dev.mysql.com/doc/refman/5.5/en/mathematical-functions.html\n\n','mysql> SELECT FLOOR(1.23);\n        -> 1\nmysql> SELECT FLOOR(-1.23);\n        -> -2\n','http://dev.mysql.com/doc/refman/5.5/en/mathematical-functions.html'),(256,'RTRIM',38,'Syntax:\nRTRIM(str)\n\nReturns the string str with trailing space characters removed.\n\nURL: http://dev.mysql.com/doc/refman/5.5/en/string-functions.html\n\n','mysql> SELECT RTRIM(\'barbar   \');\n        -> \'barbar\'\n','http://dev.mysql.com/doc/refman/5.5/en/string-functions.html'),(257,'EXPLAIN',29,'Syntax:\n{EXPLAIN | DESCRIBE | DESC}\n    tbl_name [col_name | wild]\n\n{EXPLAIN | DESCRIBE | DESC}\n    [explain_type] SELECT select_options\n\nexplain_type: {EXTENDED | PARTITIONS}\n\nThe DESCRIBE and EXPLAIN statements are synonyms. In practice, the\nDESCRIBE keyword is more often used to obtain information about table\nstructure, whereas EXPLAIN is used to obtain a query execution plan\n(that is, an explanation of how MySQL would execute a query). The\nfollowing discussion uses the DESCRIBE and EXPLAIN keywords in\naccordance with those uses, but the MySQL parser treats them as\ncompletely synonymous.\n\nObtaining Table Structure Information\n\nDESCRIBE provides information about the columns in a table:\n\nmysql> DESCRIBE City;\n+------------+----------+------+-----+---------+----------------+\n| Field      | Type     | Null | Key | Default | Extra          |\n+------------+----------+------+-----+---------+----------------+\n| Id         | int(11)  | NO   | PRI | NULL    | auto_increment |\n| Name       | char(35) | NO   |     |         |                |\n| Country    | char(3)  | NO   | UNI |         |                |\n| District   | char(20) | YES  | MUL |         |                |\n| Population | int(11)  | NO   |     | 0       |                |\n+------------+----------+------+-----+---------+----------------+\n\nDESCRIBE is a shortcut for SHOW COLUMNS. These statements also display\ninformation for views. The description for SHOW COLUMNS provides more\ninformation about the output columns. See [HELP SHOW COLUMNS].\n\nBy default, DESCRIBE displays information about all columns in the\ntable. col_name, if given, is the name of a column in the table. In\nthis case, the statement displays information only for the named\ncolumn. wild, if given, is a pattern string. It can contain the SQL \"%\"\nand \"_\" wildcard characters. In this case, the statement displays\noutput only for the columns with names matching the string. There is no\nneed to enclose the string within quotation marks unless it contains\nspaces or other special characters.\n\nThe DESCRIBE statement is provided for compatibility with Oracle.\n\nThe SHOW CREATE TABLE, SHOW TABLE STATUS, and SHOW INDEX statements\nalso provide information about tables. See [HELP SHOW].\n\nObtaining Execution Plan Information\n\nThe EXPLAIN statement provides information about how MySQL executes\nstatements:\n\no When you precede a SELECT statement with the keyword EXPLAIN, MySQL\n  displays information from the optimizer about the statement execution\n  plan. That is, MySQL explains how it would process the statement,\n  including information about how tables are joined and in which order.\n  For information about using EXPLAIN to obtain execution plan\n  information, see\n  http://dev.mysql.com/doc/refman/5.5/en/explain-output.html.\n\no EXPLAIN EXTENDED can be used to obtain additional execution plan\n  information. See\n  http://dev.mysql.com/doc/refman/5.5/en/explain-extended.html.\n\no EXPLAIN PARTITIONS is useful for examining queries involving\n  partitioned tables. See\n  http://dev.mysql.com/doc/refman/5.5/en/partitioning-info.html.\n\nWith the help of EXPLAIN, you can see where you should add indexes to\ntables so that the statement executes faster by using indexes to find\nrows. You can also use EXPLAIN to check whether the optimizer joins the\ntables in an optimal order. To give a hint to the optimizer to use a\njoin order corresponding to the order in which the tables are named in\na SELECT statement, begin the statement with SELECT STRAIGHT_JOIN\nrather than just SELECT. (See\nhttp://dev.mysql.com/doc/refman/5.5/en/select.html.)\n\nIf you have a problem with indexes not being used when you believe that\nthey should be, run ANALYZE TABLE to update table statistics, such as\ncardinality of keys, that can affect the choices the optimizer makes.\nSee [HELP ANALYZE TABLE].\n\nURL: http://dev.mysql.com/doc/refman/5.5/en/explain.html\n\n','','http://dev.mysql.com/doc/refman/5.5/en/explain.html'),(258,'DEGREES',3,'Syntax:\nDEGREES(X)\n\nReturns the argument X, converted from radians to degrees.\n\nURL: http://dev.mysql.com/doc/refman/5.5/en/mathematical-functions.html\n\n','mysql> SELECT DEGREES(PI());\n        -> 180\nmysql> SELECT DEGREES(PI() / 2);\n        -> 90\n','http://dev.mysql.com/doc/refman/5.5/en/mathematical-functions.html'),(259,'- UNARY',3,'Syntax:\n-\n\nUnary minus. This operator changes the sign of the operand.\n\nURL: http://dev.mysql.com/doc/refman/5.5/en/arithmetic-functions.html\n\n','mysql> SELECT - 2;\n        -> -2\n','http://dev.mysql.com/doc/refman/5.5/en/arithmetic-functions.html'),(260,'VARCHAR',23,'[NATIONAL] VARCHAR(M) [CHARACTER SET charset_name] [COLLATE\ncollation_name]\n\nA variable-length string. M represents the maximum column length in\ncharacters. The range of M is 0 to 65,535. The effective maximum length\nof a VARCHAR is subject to the maximum row size (65,535 bytes, which is\nshared among all columns) and the character set used. For example, utf8\ncharacters can require up to three bytes per character, so a VARCHAR\ncolumn that uses the utf8 character set can be declared to be a maximum\nof 21,844 characters. See\nhttp://dev.mysql.com/doc/refman/5.5/en/column-count-limit.html.\n\nMySQL stores VARCHAR values as a 1-byte or 2-byte length prefix plus\ndata. The length prefix indicates the number of bytes in the value. A\nVARCHAR column uses one length byte if values require no more than 255\nbytes, two length bytes if values may require more than 255 bytes.\n\n*Note*: MySQL 5.5 follows the standard SQL specification, and does not\nremove trailing spaces from VARCHAR values.\n\nVARCHAR is shorthand for CHARACTER VARYING. NATIONAL VARCHAR is the\nstandard SQL way to define that a VARCHAR column should use some\npredefined character set. MySQL 4.1 and up uses utf8 as this predefined\ncharacter set.\nhttp://dev.mysql.com/doc/refman/5.5/en/charset-national.html. NVARCHAR\nis shorthand for NATIONAL VARCHAR.\n\nURL: http://dev.mysql.com/doc/refman/5.5/en/string-type-overview.html\n\n','','http://dev.mysql.com/doc/refman/5.5/en/string-type-overview.html'),(261,'UNHEX',38,'Syntax:\n\nUNHEX(str)\n\nFor a string argument str, UNHEX(str) interprets each pair of\ncharacters in the argument as a hexadecimal number and converts it to\nthe byte represented by the number. The return value is a binary\nstring.\n\nURL: http://dev.mysql.com/doc/refman/5.5/en/string-functions.html\n\n','mysql> SELECT UNHEX(\'4D7953514C\');\n        -> \'MySQL\'\nmysql> SELECT 0x4D7953514C;\n        -> \'MySQL\'\nmysql> SELECT UNHEX(HEX(\'string\'));\n        -> \'string\'\nmysql> SELECT HEX(UNHEX(\'1267\'));\n        -> \'1267\'\n','http://dev.mysql.com/doc/refman/5.5/en/string-functions.html'),(262,'STD',16,'Syntax:\nSTD(expr)\n\nReturns the population standard deviation of expr. This is an extension\nto standard SQL. The standard SQL function STDDEV_POP() can be used\ninstead.\n\nThis function returns NULL if there were no matching rows.\n\nURL: http://dev.mysql.com/doc/refman/5.5/en/group-by-functions.html\n\n','','http://dev.mysql.com/doc/refman/5.5/en/group-by-functions.html'),(263,'COS',3,'Syntax:\nCOS(X)\n\nReturns the cosine of X, where X is given in radians.\n\nURL: http://dev.mysql.com/doc/refman/5.5/en/mathematical-functions.html\n\n','mysql> SELECT COS(PI());\n        -> -1\n','http://dev.mysql.com/doc/refman/5.5/en/mathematical-functions.html'),(264,'DATE FUNCTION',32,'Syntax:\nDATE(expr)\n\nExtracts the date part of the date or datetime expression expr.\n\nURL: http://dev.mysql.com/doc/refman/5.5/en/date-and-time-functions.html\n\n','mysql> SELECT DATE(\'2003-12-31 01:02:03\');\n        -> \'2003-12-31\'\n','http://dev.mysql.com/doc/refman/5.5/en/date-and-time-functions.html'),(265,'DROP TRIGGER',40,'Syntax:\nDROP TRIGGER [IF EXISTS] [schema_name.]trigger_name\n\nThis statement drops a trigger. The schema (database) name is optional.\nIf the schema is omitted, the trigger is dropped from the default\nschema. DROP TRIGGER requires the TRIGGER privilege for the table\nassociated with the trigger.\n\nUse IF EXISTS to prevent an error from occurring for a trigger that\ndoes not exist. A NOTE is generated for a nonexistent trigger when\nusing IF EXISTS. See [HELP SHOW WARNINGS].\n\nTriggers for a table are also dropped if you drop the table.\n\nURL: http://dev.mysql.com/doc/refman/5.5/en/drop-trigger.html\n\n','','http://dev.mysql.com/doc/refman/5.5/en/drop-trigger.html'),(266,'RESET MASTER',8,'Syntax:\nRESET MASTER\n\nDeletes all binary log files listed in the index file, resets the\nbinary log index file to be empty, and creates a new binary log file.\nThis statement is intended to be used only when the master is started\nfor the first time.\n\nURL: http://dev.mysql.com/doc/refman/5.5/en/reset-master.html\n\n','','http://dev.mysql.com/doc/refman/5.5/en/reset-master.html'),(267,'TAN',3,'Syntax:\nTAN(X)\n\nReturns the tangent of X, where X is given in radians.\n\nURL: http://dev.mysql.com/doc/refman/5.5/en/mathematical-functions.html\n\n','mysql> SELECT TAN(PI());\n        -> -1.2246063538224e-16\nmysql> SELECT TAN(PI()+1);\n        -> 1.5574077246549\n','http://dev.mysql.com/doc/refman/5.5/en/mathematical-functions.html'),(268,'PI',3,'Syntax:\nPI()\n\nReturns the value of  (pi). The default number of decimal places\ndisplayed is seven, but MySQL uses the full double-precision value\ninternally.\n\nURL: http://dev.mysql.com/doc/refman/5.5/en/mathematical-functions.html\n\n','mysql> SELECT PI();\n        -> 3.141593\nmysql> SELECT PI()+0.000000000000000000;\n        -> 3.141592653589793116\n','http://dev.mysql.com/doc/refman/5.5/en/mathematical-functions.html'),(269,'WEEKOFYEAR',32,'Syntax:\nWEEKOFYEAR(date)\n\nReturns the calendar week of the date as a number in the range from 1\nto 53. WEEKOFYEAR() is a compatibility function that is equivalent to\nWEEK(date,3).\n\nURL: http://dev.mysql.com/doc/refman/5.5/en/date-and-time-functions.html\n\n','mysql> SELECT WEEKOFYEAR(\'2008-02-20\');\n        -> 8\n','http://dev.mysql.com/doc/refman/5.5/en/date-and-time-functions.html'),(270,'/',3,'Syntax:\n/\n\nDivision:\n\nURL: http://dev.mysql.com/doc/refman/5.5/en/arithmetic-functions.html\n\n','mysql> SELECT 3/5;\n        -> 0.60\n','http://dev.mysql.com/doc/refman/5.5/en/arithmetic-functions.html'),(271,'PURGE BINARY LOGS',8,'Syntax:\nPURGE { BINARY | MASTER } LOGS\n    { TO \'log_name\' | BEFORE datetime_expr }\n\nThe binary log is a set of files that contain information about data\nmodifications made by the MySQL server. The log consists of a set of\nbinary log files, plus an index file (see\nhttp://dev.mysql.com/doc/refman/5.5/en/binary-log.html).\n\nThe PURGE BINARY LOGS statement deletes all the binary log files listed\nin the log index file prior to the specified log file name or date.\nBINARY and MASTER are synonyms. Deleted log files also are removed from\nthe list recorded in the index file, so that the given log file becomes\nthe first in the list.\n\nThis statement has no effect if the server was not started with the\n--log-bin option to enable binary logging.\n\nURL: http://dev.mysql.com/doc/refman/5.5/en/purge-binary-logs.html\n\n','PURGE BINARY LOGS TO \'mysql-bin.010\';\nPURGE BINARY LOGS BEFORE \'2008-04-02 22:46:26\';\n','http://dev.mysql.com/doc/refman/5.5/en/purge-binary-logs.html'),(272,'STDDEV_SAMP',16,'Syntax:\nSTDDEV_SAMP(expr)\n\nReturns the sample standard deviation of expr (the square root of\nVAR_SAMP().\n\nSTDDEV_SAMP() returns NULL if there were no matching rows.\n\nURL: http://dev.mysql.com/doc/refman/5.5/en/group-by-functions.html\n\n','','http://dev.mysql.com/doc/refman/5.5/en/group-by-functions.html'),(273,'SCHEMA',17,'Syntax:\nSCHEMA()\n\nThis function is a synonym for DATABASE().\n\nURL: http://dev.mysql.com/doc/refman/5.5/en/information-functions.html\n\n','','http://dev.mysql.com/doc/refman/5.5/en/information-functions.html'),(274,'MLINEFROMWKB',33,'MLineFromWKB(wkb[,srid]), MultiLineStringFromWKB(wkb[,srid])\n\nConstructs a MultiLineString value using its WKB representation and\nSRID.\n\nURL: http://dev.mysql.com/doc/refman/5.5/en/gis-wkb-functions.html\n\n','','http://dev.mysql.com/doc/refman/5.5/en/gis-wkb-functions.html'),(275,'LOG2',3,'Syntax:\nLOG2(X)\n\nReturns the base-2 logarithm of X.\n\nURL: http://dev.mysql.com/doc/refman/5.5/en/mathematical-functions.html\n\n','mysql> SELECT LOG2(65536);\n        -> 16\nmysql> SELECT LOG2(-100);\n        -> NULL\n','http://dev.mysql.com/doc/refman/5.5/en/mathematical-functions.html'),(276,'SUBTIME',32,'Syntax:\nSUBTIME(expr1,expr2)\n\nSUBTIME() returns expr1 - expr2 expressed as a value in the same format\nas expr1. expr1 is a time or datetime expression, and expr2 is a time\nexpression.\n\nURL: http://dev.mysql.com/doc/refman/5.5/en/date-and-time-functions.html\n\n','mysql> SELECT SUBTIME(\'2007-12-31 23:59:59.999999\',\'1 1:1:1.000002\');\n        -> \'2007-12-30 22:58:58.999997\'\nmysql> SELECT SUBTIME(\'01:00:00.999999\', \'02:00:00.999998\');\n        -> \'-00:59:59.999999\'\n','http://dev.mysql.com/doc/refman/5.5/en/date-and-time-functions.html'),(277,'UNCOMPRESSED_LENGTH',12,'Syntax:\nUNCOMPRESSED_LENGTH(compressed_string)\n\nReturns the length that the compressed string had before being\ncompressed.\n\nURL: http://dev.mysql.com/doc/refman/5.5/en/encryption-functions.html\n\n','mysql> SELECT UNCOMPRESSED_LENGTH(COMPRESS(REPEAT(\'a\',30)));\n        -> 30\n','http://dev.mysql.com/doc/refman/5.5/en/encryption-functions.html'),(278,'DROP TABLE',40,'Syntax:\nDROP [TEMPORARY] TABLE [IF EXISTS]\n    tbl_name [, tbl_name] ...\n    [RESTRICT | CASCADE]\n\nDROP TABLE removes one or more tables. You must have the DROP privilege\nfor each table. All table data and the table definition are removed, so\nbe careful with this statement! If any of the tables named in the\nargument list do not exist, MySQL returns an error indicating by name\nwhich nonexisting tables it was unable to drop, but it also drops all\nof the tables in the list that do exist.\n\n*Important*: When a table is dropped, user privileges on the table are\nnot automatically dropped. See [HELP GRANT].\n\nFor a partitioned table, DROP TABLE permanently removes the table\ndefinition, all of its partitions, and all of the data which was stored\nin those partitions. It also removes the partitioning definition (.par)\nfile associated with the dropped table.\n\nUse IF EXISTS to prevent an error from occurring for tables that do not\nexist. A NOTE is generated for each nonexistent table when using IF\nEXISTS. See [HELP SHOW WARNINGS].\n\nRESTRICT and CASCADE are permitted to make porting easier. In MySQL\n5.5, they do nothing.\n\n*Note*: DROP TABLE automatically commits the current active\ntransaction, unless you use the TEMPORARY keyword.\n\nURL: http://dev.mysql.com/doc/refman/5.5/en/drop-table.html\n\n','','http://dev.mysql.com/doc/refman/5.5/en/drop-table.html'),(279,'POW',3,'Syntax:\nPOW(X,Y)\n\nReturns the value of X raised to the power of Y.\n\nURL: http://dev.mysql.com/doc/refman/5.5/en/mathematical-functions.html\n\n','mysql> SELECT POW(2,2);\n        -> 4\nmysql> SELECT POW(2,-2);\n        -> 0.25\n','http://dev.mysql.com/doc/refman/5.5/en/mathematical-functions.html'),(280,'SHOW CREATE TABLE',27,'Syntax:\nSHOW CREATE TABLE tbl_name\n\nShows the CREATE TABLE statement that creates the named table. To use\nthis statement, you must have some privilege for the table. This\nstatement also works with views.\nSHOW CREATE TABLE quotes table and column names according to the value\nof the sql_quote_show_create option. See\nhttp://dev.mysql.com/doc/refman/5.5/en/server-system-variables.html.\n\nURL: http://dev.mysql.com/doc/refman/5.5/en/show-create-table.html\n\n','mysql> SHOW CREATE TABLE t\\G\n*************************** 1. row ***************************\n       Table: t\nCreate Table: CREATE TABLE t (\n  id INT(11) default NULL auto_increment,\n  s char(60) default NULL,\n  PRIMARY KEY (id)\n) ENGINE=MyISAM\n','http://dev.mysql.com/doc/refman/5.5/en/show-create-table.html'),(281,'DUAL',28,'You are permitted to specify DUAL as a dummy table name in situations\nwhere no tables are referenced:\n\nmysql> SELECT 1 + 1 FROM DUAL;\n        -> 2\n\nDUAL is purely for the convenience of people who require that all\nSELECT statements should have FROM and possibly other clauses. MySQL\nmay ignore the clauses. MySQL does not require FROM DUAL if no tables\nare referenced.\n\nURL: http://dev.mysql.com/doc/refman/5.5/en/select.html\n\n','','http://dev.mysql.com/doc/refman/5.5/en/select.html'),(282,'INSTR',38,'Syntax:\nINSTR(str,substr)\n\nReturns the position of the first occurrence of substring substr in\nstring str. This is the same as the two-argument form of LOCATE(),\nexcept that the order of the arguments is reversed.\n\nURL: http://dev.mysql.com/doc/refman/5.5/en/string-functions.html\n\n','mysql> SELECT INSTR(\'foobarbar\', \'bar\');\n        -> 4\nmysql> SELECT INSTR(\'xbar\', \'foobar\');\n        -> 0\n','http://dev.mysql.com/doc/refman/5.5/en/string-functions.html'),(283,'NOW',32,'Syntax:\nNOW()\n\nReturns the current date and time as a value in \'YYYY-MM-DD HH:MM:SS\'\nor YYYYMMDDHHMMSS.uuuuuu format, depending on whether the function is\nused in a string or numeric context. The value is expressed in the\ncurrent time zone.\n\nURL: http://dev.mysql.com/doc/refman/5.5/en/date-and-time-functions.html\n\n','mysql> SELECT NOW();\n        -> \'2007-12-15 23:50:26\'\nmysql> SELECT NOW() + 0;\n        -> 20071215235026.000000\n','http://dev.mysql.com/doc/refman/5.5/en/date-and-time-functions.html'),(284,'SHOW ENGINES',27,'Syntax:\nSHOW [STORAGE] ENGINES\n\nSHOW ENGINES displays status information about the server\'s storage\nengines. This is particularly useful for checking whether a storage\nengine is supported, or to see what the default engine is. This\ninformation can also be obtained from the INFORMATION_SCHEMA ENGINES\ntable. See http://dev.mysql.com/doc/refman/5.5/en/engines-table.html.\n\nURL: http://dev.mysql.com/doc/refman/5.5/en/show-engines.html\n\n','','http://dev.mysql.com/doc/refman/5.5/en/show-engines.html'),(285,'>=',20,'Syntax:\n>=\n\nGreater than or equal:\n\nURL: http://dev.mysql.com/doc/refman/5.5/en/comparison-operators.html\n\n','mysql> SELECT 2 >= 2;\n        -> 1\n','http://dev.mysql.com/doc/refman/5.5/en/comparison-operators.html'),(286,'EXP',3,'Syntax:\nEXP(X)\n\nReturns the value of e (the base of natural logarithms) raised to the\npower of X. The inverse of this function is LOG() (using a single\nargument only) or LN().\n\nURL: http://dev.mysql.com/doc/refman/5.5/en/mathematical-functions.html\n\n','mysql> SELECT EXP(2);\n        -> 7.3890560989307\nmysql> SELECT EXP(-2);\n        -> 0.13533528323661\nmysql> SELECT EXP(0);\n        -> 1\n','http://dev.mysql.com/doc/refman/5.5/en/mathematical-functions.html'),(287,'LONGBLOB',23,'LONGBLOB\n\nA BLOB column with a maximum length of 4,294,967,295 or 4GB (232 - 1)\nbytes. The effective maximum length of LONGBLOB columns depends on the\nconfigured maximum packet size in the client/server protocol and\navailable memory. Each LONGBLOB value is stored using a 4-byte length\nprefix that indicates the number of bytes in the value.\n\nURL: http://dev.mysql.com/doc/refman/5.5/en/string-type-overview.html\n\n','','http://dev.mysql.com/doc/refman/5.5/en/string-type-overview.html'),(288,'POINTN',13,'PointN(ls,N)\n\nReturns the N-th Point in the Linestring value ls. Points are numbered\nbeginning with 1.\n\nURL: http://dev.mysql.com/doc/refman/5.5/en/gis-linestring-property-functions.html\n\n','mysql> SET @ls = \'LineString(1 1,2 2,3 3)\';\nmysql> SELECT AsText(PointN(GeomFromText(@ls),2));\n+-------------------------------------+\n| AsText(PointN(GeomFromText(@ls),2)) |\n+-------------------------------------+\n| POINT(2 2)                          |\n+-------------------------------------+\n','http://dev.mysql.com/doc/refman/5.5/en/gis-linestring-property-functions.html'),(289,'YEAR DATA TYPE',23,'YEAR[(2|4)]\n\nA year in two-digit or four-digit format. The default is four-digit\nformat. YEAR(2) or YEAR(4) differ in display format, but have the same\nrange of values. In four-digit format, values display as 1901 to 2155,\nand 0000. In two-digit format, values display as 70 to 69, representing\nyears from 1970 to 2069. MySQL displays YEAR values in YYYY or YY\nformat, but permits assignment of values to YEAR columns using either\nstrings or numbers.\n\n*Note*: The YEAR(2) data type has certain issues that you should\nconsider before choosing to use it. As of MySQL 5.5.27, YEAR(2) is\ndeprecated. For more information, see\nhttp://dev.mysql.com/doc/refman/5.5/en/migrating-to-year4.html.\n\nFor additional information about YEAR display format and interpretation\nof input values, see http://dev.mysql.com/doc/refman/5.5/en/year.html.\n\nURL: http://dev.mysql.com/doc/refman/5.5/en/date-and-time-type-overview.html\n\n','','http://dev.mysql.com/doc/refman/5.5/en/date-and-time-type-overview.html'),(290,'SUM',16,'Syntax:\nSUM([DISTINCT] expr)\n\nReturns the sum of expr. If the return set has no rows, SUM() returns\nNULL. The DISTINCT keyword can be used to sum only the distinct values\nof expr.\n\nSUM() returns NULL if there were no matching rows.\n\nURL: http://dev.mysql.com/doc/refman/5.5/en/group-by-functions.html\n\n','','http://dev.mysql.com/doc/refman/5.5/en/group-by-functions.html'),(291,'OCT',38,'Syntax:\nOCT(N)\n\nReturns a string representation of the octal value of N, where N is a\nlonglong (BIGINT) number. This is equivalent to CONV(N,10,8). Returns\nNULL if N is NULL.\n\nURL: http://dev.mysql.com/doc/refman/5.5/en/string-functions.html\n\n','mysql> SELECT OCT(12);\n        -> \'14\'\n','http://dev.mysql.com/doc/refman/5.5/en/string-functions.html'),(292,'SYSDATE',32,'Syntax:\nSYSDATE()\n\nReturns the current date and time as a value in \'YYYY-MM-DD HH:MM:SS\'\nor YYYYMMDDHHMMSS.uuuuuu format, depending on whether the function is\nused in a string or numeric context.\n\nSYSDATE() returns the time at which it executes. This differs from the\nbehavior for NOW(), which returns a constant time that indicates the\ntime at which the statement began to execute. (Within a stored function\nor trigger, NOW() returns the time at which the function or triggering\nstatement began to execute.)\n\nmysql> SELECT NOW(), SLEEP(2), NOW();\n+---------------------+----------+---------------------+\n| NOW()               | SLEEP(2) | NOW()               |\n+---------------------+----------+---------------------+\n| 2006-04-12 13:47:36 |        0 | 2006-04-12 13:47:36 |\n+---------------------+----------+---------------------+\n\nmysql> SELECT SYSDATE(), SLEEP(2), SYSDATE();\n+---------------------+----------+---------------------+\n| SYSDATE()           | SLEEP(2) | SYSDATE()           |\n+---------------------+----------+---------------------+\n| 2006-04-12 13:47:44 |        0 | 2006-04-12 13:47:46 |\n+---------------------+----------+---------------------+\n\nIn addition, the SET TIMESTAMP statement affects the value returned by\nNOW() but not by SYSDATE(). This means that timestamp settings in the\nbinary log have no effect on invocations of SYSDATE().\n\nBecause SYSDATE() can return different values even within the same\nstatement, and is not affected by SET TIMESTAMP, it is nondeterministic\nand therefore unsafe for replication if statement-based binary logging\nis used. If that is a problem, you can use row-based logging.\n\nAlternatively, you can use the --sysdate-is-now option to cause\nSYSDATE() to be an alias for NOW(). This works if the option is used on\nboth the master and the slave.\n\nThe nondeterministic nature of SYSDATE() also means that indexes cannot\nbe used for evaluating expressions that refer to it.\n\nURL: http://dev.mysql.com/doc/refman/5.5/en/date-and-time-functions.html\n\n','','http://dev.mysql.com/doc/refman/5.5/en/date-and-time-functions.html'),(293,'UNINSTALL PLUGIN',5,'Syntax:\nUNINSTALL PLUGIN plugin_name\n\nThis statement removes an installed server plugin. It requires the\nDELETE privilege for the mysql.plugin table.\n\nplugin_name must be the name of some plugin that is listed in the\nmysql.plugin table. The server executes the plugin\'s deinitialization\nfunction and removes the row for the plugin from the mysql.plugin\ntable, so that subsequent server restarts will not load and initialize\nthe plugin. UNINSTALL PLUGIN does not remove the plugin\'s shared\nlibrary file.\n\nURL: http://dev.mysql.com/doc/refman/5.5/en/uninstall-plugin.html\n\n','','http://dev.mysql.com/doc/refman/5.5/en/uninstall-plugin.html'),(294,'ASBINARY',33,'AsBinary(g), AsWKB(g)\n\nConverts a value in internal geometry format to its WKB representation\nand returns the binary result.\n\nURL: http://dev.mysql.com/doc/refman/5.5/en/gis-format-conversion-functions.html\n\n','SELECT AsBinary(g) FROM geom;\n','http://dev.mysql.com/doc/refman/5.5/en/gis-format-conversion-functions.html'),(295,'REPEAT FUNCTION',38,'Syntax:\nREPEAT(str,count)\n\nReturns a string consisting of the string str repeated count times. If\ncount is less than 1, returns an empty string. Returns NULL if str or\ncount are NULL.\n\nURL: http://dev.mysql.com/doc/refman/5.5/en/string-functions.html\n\n','mysql> SELECT REPEAT(\'MySQL\', 3);\n        -> \'MySQLMySQLMySQL\'\n','http://dev.mysql.com/doc/refman/5.5/en/string-functions.html'),(296,'SHOW TABLES',27,'Syntax:\nSHOW [FULL] TABLES [{FROM | IN} db_name]\n    [LIKE \'pattern\' | WHERE expr]\n\nSHOW TABLES lists the non-TEMPORARY tables in a given database. You can\nalso get this list using the mysqlshow db_name command. The LIKE\nclause, if present, indicates which table names to match. The WHERE\nclause can be given to select rows using more general conditions, as\ndiscussed in http://dev.mysql.com/doc/refman/5.5/en/extended-show.html.\n\nMatching performed by the LIKE clause is dependent on the setting of\nthe lower_case_table_names system variable.\n\nThis statement also lists any views in the database. The FULL modifier\nis supported such that SHOW FULL TABLES displays a second output\ncolumn. Values for the second column are BASE TABLE for a table and\nVIEW for a view.\n\nIf you have no privileges for a base table or view, it does not show up\nin the output from SHOW TABLES or mysqlshow db_name.\n\nURL: http://dev.mysql.com/doc/refman/5.5/en/show-tables.html\n\n','','http://dev.mysql.com/doc/refman/5.5/en/show-tables.html'),(297,'MAKEDATE',32,'Syntax:\nMAKEDATE(year,dayofyear)\n\nReturns a date, given year and day-of-year values. dayofyear must be\ngreater than 0 or the result is NULL.\n\nURL: http://dev.mysql.com/doc/refman/5.5/en/date-and-time-functions.html\n\n','mysql> SELECT MAKEDATE(2011,31), MAKEDATE(2011,32);\n        -> \'2011-01-31\', \'2011-02-01\'\nmysql> SELECT MAKEDATE(2011,365), MAKEDATE(2014,365);\n        -> \'2011-12-31\', \'2014-12-31\'\nmysql> SELECT MAKEDATE(2011,0);\n        -> NULL\n','http://dev.mysql.com/doc/refman/5.5/en/date-and-time-functions.html'),(298,'BINARY OPERATOR',38,'Syntax:\nBINARY\n\nThe BINARY operator casts the string following it to a binary string.\nThis is an easy way to force a column comparison to be done byte by\nbyte rather than character by character. This causes the comparison to\nbe case sensitive even if the column is not defined as BINARY or BLOB.\nBINARY also causes trailing spaces to be significant.\n\nURL: http://dev.mysql.com/doc/refman/5.5/en/cast-functions.html\n\n','mysql> SELECT \'a\' = \'A\';\n        -> 1\nmysql> SELECT BINARY \'a\' = \'A\';\n        -> 0\nmysql> SELECT \'a\' = \'a \';\n        -> 1\nmysql> SELECT BINARY \'a\' = \'a \';\n        -> 0\n','http://dev.mysql.com/doc/refman/5.5/en/cast-functions.html'),(299,'MBROVERLAPS',7,'MBROverlaps(g1,g2)\n\nReturns 1 or 0 to indicate whether the minimum bounding rectangles of\nthe two geometries g1 and g2 overlap. The term spatially overlaps is\nused if two geometries intersect and their intersection results in a\ngeometry of the same dimension but not equal to either of the given\ngeometries.\n\nURL: http://dev.mysql.com/doc/refman/5.5/en/spatial-relation-functions-mysql-specific.html\n\n','','http://dev.mysql.com/doc/refman/5.5/en/spatial-relation-functions-mysql-specific.html'),(300,'SOUNDEX',38,'Syntax:\nSOUNDEX(str)\n\nReturns a soundex string from str. Two strings that sound almost the\nsame should have identical soundex strings. A standard soundex string\nis four characters long, but the SOUNDEX() function returns an\narbitrarily long string. You can use SUBSTRING() on the result to get a\nstandard soundex string. All nonalphabetic characters in str are\nignored. All international alphabetic characters outside the A-Z range\nare treated as vowels.\n\n*Important*: When using SOUNDEX(), you should be aware of the following\nlimitations:\n\no This function, as currently implemented, is intended to work well\n  with strings that are in the English language only. Strings in other\n  languages may not produce reliable results.\n\no This function is not guaranteed to provide consistent results with\n  strings that use multibyte character sets, including utf-8.\n\n  We hope to remove these limitations in a future release. See Bug\n  #22638 for more information.\n\nURL: http://dev.mysql.com/doc/refman/5.5/en/string-functions.html\n\n','mysql> SELECT SOUNDEX(\'Hello\');\n        -> \'H400\'\nmysql> SELECT SOUNDEX(\'Quadratically\');\n        -> \'Q36324\'\n','http://dev.mysql.com/doc/refman/5.5/en/string-functions.html'),(301,'MBRTOUCHES',7,'MBRTouches(g1,g2)\n\nReturns 1 or 0 to indicate whether the minimum bounding rectangles of\nthe two geometries g1 and g2 touch. Two geometries spatially touch if\nthe interiors of the geometries do not intersect, but the boundary of\none of the geometries intersects either the boundary or the interior of\nthe other.\n\nURL: http://dev.mysql.com/doc/refman/5.5/en/spatial-relation-functions-mysql-specific.html\n\n','','http://dev.mysql.com/doc/refman/5.5/en/spatial-relation-functions-mysql-specific.html'),(302,'DROP EVENT',40,'Syntax:\nDROP EVENT [IF EXISTS] event_name\n\nThis statement drops the event named event_name. The event immediately\nceases being active, and is deleted completely from the server.\n\nIf the event does not exist, the error ERROR 1517 (HY000): Unknown\nevent \'event_name\' results. You can override this and cause the\nstatement to generate a warning for nonexistent events instead using IF\nEXISTS.\n\nThis statement requires the EVENT privilege for the schema to which the\nevent to be dropped belongs.\n\nURL: http://dev.mysql.com/doc/refman/5.5/en/drop-event.html\n\n','','http://dev.mysql.com/doc/refman/5.5/en/drop-event.html'),(303,'INSERT SELECT',28,'Syntax:\nINSERT [LOW_PRIORITY | HIGH_PRIORITY] [IGNORE]\n    [INTO] tbl_name [(col_name,...)]\n    SELECT ...\n    [ ON DUPLICATE KEY UPDATE col_name=expr, ... ]\n\nWith INSERT ... SELECT, you can quickly insert many rows into a table\nfrom one or many tables. For example:\n\nINSERT INTO tbl_temp2 (fld_id)\n  SELECT tbl_temp1.fld_order_id\n  FROM tbl_temp1 WHERE tbl_temp1.fld_order_id > 100;\n\nURL: http://dev.mysql.com/doc/refman/5.5/en/insert-select.html\n\n','','http://dev.mysql.com/doc/refman/5.5/en/insert-select.html'),(304,'CREATE PROCEDURE',40,'Syntax:\nCREATE\n    [DEFINER = { user | CURRENT_USER }]\n    PROCEDURE sp_name ([proc_parameter[,...]])\n    [characteristic ...] routine_body\n\nCREATE\n    [DEFINER = { user | CURRENT_USER }]\n    FUNCTION sp_name ([func_parameter[,...]])\n    RETURNS type\n    [characteristic ...] routine_body\n\nproc_parameter:\n    [ IN | OUT | INOUT ] param_name type\n\nfunc_parameter:\n    param_name type\n\ntype:\n    Any valid MySQL data type\n\ncharacteristic:\n    COMMENT \'string\'\n  | LANGUAGE SQL\n  | [NOT] DETERMINISTIC\n  | { CONTAINS SQL | NO SQL | READS SQL DATA | MODIFIES SQL DATA }\n  | SQL SECURITY { DEFINER | INVOKER }\n\nroutine_body:\n    Valid SQL routine statement\n\nThese statements create stored routines. By default, a routine is\nassociated with the default database. To associate the routine\nexplicitly with a given database, specify the name as db_name.sp_name\nwhen you create it.\n\nThe CREATE FUNCTION statement is also used in MySQL to support UDFs\n(user-defined functions). See\nhttp://dev.mysql.com/doc/refman/5.5/en/adding-functions.html. A UDF can\nbe regarded as an external stored function. Stored functions share\ntheir namespace with UDFs. See\nhttp://dev.mysql.com/doc/refman/5.5/en/function-resolution.html, for\nthe rules describing how the server interprets references to different\nkinds of functions.\n\nTo invoke a stored procedure, use the CALL statement (see [HELP CALL]).\nTo invoke a stored function, refer to it in an expression. The function\nreturns a value during expression evaluation.\n\nCREATE PROCEDURE and CREATE FUNCTION require the CREATE ROUTINE\nprivilege. They might also require the SUPER privilege, depending on\nthe DEFINER value, as described later in this section. If binary\nlogging is enabled, CREATE FUNCTION might require the SUPER privilege,\nas described in\nhttp://dev.mysql.com/doc/refman/5.5/en/stored-programs-logging.html.\n\nBy default, MySQL automatically grants the ALTER ROUTINE and EXECUTE\nprivileges to the routine creator. This behavior can be changed by\ndisabling the automatic_sp_privileges system variable. See\nhttp://dev.mysql.com/doc/refman/5.5/en/stored-routines-privileges.html.\n\nThe DEFINER and SQL SECURITY clauses specify the security context to be\nused when checking access privileges at routine execution time, as\ndescribed later in this section.\n\nIf the routine name is the same as the name of a built-in SQL function,\na syntax error occurs unless you use a space between the name and the\nfollowing parenthesis when defining the routine or invoking it later.\nFor this reason, avoid using the names of existing SQL functions for\nyour own stored routines.\n\nThe IGNORE_SPACE SQL mode applies to built-in functions, not to stored\nroutines. It is always permissible to have spaces after a stored\nroutine name, regardless of whether IGNORE_SPACE is enabled.\n\nThe parameter list enclosed within parentheses must always be present.\nIf there are no parameters, an empty parameter list of () should be\nused. Parameter names are not case sensitive.\n\nEach parameter is an IN parameter by default. To specify otherwise for\na parameter, use the keyword OUT or INOUT before the parameter name.\n\n*Note*: Specifying a parameter as IN, OUT, or INOUT is valid only for a\nPROCEDURE. For a FUNCTION, parameters are always regarded as IN\nparameters.\n\nAn IN parameter passes a value into a procedure. The procedure might\nmodify the value, but the modification is not visible to the caller\nwhen the procedure returns. An OUT parameter passes a value from the\nprocedure back to the caller. Its initial value is NULL within the\nprocedure, and its value is visible to the caller when the procedure\nreturns. An INOUT parameter is initialized by the caller, can be\nmodified by the procedure, and any change made by the procedure is\nvisible to the caller when the procedure returns.\n\nFor each OUT or INOUT parameter, pass a user-defined variable in the\nCALL statement that invokes the procedure so that you can obtain its\nvalue when the procedure returns. If you are calling the procedure from\nwithin another stored procedure or function, you can also pass a\nroutine parameter or local routine variable as an IN or INOUT\nparameter.\n\nRoutine parameters cannot be referenced in statements prepared within\nthe routine; see\nhttp://dev.mysql.com/doc/refman/5.5/en/stored-program-restrictions.html\n.\n\nThe following example shows a simple stored procedure that uses an OUT\nparameter:\n\nmysql> delimiter //\n\nmysql> CREATE PROCEDURE simpleproc (OUT param1 INT)\n    -> BEGIN\n    ->   SELECT COUNT(*) INTO param1 FROM t;\n    -> END//\nQuery OK, 0 rows affected (0.00 sec)\n\nmysql> delimiter ;\n\nmysql> CALL simpleproc(@a);\nQuery OK, 0 rows affected (0.00 sec)\n\nmysql> SELECT @a;\n+------+\n| @a   |\n+------+\n| 3    |\n+------+\n1 row in set (0.00 sec)\n\nThe example uses the mysql client delimiter command to change the\nstatement delimiter from ; to // while the procedure is being defined.\nThis enables the ; delimiter used in the procedure body to be passed\nthrough to the server rather than being interpreted by mysql itself.\nSee\nhttp://dev.mysql.com/doc/refman/5.5/en/stored-programs-defining.html.\n\nThe RETURNS clause may be specified only for a FUNCTION, for which it\nis mandatory. It indicates the return type of the function, and the\nfunction body must contain a RETURN value statement. If the RETURN\nstatement returns a value of a different type, the value is coerced to\nthe proper type. For example, if a function specifies an ENUM or SET\nvalue in the RETURNS clause, but the RETURN statement returns an\ninteger, the value returned from the function is the string for the\ncorresponding ENUM member of set of SET members.\n\nThe following example function takes a parameter, performs an operation\nusing an SQL function, and returns the result. In this case, it is\nunnecessary to use delimiter because the function definition contains\nno internal ; statement delimiters:\n\nmysql> CREATE FUNCTION hello (s CHAR(20))\nmysql> RETURNS CHAR(50) DETERMINISTIC\n    -> RETURN CONCAT(\'Hello, \',s,\'!\');\nQuery OK, 0 rows affected (0.00 sec)\n\nmysql> SELECT hello(\'world\');\n+----------------+\n| hello(\'world\') |\n+----------------+\n| Hello, world!  |\n+----------------+\n1 row in set (0.00 sec)\n\nParameter types and function return types can be declared to use any\nvalid data type, except that the COLLATE attribute cannot be used prior\nto MySQL 5.5.3. As of 5.5.3, COLLATE can be used if preceded by the\nCHARACTER SET attribute.\n\nThe routine_body consists of a valid SQL routine statement. This can be\na simple statement such as SELECT or INSERT, or a compound statement\nwritten using BEGIN and END. Compound statements can contain\ndeclarations, loops, and other control structure statements. The syntax\nfor these statements is described in\nhttp://dev.mysql.com/doc/refman/5.5/en/sql-syntax-compound-statements.h\ntml.\n\nMySQL permits routines to contain DDL statements, such as CREATE and\nDROP. MySQL also permits stored procedures (but not stored functions)\nto contain SQL transaction statements such as COMMIT. Stored functions\nmay not contain statements that perform explicit or implicit commit or\nrollback. Support for these statements is not required by the SQL\nstandard, which states that each DBMS vendor may decide whether to\npermit them.\n\nStatements that return a result set can be used within a stored\nprocedure but not within a stored function. This prohibition includes\nSELECT statements that do not have an INTO var_list clause and other\nstatements such as SHOW, EXPLAIN, and CHECK TABLE. For statements that\ncan be determined at function definition time to return a result set, a\nNot allowed to return a result set from a function error occurs\n(ER_SP_NO_RETSET). For statements that can be determined only at\nruntime to return a result set, a PROCEDURE %s can\'t return a result\nset in the given context error occurs (ER_SP_BADSELECT).\n\nUSE statements within stored routines are not permitted. When a routine\nis invoked, an implicit USE db_name is performed (and undone when the\nroutine terminates). The causes the routine to have the given default\ndatabase while it executes. References to objects in databases other\nthan the routine default database should be qualified with the\nappropriate database name.\n\nFor additional information about statements that are not permitted in\nstored routines, see\nhttp://dev.mysql.com/doc/refman/5.5/en/stored-program-restrictions.html\n.\n\nFor information about invoking stored procedures from within programs\nwritten in a language that has a MySQL interface, see [HELP CALL].\n\nMySQL stores the sql_mode system variable setting in effect when a\nroutine is created or altered, and always executes the routine with\nthis setting in force, regardless of the current server SQL mode when\nthe routine begins executing.\n\nThe switch from the SQL mode of the invoker to that of the routine\noccurs after evaluation of arguments and assignment of the resulting\nvalues to routine parameters. If you define a routine in strict SQL\nmode but invoke it in nonstrict mode, assignment of arguments to\nroutine parameters does not take place in strict mode. If you require\nthat expressions passed to a routine be assigned in strict SQL mode,\nyou should invoke the routine with strict mode in effect.\n\nURL: http://dev.mysql.com/doc/refman/5.5/en/create-procedure.html\n\n','','http://dev.mysql.com/doc/refman/5.5/en/create-procedure.html'),(305,'VARBINARY',23,'VARBINARY(M)\n\nThe VARBINARY type is similar to the VARCHAR type, but stores binary\nbyte strings rather than nonbinary character strings. M represents the\nmaximum column length in bytes.\n\nURL: http://dev.mysql.com/doc/refman/5.5/en/string-type-overview.html\n\n','','http://dev.mysql.com/doc/refman/5.5/en/string-type-overview.html'),(306,'LOAD INDEX',27,'Syntax:\nLOAD INDEX INTO CACHE\n  tbl_index_list [, tbl_index_list] ...\n\ntbl_index_list:\n  tbl_name\n    [PARTITION (partition_list | ALL)]\n    [[INDEX|KEY] (index_name[, index_name] ...)]\n    [IGNORE LEAVES]\n\npartition_list:\n    partition_name[, partition_name][, ...]\n\nThe LOAD INDEX INTO CACHE statement preloads a table index into the key\ncache to which it has been assigned by an explicit CACHE INDEX\nstatement, or into the default key cache otherwise.\n\nLOAD INDEX INTO CACHE is used only for MyISAM tables. In MySQL 5.5, it\nis also supported for partitioned MyISAM tables; in addition, indexes\non partitioned tables can be preloaded for one, several, or all\npartitions.\n\nThe IGNORE LEAVES modifier causes only blocks for the nonleaf nodes of\nthe index to be preloaded.\n\nIGNORE LEAVES is also supported for partitioned MyISAM tables.\n\nURL: http://dev.mysql.com/doc/refman/5.5/en/load-index.html\n\n','','http://dev.mysql.com/doc/refman/5.5/en/load-index.html'),(307,'UNION',28,'Syntax:\nSELECT ...\nUNION [ALL | DISTINCT] SELECT ...\n[UNION [ALL | DISTINCT] SELECT ...]\n\nUNION is used to combine the result from multiple SELECT statements\ninto a single result set.\n\nThe column names from the first SELECT statement are used as the column\nnames for the results returned. Selected columns listed in\ncorresponding positions of each SELECT statement should have the same\ndata type. (For example, the first column selected by the first\nstatement should have the same type as the first column selected by the\nother statements.)\n\nURL: http://dev.mysql.com/doc/refman/5.5/en/union.html\n\n','','http://dev.mysql.com/doc/refman/5.5/en/union.html'),(308,'TO_DAYS',32,'Syntax:\nTO_DAYS(date)\n\nGiven a date date, returns a day number (the number of days since year\n0).\n\nURL: http://dev.mysql.com/doc/refman/5.5/en/date-and-time-functions.html\n\n','mysql> SELECT TO_DAYS(950501);\n        -> 728779\nmysql> SELECT TO_DAYS(\'2007-10-07\');\n        -> 733321\n','http://dev.mysql.com/doc/refman/5.5/en/date-and-time-functions.html'),(309,'NOT REGEXP',38,'Syntax:\nexpr NOT REGEXP pat, expr NOT RLIKE pat\n\nThis is the same as NOT (expr REGEXP pat).\n\nURL: http://dev.mysql.com/doc/refman/5.5/en/regexp.html\n\n','','http://dev.mysql.com/doc/refman/5.5/en/regexp.html'),(310,'SHOW INDEX',27,'Syntax:\nSHOW {INDEX | INDEXES | KEYS}\n    {FROM | IN} tbl_name\n    [{FROM | IN} db_name]\n    [WHERE expr]\n\nSHOW INDEX returns table index information. The format resembles that\nof the SQLStatistics call in ODBC. This statement requires some\nprivilege for any column in the table.\nYou can use db_name.tbl_name as an alternative to the tbl_name FROM\ndb_name syntax. These two statements are equivalent:\n\nSHOW INDEX FROM mytable FROM mydb;\nSHOW INDEX FROM mydb.mytable;\n\nThe WHERE clause can be given to select rows using more general\nconditions, as discussed in\nhttp://dev.mysql.com/doc/refman/5.5/en/extended-show.html.\n\nYou can also list a table\'s indexes with the mysqlshow -k db_name\ntbl_name command.\n\nURL: http://dev.mysql.com/doc/refman/5.5/en/show-index.html\n\n','','http://dev.mysql.com/doc/refman/5.5/en/show-index.html'),(311,'SHOW CREATE DATABASE',27,'Syntax:\nSHOW CREATE {DATABASE | SCHEMA} [IF NOT EXISTS] db_name\n\nShows the CREATE DATABASE statement that creates the named database. If\nthe SHOW statement includes an IF NOT EXISTS clause, the output too\nincludes such a clause. SHOW CREATE SCHEMA is a synonym for SHOW CREATE\nDATABASE.\n\nURL: http://dev.mysql.com/doc/refman/5.5/en/show-create-database.html\n\n','mysql> SHOW CREATE DATABASE test\\G\n*************************** 1. row ***************************\n       Database: test\nCreate Database: CREATE DATABASE `test`\n                 /*!40100 DEFAULT CHARACTER SET latin1 */\n\nmysql> SHOW CREATE SCHEMA test\\G\n*************************** 1. row ***************************\n       Database: test\nCreate Database: CREATE DATABASE `test`\n                 /*!40100 DEFAULT CHARACTER SET latin1 */\n','http://dev.mysql.com/doc/refman/5.5/en/show-create-database.html'),(312,'LEAVE',24,'Syntax:\nLEAVE label\n\nThis statement is used to exit the flow control construct that has the\ngiven label. If the label is for the outermost stored program block,\nLEAVE exits the program.\n\nLEAVE can be used within BEGIN ... END or loop constructs (LOOP,\nREPEAT, WHILE).\n\nURL: http://dev.mysql.com/doc/refman/5.5/en/leave.html\n\n','','http://dev.mysql.com/doc/refman/5.5/en/leave.html'),(313,'NOT IN',20,'Syntax:\nexpr NOT IN (value,...)\n\nThis is the same as NOT (expr IN (value,...)).\n\nURL: http://dev.mysql.com/doc/refman/5.5/en/comparison-operators.html\n\n','','http://dev.mysql.com/doc/refman/5.5/en/comparison-operators.html'),(314,'!',15,'Syntax:\nNOT, !\n\nLogical NOT. Evaluates to 1 if the operand is 0, to 0 if the operand is\nnonzero, and NOT NULL returns NULL.\n\nURL: http://dev.mysql.com/doc/refman/5.5/en/logical-operators.html\n\n','mysql> SELECT NOT 10;\n        -> 0\nmysql> SELECT NOT 0;\n        -> 1\nmysql> SELECT NOT NULL;\n        -> NULL\nmysql> SELECT ! (1+1);\n        -> 0\nmysql> SELECT ! 1+1;\n        -> 1\n','http://dev.mysql.com/doc/refman/5.5/en/logical-operators.html'),(315,'DECLARE HANDLER',24,'Syntax:\nDECLARE handler_action HANDLER\n    FOR condition_value [, condition_value] ...\n    statement\n\nhandler_action:\n    CONTINUE\n  | EXIT\n  | UNDO\n\ncondition_value:\n    mysql_error_code\n  | SQLSTATE [VALUE] sqlstate_value\n  | condition_name\n  | SQLWARNING\n  | NOT FOUND\n  | SQLEXCEPTION\n\nThe DECLARE ... HANDLER statement specifies a handler that deals with\none or more conditions. If one of these conditions occurs, the\nspecified statement executes. statement can be a simple statement such\nas SET var_name = value, or a compound statement written using BEGIN\nand END (see [HELP BEGIN END]).\n\nHandler declarations must appear after variable or condition\ndeclarations.\n\nThe handler_action value indicates what action the handler takes after\nexecution of the handler statement:\n\no CONTINUE: Execution of the current program continues.\n\no EXIT: Execution terminates for the BEGIN ... END compound statement\n  in which the handler is declared. This is true even if the condition\n  occurs in an inner block.\n\no UNDO: Not supported.\n\nThe condition_value for DECLARE ... HANDLER indicates the specific\ncondition or class of conditions that activates the handler:\n\no A MySQL error code (a number) or an SQLSTATE value (a 5-character\n  string literal). You should not use MySQL error code 0 or SQLSTATE\n  values that begin with \'00\', because those indicate success rather\n  than an error condition. For a list of MySQL error codes and SQLSTATE\n  values, see\n  http://dev.mysql.com/doc/refman/5.5/en/error-messages-server.html.\n\no A condition name previously specified with DECLARE ... CONDITION. A\n  condition name can be associated with a MySQL error code or SQLSTATE\n  value. See [HELP DECLARE CONDITION].\n\no SQLWARNING is shorthand for the class of SQLSTATE values that begin\n  with \'01\'.\n\no NOT FOUND is shorthand for the class of SQLSTATE values that begin\n  with \'02\'. This is relevant within the context of cursors and is used\n  to control what happens when a cursor reaches the end of a data set.\n  If no more rows are available, a No Data condition occurs with\n  SQLSTATE value \'02000\'. To detect this condition, you can set up a\n  handler for it (or for a NOT FOUND condition). For an example, see\n  http://dev.mysql.com/doc/refman/5.5/en/cursors.html. This condition\n  also occurs for SELECT ... INTO var_list statements that retrieve no\n  rows.\n\no SQLEXCEPTION is shorthand for the class of SQLSTATE values that do\n  not begin with \'00\', \'01\', or \'02\'.\n\nIf a condition occurs for which no handler has been declared, the\naction taken depends on the condition class:\n\no For SQLEXCEPTION conditions, the stored program terminates at the\n  statement that raised the condition, as if there were an EXIT\n  handler. If the program was called by another stored program, the\n  calling program handles the condition using the handler selection\n  rules applied to its own handlers.\n\no For SQLWARNING conditions, the program continues executing, as if\n  there were a CONTINUE handler.\n\no For NOT FOUND conditions, if the condition was raised normally, the\n  action is CONTINUE. If it was raised by SIGNAL or RESIGNAL, the\n  action is EXIT.\n\nURL: http://dev.mysql.com/doc/refman/5.5/en/declare-handler.html\n\n','mysql> CREATE TABLE test.t (s1 INT, PRIMARY KEY (s1));\nQuery OK, 0 rows affected (0.00 sec)\n\nmysql> delimiter //\n\nmysql> CREATE PROCEDURE handlerdemo ()\n    -> BEGIN\n    ->   DECLARE CONTINUE HANDLER FOR SQLSTATE \'23000\' SET @x2 = 1;\n    ->   SET @x = 1;\n    ->   INSERT INTO test.t VALUES (1);\n    ->   SET @x = 2;\n    ->   INSERT INTO test.t VALUES (1);\n    ->   SET @x = 3;\n    -> END;\n    -> //\nQuery OK, 0 rows affected (0.00 sec)\n\nmysql> CALL handlerdemo()//\nQuery OK, 0 rows affected, 1 warning (0.01 sec)\n\nmysql> SHOW WARNINGS//\n+-------+------+---------------------------------------+\n| Level | Code | Message                               |\n+-------+------+---------------------------------------+\n| Error | 1062 | Duplicate entry \'1\' for key \'PRIMARY\' |\n+-------+------+---------------------------------------+\n1 row in set (0.00 sec)\n\n\nmysql> SELECT @x//\n    +------+\n    | @x   |\n    +------+\n    | 3    |\n    +------+\n    1 row in set (0.00 sec)\n','http://dev.mysql.com/doc/refman/5.5/en/declare-handler.html'),(316,'DOUBLE',23,'DOUBLE[(M,D)] [UNSIGNED] [ZEROFILL]\n\nA normal-size (double-precision) floating-point number. Permissible\nvalues are -1.7976931348623157E+308 to -2.2250738585072014E-308, 0, and\n2.2250738585072014E-308 to 1.7976931348623157E+308. These are the\ntheoretical limits, based on the IEEE standard. The actual range might\nbe slightly smaller depending on your hardware or operating system.\n\nM is the total number of digits and D is the number of digits following\nthe decimal point. If M and D are omitted, values are stored to the\nlimits permitted by the hardware. A double-precision floating-point\nnumber is accurate to approximately 15 decimal places.\n\nUNSIGNED, if specified, disallows negative values.\n\nURL: http://dev.mysql.com/doc/refman/5.5/en/numeric-type-overview.html\n\n','','http://dev.mysql.com/doc/refman/5.5/en/numeric-type-overview.html'),(317,'TIME',23,'TIME\n\nA time. The range is \'-838:59:59\' to \'838:59:59\'. MySQL displays TIME\nvalues in \'HH:MM:SS\' format, but permits assignment of values to TIME\ncolumns using either strings or numbers.\n\nURL: http://dev.mysql.com/doc/refman/5.5/en/date-and-time-type-overview.html\n\n','','http://dev.mysql.com/doc/refman/5.5/en/date-and-time-type-overview.html'),(318,'&&',15,'Syntax:\nAND, &&\n\nLogical AND. Evaluates to 1 if all operands are nonzero and not NULL,\nto 0 if one or more operands are 0, otherwise NULL is returned.\n\nURL: http://dev.mysql.com/doc/refman/5.5/en/logical-operators.html\n\n','mysql> SELECT 1 && 1;\n        -> 1\nmysql> SELECT 1 && 0;\n        -> 0\nmysql> SELECT 1 && NULL;\n        -> NULL\nmysql> SELECT 0 && NULL;\n        -> 0\nmysql> SELECT NULL && 0;\n        -> 0\n','http://dev.mysql.com/doc/refman/5.5/en/logical-operators.html'),(319,'X',11,'X(p)\n\nReturns the X-coordinate value for the Point object p as a\ndouble-precision number.\n\nURL: http://dev.mysql.com/doc/refman/5.5/en/gis-point-property-functions.html\n\n','mysql> SELECT X(POINT(56.7, 53.34));\n+-----------------------+\n| X(POINT(56.7, 53.34)) |\n+-----------------------+\n|                  56.7 |\n+-----------------------+\n','http://dev.mysql.com/doc/refman/5.5/en/gis-point-property-functions.html'),(320,'SYSTEM_USER',17,'Syntax:\nSYSTEM_USER()\n\nSYSTEM_USER() is a synonym for USER().\n\nURL: http://dev.mysql.com/doc/refman/5.5/en/information-functions.html\n\n','','http://dev.mysql.com/doc/refman/5.5/en/information-functions.html'),(321,'FOUND_ROWS',17,'Syntax:\nFOUND_ROWS()\n\nA SELECT statement may include a LIMIT clause to restrict the number of\nrows the server returns to the client. In some cases, it is desirable\nto know how many rows the statement would have returned without the\nLIMIT, but without running the statement again. To obtain this row\ncount, include a SQL_CALC_FOUND_ROWS option in the SELECT statement,\nand then invoke FOUND_ROWS() afterward:\n\nURL: http://dev.mysql.com/doc/refman/5.5/en/information-functions.html\n\n','mysql> SELECT SQL_CALC_FOUND_ROWS * FROM tbl_name\n    -> WHERE id > 100 LIMIT 10;\nmysql> SELECT FOUND_ROWS();\n','http://dev.mysql.com/doc/refman/5.5/en/information-functions.html'),(322,'CROSSES',31,'Crosses(g1,g2)\n\nReturns 1 if g1 spatially crosses g2. Returns NULL if g1 is a Polygon\nor a MultiPolygon, or if g2 is a Point or a MultiPoint. Otherwise,\nreturns 0.\n\nThe term spatially crosses denotes a spatial relation between two given\ngeometries that has the following properties:\n\no The two geometries intersect\n\no Their intersection results in a geometry that has a dimension that is\n  one less than the maximum dimension of the two given geometries\n\no Their intersection is not equal to either of the two given geometries\n\nURL: http://dev.mysql.com/doc/refman/5.5/en/spatial-relation-functions-mbr.html\n\n','','http://dev.mysql.com/doc/refman/5.5/en/spatial-relation-functions-mbr.html'),(323,'TRUNCATE TABLE',40,'Syntax:\nTRUNCATE [TABLE] tbl_name\n\nTRUNCATE TABLE empties a table completely. It requires the DROP\nprivilege.\n\nLogically, TRUNCATE TABLE is similar to a DELETE statement that deletes\nall rows, or a sequence of DROP TABLE and CREATE TABLE statements. To\nachieve high performance, it bypasses the DML method of deleting data.\nThus, it cannot be rolled back, it does not cause ON DELETE triggers to\nfire, and it cannot be performed for InnoDB tables with parent-child\nforeign key relationships.\n\nAlthough TRUNCATE TABLE is similar to DELETE, it is classified as a DDL\nstatement rather than a DML statement. It differs from DELETE in the\nfollowing ways in MySQL 5.5:\n\no Truncate operations drop and re-create the table, which is much\n  faster than deleting rows one by one, particularly for large tables.\n\no Truncate operations cause an implicit commit, and so cannot be rolled\n  back.\n\no Truncation operations cannot be performed if the session holds an\n  active table lock.\n\no TRUNCATE TABLE fails for an InnoDB table if there are any FOREIGN KEY\n  constraints from other tables that reference the table. Foreign key\n  constraints between columns of the same table are permitted.\n\no Truncation operations do not return a meaningful value for the number\n  of deleted rows. The usual result is \"0 rows affected,\" which should\n  be interpreted as \"no information.\"\n\no As long as the table format file tbl_name.frm is valid, the table can\n  be re-created as an empty table with TRUNCATE TABLE, even if the data\n  or index files have become corrupted.\n\no Any AUTO_INCREMENT value is reset to its start value. This is true\n  even for MyISAM and InnoDB, which normally do not reuse sequence\n  values.\n\no When used with partitioned tables, TRUNCATE TABLE preserves the\n  partitioning; that is, the data and index files are dropped and\n  re-created, while the partition definitions (.par) file is\n  unaffected.\n\no The TRUNCATE TABLE statement does not invoke ON DELETE triggers.\n\nURL: http://dev.mysql.com/doc/refman/5.5/en/truncate-table.html\n\n','','http://dev.mysql.com/doc/refman/5.5/en/truncate-table.html'),(324,'BIT_XOR',16,'Syntax:\nBIT_XOR(expr)\n\nReturns the bitwise XOR of all bits in expr. The calculation is\nperformed with 64-bit (BIGINT) precision.\n\nURL: http://dev.mysql.com/doc/refman/5.5/en/group-by-functions.html\n\n','','http://dev.mysql.com/doc/refman/5.5/en/group-by-functions.html'),(325,'CURRENT_DATE',32,'Syntax:\nCURRENT_DATE, CURRENT_DATE()\n\nCURRENT_DATE and CURRENT_DATE() are synonyms for CURDATE().\n\nURL: http://dev.mysql.com/doc/refman/5.5/en/date-and-time-functions.html\n\n','','http://dev.mysql.com/doc/refman/5.5/en/date-and-time-functions.html'),(326,'START SLAVE',8,'Syntax:\nSTART SLAVE [thread_types]\n\nSTART SLAVE [SQL_THREAD] UNTIL\n    MASTER_LOG_FILE = \'log_name\', MASTER_LOG_POS = log_pos\n\nSTART SLAVE [SQL_THREAD] UNTIL\n    RELAY_LOG_FILE = \'log_name\', RELAY_LOG_POS = log_pos\n\nthread_types:\n    [thread_type [, thread_type] ... ]\n\nthread_type: IO_THREAD | SQL_THREAD\n\nSTART SLAVE with no thread_type options starts both of the slave\nthreads. The I/O thread reads events from the master server and stores\nthem in the relay log. The SQL thread reads events from the relay log\nand executes them. START SLAVE requires the SUPER privilege.\n\nIf START SLAVE succeeds in starting the slave threads, it returns\nwithout any error. However, even in that case, it might be that the\nslave threads start and then later stop (for example, because they do\nnot manage to connect to the master or read its binary log, or some\nother problem). START SLAVE does not warn you about this. You must\ncheck the slave\'s error log for error messages generated by the slave\nthreads, or check that they are running satisfactorily with SHOW SLAVE\nSTATUS.\n\nURL: http://dev.mysql.com/doc/refman/5.5/en/start-slave.html\n\n','','http://dev.mysql.com/doc/refman/5.5/en/start-slave.html'),(327,'AREA',2,'Area(poly)\n\nReturns a double-precision number indicating the area of the argument,\nas measured in its spatial reference system. For arguments of dimension\n0 or 1, the result is 0.\n\nURL: http://dev.mysql.com/doc/refman/5.5/en/gis-polygon-property-functions.html\n\n','mysql> SET @poly = \'Polygon((0 0,0 3,3 0,0 0),(1 1,1 2,2 1,1 1))\';\nmysql> SELECT Area(GeomFromText(@poly));\n+---------------------------+\n| Area(GeomFromText(@poly)) |\n+---------------------------+\n|                         4 |\n+---------------------------+\n\nmysql> SET @mpoly =\n    -> \'MultiPolygon(((0 0,0 3,3 3,3 0,0 0),(1 1,1 2,2 2,2 1,1 1)))\';\nmysql> SELECT Area(GeomFromText(@mpoly));\n+----------------------------+\n| Area(GeomFromText(@mpoly)) |\n+----------------------------+\n|                          8 |\n+----------------------------+\n','http://dev.mysql.com/doc/refman/5.5/en/gis-polygon-property-functions.html'),(328,'FLUSH',27,'Syntax:\nFLUSH [NO_WRITE_TO_BINLOG | LOCAL]\n    flush_option [, flush_option] ...\n\nThe FLUSH statement has several variant forms that clear or reload\nvarious internal caches, flush tables, or acquire locks. To execute\nFLUSH, you must have the RELOAD privilege. Specific flush options might\nrequire additional privileges, as described later.\n\nBy default, the server writes FLUSH statements to the binary log so\nthat they replicate to replication slaves. To suppress logging, specify\nthe optional NO_WRITE_TO_BINLOG keyword or its alias LOCAL.\n\n*Note*: FLUSH LOGS, FLUSH MASTER, FLUSH SLAVE, and FLUSH TABLES WITH\nREAD LOCK (with or without a table list) are not written to the binary\nlog in any case because they would cause problems if replicated to a\nslave.\n\nSending a SIGHUP signal to the server causes several flush operations\nto occur that are similar to various forms of the FLUSH statement. See\nhttp://dev.mysql.com/doc/refman/5.5/en/server-signal-response.html.\n\nThe FLUSH statement causes an implicit commit. See\nhttp://dev.mysql.com/doc/refman/5.5/en/implicit-commit.html.\n\nThe RESET statement is similar to FLUSH. See [HELP RESET], for\ninformation about using the RESET statement with replication.\n\nURL: http://dev.mysql.com/doc/refman/5.5/en/flush.html\n\n','','http://dev.mysql.com/doc/refman/5.5/en/flush.html'),(329,'BEGIN END',24,'Syntax:\n[begin_label:] BEGIN\n    [statement_list]\nEND [end_label]\n\nBEGIN ... END syntax is used for writing compound statements, which can\nappear within stored programs (stored procedures and functions,\ntriggers, and events). A compound statement can contain multiple\nstatements, enclosed by the BEGIN and END keywords. statement_list\nrepresents a list of one or more statements, each terminated by a\nsemicolon (;) statement delimiter. The statement_list itself is\noptional, so the empty compound statement (BEGIN END) is legal.\n\nBEGIN ... END blocks can be nested.\n\nUse of multiple statements requires that a client is able to send\nstatement strings containing the ; statement delimiter. In the mysql\ncommand-line client, this is handled with the delimiter command.\nChanging the ; end-of-statement delimiter (for example, to //) permit ;\nto be used in a program body. For an example, see\nhttp://dev.mysql.com/doc/refman/5.5/en/stored-programs-defining.html.\n\nA BEGIN ... END block can be labeled. See [HELP labels].\n\nURL: http://dev.mysql.com/doc/refman/5.5/en/begin-end.html\n\n','','http://dev.mysql.com/doc/refman/5.5/en/begin-end.html'),(330,'SHOW PROCEDURE STATUS',27,'Syntax:\nSHOW PROCEDURE STATUS\n    [LIKE \'pattern\' | WHERE expr]\n\nThis statement is a MySQL extension. It returns characteristics of a\nstored procedure, such as the database, name, type, creator, creation\nand modification dates, and character set information. A similar\nstatement, SHOW FUNCTION STATUS, displays information about stored\nfunctions (see [HELP SHOW FUNCTION STATUS]).\n\nThe LIKE clause, if present, indicates which procedure or function\nnames to match. The WHERE clause can be given to select rows using more\ngeneral conditions, as discussed in\nhttp://dev.mysql.com/doc/refman/5.5/en/extended-show.html.\n\nURL: http://dev.mysql.com/doc/refman/5.5/en/show-procedure-status.html\n\n','mysql> SHOW PROCEDURE STATUS LIKE \'sp1\'\\G\n*************************** 1. row ***************************\n                  Db: test\n                Name: sp1\n                Type: PROCEDURE\n             Definer: testuser@localhost\n            Modified: 2004-08-03 15:29:37\n             Created: 2004-08-03 15:29:37\n       Security_type: DEFINER\n             Comment:\ncharacter_set_client: latin1\ncollation_connection: latin1_swedish_ci\n  Database Collation: latin1_swedish_ci\n','http://dev.mysql.com/doc/refman/5.5/en/show-procedure-status.html'),(331,'SHOW WARNINGS',27,'Syntax:\nSHOW WARNINGS [LIMIT [offset,] row_count]\nSHOW COUNT(*) WARNINGS\n\nSHOW WARNINGS is a diagnostic statement that displays information about\nthe conditions (errors, warnings, and notes) resulting from executing a\nstatement in the current session. Warnings are generated for DML\nstatements such as INSERT, UPDATE, and LOAD DATA INFILE as well as DDL\nstatements such as CREATE TABLE and ALTER TABLE.\n\nThe LIMIT clause has the same syntax as for the SELECT statement. See\nhttp://dev.mysql.com/doc/refman/5.5/en/select.html.\n\nSHOW WARNINGS is also used following EXPLAIN EXTENDED, to display the\nextra information generated by EXPLAIN when the EXTENDED keyword is\nused. See http://dev.mysql.com/doc/refman/5.5/en/explain-extended.html.\n\nSHOW WARNINGS displays information about the conditions resulting from\nthe most recent statement in the current session that generated\nmessages. It shows nothing if the most recent statement used a table\nand generated no messages. (That is, statements that use a table but\ngenerate no messages clear the message list.) Statements that do not\nuse tables and do not generate messages have no effect on the message\nlist.\n\nThe SHOW COUNT(*) WARNINGS diagnostic statement displays the total\nnumber of errors, warnings, and notes. You can also retrieve this\nnumber from the warning_count system variable:\n\nSHOW COUNT(*) WARNINGS;\nSELECT @@warning_count;\n\nA related diagnostic statement, SHOW ERRORS, shows only error\nconditions (it excludes warnings and notes), and SHOW COUNT(*) ERRORS\nstatement displays the total number of errors. See [HELP SHOW ERRORS].\n\nURL: http://dev.mysql.com/doc/refman/5.5/en/show-warnings.html\n\n','','http://dev.mysql.com/doc/refman/5.5/en/show-warnings.html'),(332,'DROP USER',10,'Syntax:\nDROP USER user [, user] ...\n\nThe DROP USER statement removes one or more MySQL accounts and their\nprivileges. It removes privilege rows for the account from all grant\ntables. An error occurs for accounts that do not exist. To use this\nstatement, you must have the global CREATE USER privilege or the DELETE\nprivilege for the mysql database.\n\nEach account name uses the format described in\nhttp://dev.mysql.com/doc/refman/5.5/en/account-names.html. For example:\n\nDROP USER \'jeffrey\'@\'localhost\';\n\nIf you specify only the user name part of the account name, a host name\npart of \'%\' is used.\n\nURL: http://dev.mysql.com/doc/refman/5.5/en/drop-user.html\n\n','','http://dev.mysql.com/doc/refman/5.5/en/drop-user.html'),(333,'STDDEV_POP',16,'Syntax:\nSTDDEV_POP(expr)\n\nReturns the population standard deviation of expr (the square root of\nVAR_POP()). You can also use STD() or STDDEV(), which are equivalent\nbut not standard SQL.\n\nSTDDEV_POP() returns NULL if there were no matching rows.\n\nURL: http://dev.mysql.com/doc/refman/5.5/en/group-by-functions.html\n\n','','http://dev.mysql.com/doc/refman/5.5/en/group-by-functions.html'),(334,'SHOW CHARACTER SET',27,'Syntax:\nSHOW CHARACTER SET\n    [LIKE \'pattern\' | WHERE expr]\n\nThe SHOW CHARACTER SET statement shows all available character sets.\nThe LIKE clause, if present, indicates which character set names to\nmatch. The WHERE clause can be given to select rows using more general\nconditions, as discussed in\nhttp://dev.mysql.com/doc/refman/5.5/en/extended-show.html. For example:\n\nmysql> SHOW CHARACTER SET LIKE \'latin%\';\n+---------+-----------------------------+-------------------+--------+\n| Charset | Description                 | Default collation | Maxlen |\n+---------+-----------------------------+-------------------+--------+\n| latin1  | cp1252 West European        | latin1_swedish_ci |      1 |\n| latin2  | ISO 8859-2 Central European | latin2_general_ci |      1 |\n| latin5  | ISO 8859-9 Turkish          | latin5_turkish_ci |      1 |\n| latin7  | ISO 8859-13 Baltic          | latin7_general_ci |      1 |\n+---------+-----------------------------+-------------------+--------+\n\nURL: http://dev.mysql.com/doc/refman/5.5/en/show-character-set.html\n\n','','http://dev.mysql.com/doc/refman/5.5/en/show-character-set.html'),(335,'SUBSTRING',38,'Syntax:\nSUBSTRING(str,pos), SUBSTRING(str FROM pos), SUBSTRING(str,pos,len),\nSUBSTRING(str FROM pos FOR len)\n\nThe forms without a len argument return a substring from string str\nstarting at position pos. The forms with a len argument return a\nsubstring len characters long from string str, starting at position\npos. The forms that use FROM are standard SQL syntax. It is also\npossible to use a negative value for pos. In this case, the beginning\nof the substring is pos characters from the end of the string, rather\nthan the beginning. A negative value may be used for pos in any of the\nforms of this function.\n\nFor all forms of SUBSTRING(), the position of the first character in\nthe string from which the substring is to be extracted is reckoned as\n1.\n\nURL: http://dev.mysql.com/doc/refman/5.5/en/string-functions.html\n\n','mysql> SELECT SUBSTRING(\'Quadratically\',5);\n        -> \'ratically\'\nmysql> SELECT SUBSTRING(\'foobarbar\' FROM 4);\n        -> \'barbar\'\nmysql> SELECT SUBSTRING(\'Quadratically\',5,6);\n        -> \'ratica\'\nmysql> SELECT SUBSTRING(\'Sakila\', -3);\n        -> \'ila\'\nmysql> SELECT SUBSTRING(\'Sakila\', -5, 3);\n        -> \'aki\'\nmysql> SELECT SUBSTRING(\'Sakila\' FROM -4 FOR 2);\n        -> \'ki\'\n','http://dev.mysql.com/doc/refman/5.5/en/string-functions.html'),(336,'ISEMPTY',37,'IsEmpty(g)\n\nThis function is a placeholder that returns 0 for any valid geometry\nvalue, 1 for any invalid geometry value or NULL.\n\nMySQL does not support GIS EMPTY values such as POINT EMPTY.\n\nURL: http://dev.mysql.com/doc/refman/5.5/en/gis-general-property-functions.html\n\n','','http://dev.mysql.com/doc/refman/5.5/en/gis-general-property-functions.html'),(337,'SHOW FUNCTION STATUS',27,'Syntax:\nSHOW FUNCTION STATUS\n    [LIKE \'pattern\' | WHERE expr]\n\nThis statement is similar to SHOW PROCEDURE STATUS but for stored\nfunctions. See [HELP SHOW PROCEDURE STATUS].\n\nURL: http://dev.mysql.com/doc/refman/5.5/en/show-function-status.html\n\n','','http://dev.mysql.com/doc/refman/5.5/en/show-function-status.html'),(338,'LTRIM',38,'Syntax:\nLTRIM(str)\n\nReturns the string str with leading space characters removed.\n\nURL: http://dev.mysql.com/doc/refman/5.5/en/string-functions.html\n\n','mysql> SELECT LTRIM(\'  barbar\');\n        -> \'barbar\'\n','http://dev.mysql.com/doc/refman/5.5/en/string-functions.html'),(339,'INTERSECTS',31,'Intersects(g1,g2)\n\nReturns 1 or 0 to indicate whether g1 spatially intersects g2.\n\nURL: http://dev.mysql.com/doc/refman/5.5/en/spatial-relation-functions-mbr.html\n\n','','http://dev.mysql.com/doc/refman/5.5/en/spatial-relation-functions-mbr.html'),(340,'CALL',28,'Syntax:\nCALL sp_name([parameter[,...]])\nCALL sp_name[()]\n\nThe CALL statement invokes a stored procedure that was defined\npreviously with CREATE PROCEDURE.\n\nStored procedures that take no arguments can be invoked without\nparentheses. That is, CALL p() and CALL p are equivalent.\n\nCALL can pass back values to its caller using parameters that are\ndeclared as OUT or INOUT parameters. When the procedure returns, a\nclient program can also obtain the number of rows affected for the\nfinal statement executed within the routine: At the SQL level, call the\nROW_COUNT() function; from the C API, call the mysql_affected_rows()\nfunction.\n\nURL: http://dev.mysql.com/doc/refman/5.5/en/call.html\n\n','','http://dev.mysql.com/doc/refman/5.5/en/call.html'),(341,'VALUES',14,'Syntax:\nVALUES(col_name)\n\nIn an INSERT ... ON DUPLICATE KEY UPDATE statement, you can use the\nVALUES(col_name) function in the UPDATE clause to refer to column\nvalues from the INSERT portion of the statement. In other words,\nVALUES(col_name) in the UPDATE clause refers to the value of col_name\nthat would be inserted, had no duplicate-key conflict occurred. This\nfunction is especially useful in multiple-row inserts. The VALUES()\nfunction is meaningful only in the ON DUPLICATE KEY UPDATE clause of\nINSERT statements and returns NULL otherwise. See\nhttp://dev.mysql.com/doc/refman/5.5/en/insert-on-duplicate.html.\n\nURL: http://dev.mysql.com/doc/refman/5.5/en/miscellaneous-functions.html\n\n','mysql> INSERT INTO table (a,b,c) VALUES (1,2,3),(4,5,6)\n    -> ON DUPLICATE KEY UPDATE c=VALUES(a)+VALUES(b);\n','http://dev.mysql.com/doc/refman/5.5/en/miscellaneous-functions.html'),(342,'MBRDISJOINT',7,'MBRDisjoint(g1,g2)\n\nReturns 1 or 0 to indicate whether the minimum bounding rectangles of\nthe two geometries g1 and g2 are disjoint (do not intersect).\n\nURL: http://dev.mysql.com/doc/refman/5.5/en/spatial-relation-functions-mysql-specific.html\n\n','','http://dev.mysql.com/doc/refman/5.5/en/spatial-relation-functions-mysql-specific.html'),(343,'SUBSTRING_INDEX',38,'Syntax:\nSUBSTRING_INDEX(str,delim,count)\n\nReturns the substring from string str before count occurrences of the\ndelimiter delim. If count is positive, everything to the left of the\nfinal delimiter (counting from the left) is returned. If count is\nnegative, everything to the right of the final delimiter (counting from\nthe right) is returned. SUBSTRING_INDEX() performs a case-sensitive\nmatch when searching for delim.\n\nURL: http://dev.mysql.com/doc/refman/5.5/en/string-functions.html\n\n','mysql> SELECT SUBSTRING_INDEX(\'www.mysql.com\', \'.\', 2);\n        -> \'www.mysql\'\nmysql> SELECT SUBSTRING_INDEX(\'www.mysql.com\', \'.\', -2);\n        -> \'mysql.com\'\n','http://dev.mysql.com/doc/refman/5.5/en/string-functions.html'),(344,'ENCODE',12,'Syntax:\nENCODE(str,pass_str)\n\nEncrypt str using pass_str as the password. The result is a binary\nstring of the same length as str. To decrypt the result, use DECODE().\n\nThe ENCODE() function should no longer be used. If you still need to\nuse ENCODE(), a salt value must be used with it to reduce risk. For\nexample:\n\nENCODE(\'plaintext\', CONCAT(\'my_random_salt\',\'my_secret_password\'))\n\nA new random salt value must be used whenever a password is updated.\n\nURL: http://dev.mysql.com/doc/refman/5.5/en/encryption-functions.html\n\n','','http://dev.mysql.com/doc/refman/5.5/en/encryption-functions.html'),(345,'LOOP',24,'Syntax:\n[begin_label:] LOOP\n    statement_list\nEND LOOP [end_label]\n\nLOOP implements a simple loop construct, enabling repeated execution of\nthe statement list, which consists of one or more statements, each\nterminated by a semicolon (;) statement delimiter. The statements\nwithin the loop are repeated until the loop is terminated. Usually,\nthis is accomplished with a LEAVE statement. Within a stored function,\nRETURN can also be used, which exits the function entirely.\n\nNeglecting to include a loop-termination statement results in an\ninfinite loop.\n\nA LOOP statement can be labeled. For the rules regarding label use, see\n[HELP labels].\n\nURL: http://dev.mysql.com/doc/refman/5.5/en/loop.html\n\n','CREATE PROCEDURE doiterate(p1 INT)\nBEGIN\n  label1: LOOP\n    SET p1 = p1 + 1;\n    IF p1 < 10 THEN\n      ITERATE label1;\n    END IF;\n    LEAVE label1;\n  END LOOP label1;\n  SET @x = p1;\nEND;\n','http://dev.mysql.com/doc/refman/5.5/en/loop.html'),(346,'TRUNCATE',3,'Syntax:\nTRUNCATE(X,D)\n\nReturns the number X, truncated to D decimal places. If D is 0, the\nresult has no decimal point or fractional part. D can be negative to\ncause D digits left of the decimal point of the value X to become zero.\n\nURL: http://dev.mysql.com/doc/refman/5.5/en/mathematical-functions.html\n\n','mysql> SELECT TRUNCATE(1.223,1);\n        -> 1.2\nmysql> SELECT TRUNCATE(1.999,1);\n        -> 1.9\nmysql> SELECT TRUNCATE(1.999,0);\n        -> 1\nmysql> SELECT TRUNCATE(-1.999,1);\n        -> -1.9\nmysql> SELECT TRUNCATE(122,-2);\n       -> 100\nmysql> SELECT TRUNCATE(10.28*100,0);\n       -> 1028\n','http://dev.mysql.com/doc/refman/5.5/en/mathematical-functions.html'),(347,'TIMESTAMPADD',32,'Syntax:\nTIMESTAMPADD(unit,interval,datetime_expr)\n\nAdds the integer expression interval to the date or datetime expression\ndatetime_expr. The unit for interval is given by the unit argument,\nwhich should be one of the following values: MICROSECOND\n(microseconds), SECOND, MINUTE, HOUR, DAY, WEEK, MONTH, QUARTER, or\nYEAR.\n\nIt is possible to use FRAC_SECOND in place of MICROSECOND, but\nFRAC_SECOND is deprecated. FRAC_SECOND was removed in MySQL 5.5.3.\n\nThe unit value may be specified using one of keywords as shown, or with\na prefix of SQL_TSI_. For example, DAY and SQL_TSI_DAY both are legal.\n\nURL: http://dev.mysql.com/doc/refman/5.5/en/date-and-time-functions.html\n\n','mysql> SELECT TIMESTAMPADD(MINUTE,1,\'2003-01-02\');\n        -> \'2003-01-02 00:01:00\'\nmysql> SELECT TIMESTAMPADD(WEEK,1,\'2003-01-02\');\n        -> \'2003-01-09\'\n','http://dev.mysql.com/doc/refman/5.5/en/date-and-time-functions.html'),(348,'SHOW',27,'SHOW has many forms that provide information about databases, tables,\ncolumns, or status information about the server. This section describes\nthose following:\n\nSHOW AUTHORS\nSHOW {BINARY | MASTER} LOGS\nSHOW BINLOG EVENTS [IN \'log_name\'] [FROM pos] [LIMIT [offset,] row_count]\nSHOW CHARACTER SET [like_or_where]\nSHOW COLLATION [like_or_where]\nSHOW [FULL] COLUMNS FROM tbl_name [FROM db_name] [like_or_where]\nSHOW CONTRIBUTORS\nSHOW CREATE DATABASE db_name\nSHOW CREATE EVENT event_name\nSHOW CREATE FUNCTION func_name\nSHOW CREATE PROCEDURE proc_name\nSHOW CREATE TABLE tbl_name\nSHOW CREATE TRIGGER trigger_name\nSHOW CREATE VIEW view_name\nSHOW DATABASES [like_or_where]\nSHOW ENGINE engine_name {STATUS | MUTEX}\nSHOW [STORAGE] ENGINES\nSHOW ERRORS [LIMIT [offset,] row_count]\nSHOW EVENTS\nSHOW FUNCTION CODE func_name\nSHOW FUNCTION STATUS [like_or_where]\nSHOW GRANTS FOR user\nSHOW INDEX FROM tbl_name [FROM db_name]\nSHOW MASTER STATUS\nSHOW OPEN TABLES [FROM db_name] [like_or_where]\nSHOW PLUGINS\nSHOW PROCEDURE CODE proc_name\nSHOW PROCEDURE STATUS [like_or_where]\nSHOW PRIVILEGES\nSHOW [FULL] PROCESSLIST\nSHOW PROFILE [types] [FOR QUERY n] [OFFSET n] [LIMIT n]\nSHOW PROFILES\nSHOW SLAVE HOSTS\nSHOW SLAVE STATUS\nSHOW [GLOBAL | SESSION] STATUS [like_or_where]\nSHOW TABLE STATUS [FROM db_name] [like_or_where]\nSHOW [FULL] TABLES [FROM db_name] [like_or_where]\nSHOW TRIGGERS [FROM db_name] [like_or_where]\nSHOW [GLOBAL | SESSION] VARIABLES [like_or_where]\nSHOW WARNINGS [LIMIT [offset,] row_count]\n\nlike_or_where:\n    LIKE \'pattern\'\n  | WHERE expr\n\nIf the syntax for a given SHOW statement includes a LIKE \'pattern\'\npart, \'pattern\' is a string that can contain the SQL \"%\" and \"_\"\nwildcard characters. The pattern is useful for restricting statement\noutput to matching values.\n\nSeveral SHOW statements also accept a WHERE clause that provides more\nflexibility in specifying which rows to display. See\nhttp://dev.mysql.com/doc/refman/5.5/en/extended-show.html.\n\nURL: http://dev.mysql.com/doc/refman/5.5/en/show.html\n\n','','http://dev.mysql.com/doc/refman/5.5/en/show.html'),(349,'GREATEST',20,'Syntax:\nGREATEST(value1,value2,...)\n\nWith two or more arguments, returns the largest (maximum-valued)\nargument. The arguments are compared using the same rules as for\nLEAST().\n\nURL: http://dev.mysql.com/doc/refman/5.5/en/comparison-operators.html\n\n','mysql> SELECT GREATEST(2,0);\n        -> 2\nmysql> SELECT GREATEST(34.0,3.0,5.0,767.0);\n        -> 767.0\nmysql> SELECT GREATEST(\'B\',\'A\',\'C\');\n        -> \'C\'\n','http://dev.mysql.com/doc/refman/5.5/en/comparison-operators.html'),(350,'SHOW VARIABLES',27,'Syntax:\nSHOW [GLOBAL | SESSION] VARIABLES\n    [LIKE \'pattern\' | WHERE expr]\n\nSHOW VARIABLES shows the values of MySQL system variables. This\ninformation also can be obtained using the mysqladmin variables\ncommand. The LIKE clause, if present, indicates which variable names to\nmatch. The WHERE clause can be given to select rows using more general\nconditions, as discussed in\nhttp://dev.mysql.com/doc/refman/5.5/en/extended-show.html. This\nstatement does not require any privilege. It requires only the ability\nto connect to the server.\n\nWith the GLOBAL modifier, SHOW VARIABLES displays the values that are\nused for new connections to MySQL. As of MySQL 5.5.3, if a variable has\nno global value, no value is displayed. Before 5.5.3, the session value\nis displayed. With SESSION, SHOW VARIABLES displays the values that are\nin effect for the current connection. If no modifier is present, the\ndefault is SESSION. LOCAL is a synonym for SESSION.\nWith a LIKE clause, the statement displays only rows for those\nvariables with names that match the pattern. To obtain the row for a\nspecific variable, use a LIKE clause as shown:\n\nSHOW VARIABLES LIKE \'max_join_size\';\nSHOW SESSION VARIABLES LIKE \'max_join_size\';\n\nTo get a list of variables whose name match a pattern, use the \"%\"\nwildcard character in a LIKE clause:\n\nSHOW VARIABLES LIKE \'%size%\';\nSHOW GLOBAL VARIABLES LIKE \'%size%\';\n\nWildcard characters can be used in any position within the pattern to\nbe matched. Strictly speaking, because \"_\" is a wildcard that matches\nany single character, you should escape it as \"\\_\" to match it\nliterally. In practice, this is rarely necessary.\n\nURL: http://dev.mysql.com/doc/refman/5.5/en/show-variables.html\n\n','','http://dev.mysql.com/doc/refman/5.5/en/show-variables.html'),(351,'BINLOG',27,'Syntax:\nBINLOG \'str\'\n\nBINLOG is an internal-use statement. It is generated by the mysqlbinlog\nprogram as the printable representation of certain events in binary log\nfiles. (See http://dev.mysql.com/doc/refman/5.5/en/mysqlbinlog.html.)\nThe \'str\' value is a base 64-encoded string the that server decodes to\ndetermine the data change indicated by the corresponding event. This\nstatement requires the SUPER privilege.\n\nURL: http://dev.mysql.com/doc/refman/5.5/en/binlog.html\n\n','','http://dev.mysql.com/doc/refman/5.5/en/binlog.html'),(352,'BIT_AND',16,'Syntax:\nBIT_AND(expr)\n\nReturns the bitwise AND of all bits in expr. The calculation is\nperformed with 64-bit (BIGINT) precision.\n\nURL: http://dev.mysql.com/doc/refman/5.5/en/group-by-functions.html\n\n','','http://dev.mysql.com/doc/refman/5.5/en/group-by-functions.html'),(353,'SECOND',32,'Syntax:\nSECOND(time)\n\nReturns the second for time, in the range 0 to 59.\n\nURL: http://dev.mysql.com/doc/refman/5.5/en/date-and-time-functions.html\n\n','mysql> SELECT SECOND(\'10:05:03\');\n        -> 3\n','http://dev.mysql.com/doc/refman/5.5/en/date-and-time-functions.html'),(354,'ATAN2',3,'Syntax:\nATAN(Y,X), ATAN2(Y,X)\n\nReturns the arc tangent of the two variables X and Y. It is similar to\ncalculating the arc tangent of Y / X, except that the signs of both\narguments are used to determine the quadrant of the result.\n\nURL: http://dev.mysql.com/doc/refman/5.5/en/mathematical-functions.html\n\n','mysql> SELECT ATAN(-2,2);\n        -> -0.78539816339745\nmysql> SELECT ATAN2(PI(),0);\n        -> 1.5707963267949\n','http://dev.mysql.com/doc/refman/5.5/en/mathematical-functions.html'),(355,'MBRCONTAINS',7,'MBRContains(g1,g2)\n\nReturns 1 or 0 to indicate whether the minimum bounding rectangle of g1\ncontains the minimum bounding rectangle of g2. This tests the opposite\nrelationship as MBRWithin().\n\nURL: http://dev.mysql.com/doc/refman/5.5/en/spatial-relation-functions-mysql-specific.html\n\n','mysql> SET @g1 = GeomFromText(\'Polygon((0 0,0 3,3 3,3 0,0 0))\');\nmysql> SET @g2 = GeomFromText(\'Point(1 1)\');\nmysql> SELECT MBRContains(@g1,@g2), MBRWithin(@g2,@g1);\n+----------------------+--------------------+\n| MBRContains(@g1,@g2) | MBRWithin(@g2,@g1) |\n+----------------------+--------------------+\n|                    1 |                  1 |\n+----------------------+--------------------+\n','http://dev.mysql.com/doc/refman/5.5/en/spatial-relation-functions-mysql-specific.html'),(356,'HOUR',32,'Syntax:\nHOUR(time)\n\nReturns the hour for time. The range of the return value is 0 to 23 for\ntime-of-day values. However, the range of TIME values actually is much\nlarger, so HOUR can return values greater than 23.\n\nURL: http://dev.mysql.com/doc/refman/5.5/en/date-and-time-functions.html\n\n','mysql> SELECT HOUR(\'10:05:03\');\n        -> 10\nmysql> SELECT HOUR(\'272:59:59\');\n        -> 272\n','http://dev.mysql.com/doc/refman/5.5/en/date-and-time-functions.html'),(357,'SELECT',28,'Syntax:\nSELECT\n    [ALL | DISTINCT | DISTINCTROW ]\n      [HIGH_PRIORITY]\n      [STRAIGHT_JOIN]\n      [SQL_SMALL_RESULT] [SQL_BIG_RESULT] [SQL_BUFFER_RESULT]\n      [SQL_CACHE | SQL_NO_CACHE] [SQL_CALC_FOUND_ROWS]\n    select_expr [, select_expr ...]\n    [FROM table_references\n    [WHERE where_condition]\n    [GROUP BY {col_name | expr | position}\n      [ASC | DESC], ... [WITH ROLLUP]]\n    [HAVING where_condition]\n    [ORDER BY {col_name | expr | position}\n      [ASC | DESC], ...]\n    [LIMIT {[offset,] row_count | row_count OFFSET offset}]\n    [PROCEDURE procedure_name(argument_list)]\n    [INTO OUTFILE \'file_name\'\n        [CHARACTER SET charset_name]\n        export_options\n      | INTO DUMPFILE \'file_name\'\n      | INTO var_name [, var_name]]\n    [FOR UPDATE | LOCK IN SHARE MODE]]\n\nSELECT is used to retrieve rows selected from one or more tables, and\ncan include UNION statements and subqueries. See [HELP UNION], and\nhttp://dev.mysql.com/doc/refman/5.5/en/subqueries.html.\n\nThe most commonly used clauses of SELECT statements are these:\n\no Each select_expr indicates a column that you want to retrieve. There\n  must be at least one select_expr.\n\no table_references indicates the table or tables from which to retrieve\n  rows. Its syntax is described in [HELP JOIN].\n\no The WHERE clause, if given, indicates the condition or conditions\n  that rows must satisfy to be selected. where_condition is an\n  expression that evaluates to true for each row to be selected. The\n  statement selects all rows if there is no WHERE clause.\n\n  In the WHERE expression, you can use any of the functions and\n  operators that MySQL supports, except for aggregate (summary)\n  functions. See\n  http://dev.mysql.com/doc/refman/5.5/en/expressions.html, and\n  http://dev.mysql.com/doc/refman/5.5/en/functions.html.\n\nSELECT can also be used to retrieve rows computed without reference to\nany table.\n\nURL: http://dev.mysql.com/doc/refman/5.5/en/select.html\n\n','','http://dev.mysql.com/doc/refman/5.5/en/select.html'),(358,'COT',3,'Syntax:\nCOT(X)\n\nReturns the cotangent of X.\n\nURL: http://dev.mysql.com/doc/refman/5.5/en/mathematical-functions.html\n\n','mysql> SELECT COT(12);\n        -> -1.5726734063977\nmysql> SELECT COT(0);\n        -> NULL\n','http://dev.mysql.com/doc/refman/5.5/en/mathematical-functions.html'),(359,'SHOW CREATE EVENT',27,'Syntax:\nSHOW CREATE EVENT event_name\n\nThis statement displays the CREATE EVENT statement needed to re-create\na given event. It requires the EVENT privilege for the database from\nwhich the event is to be shown. For example (using the same event\ne_daily defined and then altered in [HELP SHOW EVENTS]):\n\nURL: http://dev.mysql.com/doc/refman/5.5/en/show-create-event.html\n\n','mysql> SHOW CREATE EVENT test.e_daily\\G\n*************************** 1. row ***************************\n               Event: e_daily\n            sql_mode:\n           time_zone: SYSTEM\n        Create Event: CREATE EVENT `e_daily`\n                        ON SCHEDULE EVERY 1 DAY\n                        STARTS CURRENT_TIMESTAMP + INTERVAL 6 HOUR\n                        ON COMPLETION NOT PRESERVE\n                        ENABLE\n                        COMMENT \'Saves total number of sessions then\n                                clears the table each day\'\n                        DO BEGIN\n                          INSERT INTO site_activity.totals (time, total)\n                            SELECT CURRENT_TIMESTAMP, COUNT(*)\n                            FROM site_activity.sessions;\n                          DELETE FROM site_activity.sessions;\n                        END\ncharacter_set_client: latin1\ncollation_connection: latin1_swedish_ci\n  Database Collation: latin1_swedish_ci\n','http://dev.mysql.com/doc/refman/5.5/en/show-create-event.html'),(360,'LOAD_FILE',38,'Syntax:\nLOAD_FILE(file_name)\n\nReads the file and returns the file contents as a string. To use this\nfunction, the file must be located on the server host, you must specify\nthe full path name to the file, and you must have the FILE privilege.\nThe file must be readable by all and its size less than\nmax_allowed_packet bytes. If the secure_file_priv system variable is\nset to a nonempty directory name, the file to be loaded must be located\nin that directory.\n\nIf the file does not exist or cannot be read because one of the\npreceding conditions is not satisfied, the function returns NULL.\n\nThe character_set_filesystem system variable controls interpretation of\nfile names that are given as literal strings.\n\nURL: http://dev.mysql.com/doc/refman/5.5/en/string-functions.html\n\n','mysql> UPDATE t\n            SET blob_col=LOAD_FILE(\'/tmp/picture\')\n            WHERE id=1;\n','http://dev.mysql.com/doc/refman/5.5/en/string-functions.html'),(361,'GROUP_CONCAT',16,'Syntax:\nGROUP_CONCAT(expr)\n\nThis function returns a string result with the concatenated non-NULL\nvalues from a group. It returns NULL if there are no non-NULL values.\nThe full syntax is as follows:\n\nGROUP_CONCAT([DISTINCT] expr [,expr ...]\n             [ORDER BY {unsigned_integer | col_name | expr}\n                 [ASC | DESC] [,col_name ...]]\n             [SEPARATOR str_val])\n\nURL: http://dev.mysql.com/doc/refman/5.5/en/group-by-functions.html\n\n','mysql> SELECT student_name,\n    ->     GROUP_CONCAT(test_score)\n    ->     FROM student\n    ->     GROUP BY student_name;\n','http://dev.mysql.com/doc/refman/5.5/en/group-by-functions.html'),(362,'POINTFROMTEXT',4,'PointFromText(wkt[,srid])\n\nConstructs a Point value using its WKT representation and SRID.\n\nURL: http://dev.mysql.com/doc/refman/5.5/en/gis-wkt-functions.html\n\n','','http://dev.mysql.com/doc/refman/5.5/en/gis-wkt-functions.html'),(363,'DATE_FORMAT',32,'Syntax:\nDATE_FORMAT(date,format)\n\nFormats the date value according to the format string.\n\nURL: http://dev.mysql.com/doc/refman/5.5/en/date-and-time-functions.html\n\n','mysql> SELECT DATE_FORMAT(\'2009-10-04 22:23:00\', \'%W %M %Y\');\n        -> \'Sunday October 2009\'\nmysql> SELECT DATE_FORMAT(\'2007-10-04 22:23:00\', \'%H:%i:%s\');\n        -> \'22:23:00\'\nmysql> SELECT DATE_FORMAT(\'1900-10-04 22:23:00\',\n    ->                 \'%D %y %a %d %m %b %j\');\n        -> \'4th 00 Thu 04 10 Oct 277\'\nmysql> SELECT DATE_FORMAT(\'1997-10-04 22:23:00\',\n    ->                 \'%H %k %I %r %T %S %w\');\n        -> \'22 22 10 10:23:00 PM 22:23:00 00 6\'\nmysql> SELECT DATE_FORMAT(\'1999-01-01\', \'%X %V\');\n        -> \'1998 52\'\nmysql> SELECT DATE_FORMAT(\'2006-06-00\', \'%d\');\n        -> \'00\'\n','http://dev.mysql.com/doc/refman/5.5/en/date-and-time-functions.html'),(364,'BENCHMARK',17,'Syntax:\nBENCHMARK(count,expr)\n\nThe BENCHMARK() function executes the expression expr repeatedly count\ntimes. It may be used to time how quickly MySQL processes the\nexpression. The result value is always 0. The intended use is from\nwithin the mysql client, which reports query execution times:\n\nURL: http://dev.mysql.com/doc/refman/5.5/en/information-functions.html\n\n','mysql> SELECT BENCHMARK(1000000,ENCODE(\'hello\',\'goodbye\'));\n+----------------------------------------------+\n| BENCHMARK(1000000,ENCODE(\'hello\',\'goodbye\')) |\n+----------------------------------------------+\n|                                            0 |\n+----------------------------------------------+\n1 row in set (4.74 sec)\n','http://dev.mysql.com/doc/refman/5.5/en/information-functions.html'),(365,'YEAR',32,'Syntax:\nYEAR(date)\n\nReturns the year for date, in the range 1000 to 9999, or 0 for the\n\"zero\" date.\n\nURL: http://dev.mysql.com/doc/refman/5.5/en/date-and-time-functions.html\n\n','mysql> SELECT YEAR(\'1987-01-01\');\n        -> 1987\n','http://dev.mysql.com/doc/refman/5.5/en/date-and-time-functions.html'),(366,'SHOW ENGINE',27,'Syntax:\nSHOW ENGINE engine_name {STATUS | MUTEX}\n\nSHOW ENGINE displays operational information about a storage engine. It\nrequires the PROCESS privilege. The statement has these variants:\n\nSHOW ENGINE INNODB STATUS\nSHOW ENGINE INNODB MUTEX\nSHOW ENGINE {NDB | NDBCLUSTER} STATUS\nSHOW ENGINE PERFORMANCE_SCHEMA STATUS\n\nSHOW ENGINE INNODB STATUS displays extensive information from the\nstandard InnoDB Monitor about the state of the InnoDB storage engine.\nFor information about the standard monitor and other InnoDB Monitors\nthat provide information about InnoDB processing, see\nhttp://dev.mysql.com/doc/refman/5.5/en/innodb-monitors.html.\n\nSHOW ENGINE INNODB MUTEX displays InnoDB mutex and rw-lock statistics.\nStatement output has the following columns:\n\no Type\n\n  Always InnoDB.\n\no Name\n\n  The source file where the mutex is implemented, and the line number\n  in the file where the mutex is created. The line number is specific\n  to your version of MySQL.\n\no Status\n\n  The mutex status. This field displays several values if UNIV_DEBUG\n  was defined at MySQL compilation time (for example, in include/univ.i\n  in the InnoDB part of the MySQL source tree). If UNIV_DEBUG was not\n  defined, the statement displays only the os_waits value. In the\n  latter case (without UNIV_DEBUG), the information on which the output\n  is based is insufficient to distinguish regular mutexes and mutexes\n  that protect rw-locks (which permit multiple readers or a single\n  writer). Consequently, the output may appear to contain multiple rows\n  for the same mutex.\n\n  o count indicates how many times the mutex was requested.\n\n  o spin_waits indicates how many times the spinlock had to run.\n\n  o spin_rounds indicates the number of spinlock rounds. (spin_rounds\n    divided by spin_waits provides the average round count.)\n\n  o os_waits indicates the number of operating system waits. This\n    occurs when the spinlock did not work (the mutex was not locked\n    during the spinlock and it was necessary to yield to the operating\n    system and wait).\n\n  o os_yields indicates the number of times a thread trying to lock a\n    mutex gave up its timeslice and yielded to the operating system (on\n    the presumption that permitting other threads to run will free the\n    mutex so that it can be locked).\n\n  o os_wait_times indicates the amount of time (in ms) spent in\n    operating system waits. In MySQL 5.5 timing is disabled and this\n    value is always 0.\n\nAs of MySQL 5.5, SHOW ENGINE INNODB MUTEX skips the mutexes and\nrw-locks of buffer pool blocks, as the amount of output can be\noverwhelming on systems with a large buffer pool. (There is one mutex\nand one rw-lock in each 16K buffer pool block, and there are 65,536\nblocks per gigabyte.) SHOW ENGINE INNODB MUTEX also does not list any\nmutexes or rw-locks that have never been waited on (os_waits=0). Thus,\nSHOW ENGINE INNODB MUTEX only displays information about mutexes and\nrw-locks outside of the buffer pool that have caused at least one\nOS-level wait.\n\nSHOW ENGINE INNODB MUTEX information can be used to diagnose system\nproblems. For example, large values of spin_waits and spin_rounds may\nindicate scalability problems.\n\nUse SHOW ENGINE PERFORMANCE_SCHEMA STATUS to inspect the internal\noperation of the Performance Schema code:\n\nmysql> SHOW ENGINE PERFORMANCE_SCHEMA STATUS\\G\n...\n*************************** 3. row ***************************\n  Type: performance_schema\n  Name: events_waits_history.row_size\nStatus: 76\n*************************** 4. row ***************************\n  Type: performance_schema\n  Name: events_waits_history.row_count\nStatus: 10000\n*************************** 5. row ***************************\n  Type: performance_schema\n  Name: events_waits_history.memory\nStatus: 760000\n...\n*************************** 57. row ***************************\n  Type: performance_schema\n  Name: performance_schema.memory\nStatus: 26459600\n...\n\nThis statement is intended to help the DBA understand the effects that\ndifferent Performance Schema options have on memory requirements.\n\nName values consist of two parts, which name an internal buffer and a\nbuffer attribute, respectively. Interpret buffer names as follows:\n\no An internal buffer that is not exposed as a table is named within\n  parentheses. Examples: (pfs_cond_class).row_size,\n  (pfs_mutex_class).memory.\n\no An internal buffer that is exposed as a table in the\n  performance_schema database is named after the table, without\n  parentheses. Examples: events_waits_history.row_size,\n  mutex_instances.row_count.\n\no A value that applies to the Performance Schema as a whole begins with\n  performance_schema. Example: performance_schema.memory.\n\nBuffer attributes have these meanings:\n\no row_size is the size of the internal record used by the\n  implementation, such as the size of a row in a table. row_size values\n  cannot be changed.\n\no row_count is the number of internal records, such as the number of\n  rows in a table. row_count values can be changed using Performance\n  Schema configuration options.\n\no For a table, tbl_name.memory is the product of row_size and\n  row_count. For the Performance Schema as a whole,\n  performance_schema.memory is the sum of all the memory used (the sum\n  of all other memory values).\n\nIn some cases, there is a direct relationship between a Performance\nSchema configuration parameter and a SHOW ENGINE value. For example,\nevents_waits_history_long.row_count corresponds to\nperformance_schema_events_waits_history_long_size. In other cases, the\nrelationship is more complex. For example,\nevents_waits_history.row_count corresponds to\nperformance_schema_events_waits_history_size (the number of rows per\nthread) multiplied by performance_schema_max_thread_instances ( the\nnumber of threads).\n\nIf the server has the NDBCLUSTER storage engine enabled, SHOW ENGINE\nNDB STATUS displays cluster status information such as the number of\nconnected data nodes, the cluster connectstring, and cluster binary log\nepochs, as well as counts of various Cluster API objects created by the\nMySQL Server when connected to the cluster. Sample output from this\nstatement is shown here:\n\nmysql> SHOW ENGINE NDB STATUS;\n+------------+-----------------------+--------------------------------------------------+\n| Type       | Name                  | Status                                           |\n+------------+-----------------------+--------------------------------------------------+\n| ndbcluster | connection            | cluster_node_id=7,\n  connected_host=192.168.0.103, connected_port=1186, number_of_data_nodes=4,\n  number_of_ready_data_nodes=3, connect_count=0                                         |\n| ndbcluster | NdbTransaction        | created=6, free=0, sizeof=212                    |\n| ndbcluster | NdbOperation          | created=8, free=8, sizeof=660                    |\n| ndbcluster | NdbIndexScanOperation | created=1, free=1, sizeof=744                    |\n| ndbcluster | NdbIndexOperation     | created=0, free=0, sizeof=664                    |\n| ndbcluster | NdbRecAttr            | created=1285, free=1285, sizeof=60               |\n| ndbcluster | NdbApiSignal          | created=16, free=16, sizeof=136                  |\n| ndbcluster | NdbLabel              | created=0, free=0, sizeof=196                    |\n| ndbcluster | NdbBranch             | created=0, free=0, sizeof=24                     |\n| ndbcluster | NdbSubroutine         | created=0, free=0, sizeof=68                     |\n| ndbcluster | NdbCall               | created=0, free=0, sizeof=16                     |\n| ndbcluster | NdbBlob               | created=1, free=1, sizeof=264                    |\n| ndbcluster | NdbReceiver           | created=4, free=0, sizeof=68                     |\n| ndbcluster | binlog                | latest_epoch=155467, latest_trans_epoch=148126,\n  latest_received_binlog_epoch=0, latest_handled_binlog_epoch=0,\n  latest_applied_binlog_epoch=0                                                         |\n+------------+-----------------------+--------------------------------------------------+\n\nThe rows with connection and binlog in the Name column were added to\nthe output of this statement in MySQL 5.1. The Status column in each of\nthese rows provides information about the MySQL server\'s connection to\nthe cluster and about the cluster binary log\'s status, respectively.\nThe Status information is in the form of comma-delimited set of\nname/value pairs.\n\nURL: http://dev.mysql.com/doc/refman/5.5/en/show-engine.html\n\n','','http://dev.mysql.com/doc/refman/5.5/en/show-engine.html'),(367,'NAME_CONST',14,'Syntax:\nNAME_CONST(name,value)\n\nReturns the given value. When used to produce a result set column,\nNAME_CONST() causes the column to have the given name. The arguments\nshould be constants.\n\nmysql> SELECT NAME_CONST(\'myname\', 14);\n+--------+\n| myname |\n+--------+\n|     14 |\n+--------+\n\nURL: http://dev.mysql.com/doc/refman/5.5/en/miscellaneous-functions.html\n\n','','http://dev.mysql.com/doc/refman/5.5/en/miscellaneous-functions.html'),(368,'RELEASE_LOCK',14,'Syntax:\nRELEASE_LOCK(str)\n\nReleases the lock named by the string str that was obtained with\nGET_LOCK(). Returns 1 if the lock was released, 0 if the lock was not\nestablished by this thread (in which case the lock is not released),\nand NULL if the named lock did not exist. The lock does not exist if it\nwas never obtained by a call to GET_LOCK() or if it has previously been\nreleased.\n\nThe DO statement is convenient to use with RELEASE_LOCK(). See [HELP\nDO].\n\nURL: http://dev.mysql.com/doc/refman/5.5/en/miscellaneous-functions.html\n\n','','http://dev.mysql.com/doc/refman/5.5/en/miscellaneous-functions.html'),(369,'IS NULL',20,'Syntax:\nIS NULL\n\nTests whether a value is NULL.\n\nURL: http://dev.mysql.com/doc/refman/5.5/en/comparison-operators.html\n\n','mysql> SELECT 1 IS NULL, 0 IS NULL, NULL IS NULL;\n        -> 0, 0, 1\n','http://dev.mysql.com/doc/refman/5.5/en/comparison-operators.html'),(370,'CONVERT_TZ',32,'Syntax:\nCONVERT_TZ(dt,from_tz,to_tz)\n\nCONVERT_TZ() converts a datetime value dt from the time zone given by\nfrom_tz to the time zone given by to_tz and returns the resulting\nvalue. Time zones are specified as described in\nhttp://dev.mysql.com/doc/refman/5.5/en/time-zone-support.html. This\nfunction returns NULL if the arguments are invalid.\n\nURL: http://dev.mysql.com/doc/refman/5.5/en/date-and-time-functions.html\n\n','mysql> SELECT CONVERT_TZ(\'2004-01-01 12:00:00\',\'GMT\',\'MET\');\n        -> \'2004-01-01 13:00:00\'\nmysql> SELECT CONVERT_TZ(\'2004-01-01 12:00:00\',\'+00:00\',\'+10:00\');\n        -> \'2004-01-01 22:00:00\'\n','http://dev.mysql.com/doc/refman/5.5/en/date-and-time-functions.html'),(371,'TIME_TO_SEC',32,'Syntax:\nTIME_TO_SEC(time)\n\nReturns the time argument, converted to seconds.\n\nURL: http://dev.mysql.com/doc/refman/5.5/en/date-and-time-functions.html\n\n','mysql> SELECT TIME_TO_SEC(\'22:23:00\');\n        -> 80580\nmysql> SELECT TIME_TO_SEC(\'00:39:38\');\n        -> 2378\n','http://dev.mysql.com/doc/refman/5.5/en/date-and-time-functions.html'),(372,'WEEKDAY',32,'Syntax:\nWEEKDAY(date)\n\nReturns the weekday index for date (0 = Monday, 1 = Tuesday, ... 6 =\nSunday).\n\nURL: http://dev.mysql.com/doc/refman/5.5/en/date-and-time-functions.html\n\n','mysql> SELECT WEEKDAY(\'2008-02-03 22:23:00\');\n        -> 6\nmysql> SELECT WEEKDAY(\'2007-11-06\');\n        -> 1\n','http://dev.mysql.com/doc/refman/5.5/en/date-and-time-functions.html'),(373,'EXPORT_SET',38,'Syntax:\nEXPORT_SET(bits,on,off[,separator[,number_of_bits]])\n\nReturns a string such that for every bit set in the value bits, you get\nan on string and for every bit not set in the value, you get an off\nstring. Bits in bits are examined from right to left (from low-order to\nhigh-order bits). Strings are added to the result from left to right,\nseparated by the separator string (the default being the comma\ncharacter \",\"). The number of bits examined is given by number_of_bits,\nwhich has a default of 64 if not specified. number_of_bits is silently\nclipped to 64 if larger than 64. It is treated as an unsigned integer,\nso a value of -1 is effectively the same as 64.\n\nURL: http://dev.mysql.com/doc/refman/5.5/en/string-functions.html\n\n','mysql> SELECT EXPORT_SET(5,\'Y\',\'N\',\',\',4);\n        -> \'Y,N,Y,N\'\nmysql> SELECT EXPORT_SET(6,\'1\',\'0\',\',\',10);\n        -> \'0,1,1,0,0,0,0,0,0,0\'\n','http://dev.mysql.com/doc/refman/5.5/en/string-functions.html'),(374,'ALTER SERVER',40,'Syntax:\nALTER SERVER  server_name\n    OPTIONS (option [, option] ...)\n\nAlters the server information for server_name, adjusting any of the\noptions permitted in the CREATE SERVER statement. The corresponding\nfields in the mysql.servers table are updated accordingly. This\nstatement requires the SUPER privilege.\n\nURL: http://dev.mysql.com/doc/refman/5.5/en/alter-server.html\n\n','ALTER SERVER s OPTIONS (USER \'sally\');\n','http://dev.mysql.com/doc/refman/5.5/en/alter-server.html'),(375,'RESIGNAL',24,'Syntax:\nRESIGNAL [condition_value]\n    [SET signal_information_item\n    [, signal_information_item] ...]\n\ncondition_value:\n    SQLSTATE [VALUE] sqlstate_value\n  | condition_name\n\nsignal_information_item:\n    condition_information_item_name = simple_value_specification\n\ncondition_information_item_name:\n    CLASS_ORIGIN\n  | SUBCLASS_ORIGIN\n  | MESSAGE_TEXT\n  | MYSQL_ERRNO\n  | CONSTRAINT_CATALOG\n  | CONSTRAINT_SCHEMA\n  | CONSTRAINT_NAME\n  | CATALOG_NAME\n  | SCHEMA_NAME\n  | TABLE_NAME\n  | COLUMN_NAME\n  | CURSOR_NAME\n\ncondition_name, simple_value_specification:\n    (see following discussion)\n\nRESIGNAL passes on the error condition information that is available\nduring execution of a condition handler within a compound statement\ninside a stored procedure or function, trigger, or event. RESIGNAL may\nchange some or all information before passing it on. RESIGNAL is\nrelated to SIGNAL, but instead of originating a condition as SIGNAL\ndoes, RESIGNAL relays existing condition information, possibly after\nmodifying it.\n\nRESIGNAL makes it possible to both handle an error and return the error\ninformation. Otherwise, by executing an SQL statement within the\nhandler, information that caused the handler\'s activation is destroyed.\nRESIGNAL also can make some procedures shorter if a given handler can\nhandle part of a situation, then pass the condition \"up the line\" to\nanother handler.\n\nNo special privileges are required to execute the RESIGNAL statement.\n\nAll forms of RESIGNAL require that the current context be a condition\nhandler. Otherwise, RESIGNAL is illegal and a RESIGNAL when handler not\nactive error occurs.\n\nFor condition_value and signal_information_item, the definitions and\nrules are the same for RESIGNAL as for SIGNAL. For example, the\ncondition_value can be an SQLSTATE value, and the value can indicate\nerrors, warnings, or \"not found.\" For additional information, see [HELP\nSIGNAL].\n\nThe RESIGNAL statement takes condition_value and SET clauses, both of\nwhich are optional. This leads to several possible uses:\n\no RESIGNAL alone:\n\nRESIGNAL;\n\no RESIGNAL with new signal information:\n\nRESIGNAL SET signal_information_item [, signal_information_item] ...;\n\no RESIGNAL with a condition value and possibly new signal information:\n\nRESIGNAL condition_value\n    [SET signal_information_item [, signal_information_item] ...];\n\nURL: http://dev.mysql.com/doc/refman/5.5/en/resignal.html\n\n','','http://dev.mysql.com/doc/refman/5.5/en/resignal.html'),(376,'TIME FUNCTION',32,'Syntax:\nTIME(expr)\n\nExtracts the time part of the time or datetime expression expr and\nreturns it as a string.\n\nURL: http://dev.mysql.com/doc/refman/5.5/en/date-and-time-functions.html\n\n','mysql> SELECT TIME(\'2003-12-31 01:02:03\');\n        -> \'01:02:03\'\nmysql> SELECT TIME(\'2003-12-31 01:02:03.000123\');\n        -> \'01:02:03.000123\'\n','http://dev.mysql.com/doc/refman/5.5/en/date-and-time-functions.html'),(377,'DATE_ADD',32,'Syntax:\nDATE_ADD(date,INTERVAL expr unit), DATE_SUB(date,INTERVAL expr unit)\n\nThese functions perform date arithmetic. The date argument specifies\nthe starting date or datetime value. expr is an expression specifying\nthe interval value to be added or subtracted from the starting date.\nexpr is a string; it may start with a \"-\" for negative intervals. unit\nis a keyword indicating the units in which the expression should be\ninterpreted.\n\nURL: http://dev.mysql.com/doc/refman/5.5/en/date-and-time-functions.html\n\n','mysql> SELECT \'2008-12-31 23:59:59\' + INTERVAL 1 SECOND;\n        -> \'2009-01-01 00:00:00\'\nmysql> SELECT INTERVAL 1 DAY + \'2008-12-31\';\n        -> \'2009-01-01\'\nmysql> SELECT \'2005-01-01\' - INTERVAL 1 SECOND;\n        -> \'2004-12-31 23:59:59\'\nmysql> SELECT DATE_ADD(\'2000-12-31 23:59:59\',\n    ->                 INTERVAL 1 SECOND);\n        -> \'2001-01-01 00:00:00\'\nmysql> SELECT DATE_ADD(\'2010-12-31 23:59:59\',\n    ->                 INTERVAL 1 DAY);\n        -> \'2011-01-01 23:59:59\'\nmysql> SELECT DATE_ADD(\'2100-12-31 23:59:59\',\n    ->                 INTERVAL \'1:1\' MINUTE_SECOND);\n        -> \'2101-01-01 00:01:00\'\nmysql> SELECT DATE_SUB(\'2005-01-01 00:00:00\',\n    ->                 INTERVAL \'1 1:1:1\' DAY_SECOND);\n        -> \'2004-12-30 22:58:59\'\nmysql> SELECT DATE_ADD(\'1900-01-01 00:00:00\',\n    ->                 INTERVAL \'-1 10\' DAY_HOUR);\n        -> \'1899-12-30 14:00:00\'\nmysql> SELECT DATE_SUB(\'1998-01-02\', INTERVAL 31 DAY);\n        -> \'1997-12-02\'\nmysql> SELECT DATE_ADD(\'1992-12-31 23:59:59.000002\',\n    ->            INTERVAL \'1.999999\' SECOND_MICROSECOND);\n        -> \'1993-01-01 00:00:01.000001\'\n','http://dev.mysql.com/doc/refman/5.5/en/date-and-time-functions.html'),(378,'CAST',38,'Syntax:\nCAST(expr AS type)\n\nThe CAST() function takes an expression of any type and produces a\nresult value of a specified type, similar to CONVERT(). See the\ndescription of CONVERT() for more information.\n\nURL: http://dev.mysql.com/doc/refman/5.5/en/cast-functions.html\n\n','','http://dev.mysql.com/doc/refman/5.5/en/cast-functions.html'),(379,'SOUNDS LIKE',38,'Syntax:\nexpr1 SOUNDS LIKE expr2\n\nThis is the same as SOUNDEX(expr1) = SOUNDEX(expr2).\n\nURL: http://dev.mysql.com/doc/refman/5.5/en/string-functions.html\n\n','','http://dev.mysql.com/doc/refman/5.5/en/string-functions.html'),(380,'PERIOD_DIFF',32,'Syntax:\nPERIOD_DIFF(P1,P2)\n\nReturns the number of months between periods P1 and P2. P1 and P2\nshould be in the format YYMM or YYYYMM. Note that the period arguments\nP1 and P2 are not date values.\n\nURL: http://dev.mysql.com/doc/refman/5.5/en/date-and-time-functions.html\n\n','mysql> SELECT PERIOD_DIFF(200802,200703);\n        -> 11\n','http://dev.mysql.com/doc/refman/5.5/en/date-and-time-functions.html'),(381,'LIKE',38,'Syntax:\nexpr LIKE pat [ESCAPE \'escape_char\']\n\nPattern matching using SQL simple regular expression comparison.\nReturns 1 (TRUE) or 0 (FALSE). If either expr or pat is NULL, the\nresult is NULL.\n\nThe pattern need not be a literal string. For example, it can be\nspecified as a string expression or table column.\n\nURL: http://dev.mysql.com/doc/refman/5.5/en/string-comparison-functions.html\n\n','mysql> SELECT \'David!\' LIKE \'David_\';\n        -> 1\nmysql> SELECT \'David!\' LIKE \'%D%v%\';\n        -> 1\n','http://dev.mysql.com/doc/refman/5.5/en/string-comparison-functions.html'),(382,'MULTIPOINT',25,'MultiPoint(pt1,pt2,...)\n\nConstructs a MultiPoint value using Point or WKB Point arguments.\n\nURL: http://dev.mysql.com/doc/refman/5.5/en/gis-mysql-specific-functions.html\n\n','','http://dev.mysql.com/doc/refman/5.5/en/gis-mysql-specific-functions.html'),(383,'>>',19,'Syntax:\n>>\n\nShifts a longlong (BIGINT) number to the right.\n\nURL: http://dev.mysql.com/doc/refman/5.5/en/bit-functions.html\n\n','mysql> SELECT 4 >> 2;\n        -> 1\n','http://dev.mysql.com/doc/refman/5.5/en/bit-functions.html'),(384,'FETCH',24,'Syntax:\nFETCH [[NEXT] FROM] cursor_name INTO var_name [, var_name] ...\n\nThis statement fetches the next row for the SELECT statement associated\nwith the specified cursor (which must be open), and advances the cursor\npointer. If a row exists, the fetched columns are stored in the named\nvariables. The number of columns retrieved by the SELECT statement must\nmatch the number of output variables specified in the FETCH statement.\n\nIf no more rows are available, a No Data condition occurs with SQLSTATE\nvalue \'02000\'. To detect this condition, you can set up a handler for\nit (or for a NOT FOUND condition). For an example, see\nhttp://dev.mysql.com/doc/refman/5.5/en/cursors.html.\n\nURL: http://dev.mysql.com/doc/refman/5.5/en/fetch.html\n\n','','http://dev.mysql.com/doc/refman/5.5/en/fetch.html'),(385,'AVG',16,'Syntax:\nAVG([DISTINCT] expr)\n\nReturns the average value of expr. The DISTINCT option can be used to\nreturn the average of the distinct values of expr.\n\nAVG() returns NULL if there were no matching rows.\n\nURL: http://dev.mysql.com/doc/refman/5.5/en/group-by-functions.html\n\n','mysql> SELECT student_name, AVG(test_score)\n    ->        FROM student\n    ->        GROUP BY student_name;\n','http://dev.mysql.com/doc/refman/5.5/en/group-by-functions.html'),(386,'TRUE FALSE',30,'The constants TRUE and FALSE evaluate to 1 and 0, respectively. The\nconstant names can be written in any lettercase.\n\nmysql> SELECT TRUE, true, FALSE, false;\n        -> 1, 1, 0, 0\n\nURL: http://dev.mysql.com/doc/refman/5.5/en/boolean-literals.html\n\n','','http://dev.mysql.com/doc/refman/5.5/en/boolean-literals.html'),(387,'MBRWITHIN',7,'MBRWithin(g1,g2)\n\nReturns 1 or 0 to indicate whether the minimum bounding rectangle of g1\nis within the minimum bounding rectangle of g2. This tests the opposite\nrelationship as MBRContains().\n\nURL: http://dev.mysql.com/doc/refman/5.5/en/spatial-relation-functions-mysql-specific.html\n\n','mysql> SET @g1 = GeomFromText(\'Polygon((0 0,0 3,3 3,3 0,0 0))\');\nmysql> SET @g2 = GeomFromText(\'Polygon((0 0,0 5,5 5,5 0,0 0))\');\nmysql> SELECT MBRWithin(@g1,@g2), MBRWithin(@g2,@g1);\n+--------------------+--------------------+\n| MBRWithin(@g1,@g2) | MBRWithin(@g2,@g1) |\n+--------------------+--------------------+\n|                  1 |                  0 |\n+--------------------+--------------------+\n','http://dev.mysql.com/doc/refman/5.5/en/spatial-relation-functions-mysql-specific.html'),(388,'SESSION_USER',17,'Syntax:\nSESSION_USER()\n\nSESSION_USER() is a synonym for USER().\n\nURL: http://dev.mysql.com/doc/refman/5.5/en/information-functions.html\n\n','','http://dev.mysql.com/doc/refman/5.5/en/information-functions.html'),(389,'IN',20,'Syntax:\nexpr IN (value,...)\n\nReturns 1 if expr is equal to any of the values in the IN list, else\nreturns 0. If all values are constants, they are evaluated according to\nthe type of expr and sorted. The search for the item then is done using\na binary search. This means IN is very quick if the IN value list\nconsists entirely of constants. Otherwise, type conversion takes place\naccording to the rules described in\nhttp://dev.mysql.com/doc/refman/5.5/en/type-conversion.html, but\napplied to all the arguments.\n\nURL: http://dev.mysql.com/doc/refman/5.5/en/comparison-operators.html\n\n','mysql> SELECT 2 IN (0,3,5,7);\n        -> 0\nmysql> SELECT \'wefwf\' IN (\'wee\',\'wefwf\',\'weg\');\n        -> 1\n','http://dev.mysql.com/doc/refman/5.5/en/comparison-operators.html'),(390,'QUOTE',38,'Syntax:\nQUOTE(str)\n\nQuotes a string to produce a result that can be used as a properly\nescaped data value in an SQL statement. The string is returned enclosed\nby single quotation marks and with each instance of backslash (\"\\\"),\nsingle quote (\"\'\"), ASCII NUL, and Control+Z preceded by a backslash.\nIf the argument is NULL, the return value is the word \"NULL\" without\nenclosing single quotation marks.\n\nURL: http://dev.mysql.com/doc/refman/5.5/en/string-functions.html\n\n','mysql> SELECT QUOTE(\'Don\\\'t!\');\n        -> \'Don\\\'t!\'\nmysql> SELECT QUOTE(NULL);\n        -> NULL\n','http://dev.mysql.com/doc/refman/5.5/en/string-functions.html'),(391,'HELP COMMAND',27,'Syntax:\nmysql> help search_string\n\nIf you provide an argument to the help command, mysql uses it as a\nsearch string to access server-side help from the contents of the MySQL\nReference Manual. The proper operation of this command requires that\nthe help tables in the mysql database be initialized with help topic\ninformation (see\nhttp://dev.mysql.com/doc/refman/5.5/en/server-side-help-support.html).\n\nIf there is no match for the search string, the search fails:\n\nmysql> help me\n\nNothing found\nPlease try to run \'help contents\' for a list of all accessible topics\n\nUse help contents to see a list of the help categories:\n\nmysql> help contents\nYou asked for help about help category: \"Contents\"\nFor more information, type \'help <item>\', where <item> is one of the\nfollowing categories:\n   Account Management\n   Administration\n   Data Definition\n   Data Manipulation\n   Data Types\n   Functions\n   Functions and Modifiers for Use with GROUP BY\n   Geographic Features\n   Language Structure\n   Plugins\n   Storage Engines\n   Stored Routines\n   Table Maintenance\n   Transactions\n   Triggers\n\nIf the search string matches multiple items, mysql shows a list of\nmatching topics:\n\nmysql> help logs\nMany help items for your request exist.\nTo make a more specific request, please type \'help <item>\',\nwhere <item> is one of the following topics:\n   SHOW\n   SHOW BINARY LOGS\n   SHOW ENGINE\n   SHOW LOGS\n\nUse a topic as the search string to see the help entry for that topic:\n\nmysql> help show binary logs\nName: \'SHOW BINARY LOGS\'\nDescription:\nSyntax:\nSHOW BINARY LOGS\nSHOW MASTER LOGS\n\nLists the binary log files on the server. This statement is used as\npart of the procedure described in [purge-binary-logs], that shows how\nto determine which logs can be purged.\n\nmysql> SHOW BINARY LOGS;\n+---------------+-----------+\n| Log_name      | File_size |\n+---------------+-----------+\n| binlog.000015 |    724935 |\n| binlog.000016 |    733481 |\n+---------------+-----------+\n\nThe search string can contain the wildcard characters \"%\" and \"_\".\nThese have the same meaning as for pattern-matching operations\nperformed with the LIKE operator. For example, HELP rep% returns a list\nof topics that begin with rep:\n\nmysql> HELP rep%\nMany help items for your request exist.\nTo make a more specific request, please type \'help <item>\',\nwhere <item> is one of the following\ntopics:\n   REPAIR TABLE\n   REPEAT FUNCTION\n   REPEAT LOOP\n   REPLACE\n   REPLACE FUNCTION\n\nURL: http://dev.mysql.com/doc/refman/5.5/en/mysql-server-side-help.html\n\n','','http://dev.mysql.com/doc/refman/5.5/en/mysql-server-side-help.html'),(392,'QUARTER',32,'Syntax:\nQUARTER(date)\n\nReturns the quarter of the year for date, in the range 1 to 4.\n\nURL: http://dev.mysql.com/doc/refman/5.5/en/date-and-time-functions.html\n\n','mysql> SELECT QUARTER(\'2008-04-01\');\n        -> 2\n','http://dev.mysql.com/doc/refman/5.5/en/date-and-time-functions.html'),(393,'POSITION',38,'Syntax:\nPOSITION(substr IN str)\n\nPOSITION(substr IN str) is a synonym for LOCATE(substr,str).\n\nURL: http://dev.mysql.com/doc/refman/5.5/en/string-functions.html\n\n','','http://dev.mysql.com/doc/refman/5.5/en/string-functions.html'),(394,'SHOW CREATE FUNCTION',27,'Syntax:\nSHOW CREATE FUNCTION func_name\n\nThis statement is similar to SHOW CREATE PROCEDURE but for stored\nfunctions. See [HELP SHOW CREATE PROCEDURE].\n\nURL: http://dev.mysql.com/doc/refman/5.5/en/show-create-function.html\n\n','','http://dev.mysql.com/doc/refman/5.5/en/show-create-function.html'),(395,'IS_USED_LOCK',14,'Syntax:\nIS_USED_LOCK(str)\n\nChecks whether the lock named str is in use (that is, locked). If so,\nit returns the connection identifier of the client that holds the lock.\nOtherwise, it returns NULL.\n\nURL: http://dev.mysql.com/doc/refman/5.5/en/miscellaneous-functions.html\n\n','','http://dev.mysql.com/doc/refman/5.5/en/miscellaneous-functions.html'),(396,'POLYFROMTEXT',4,'PolyFromText(wkt[,srid]), PolygonFromText(wkt[,srid])\n\nConstructs a Polygon value using its WKT representation and SRID.\n\nURL: http://dev.mysql.com/doc/refman/5.5/en/gis-wkt-functions.html\n\n','','http://dev.mysql.com/doc/refman/5.5/en/gis-wkt-functions.html'),(397,'DES_ENCRYPT',12,'Syntax:\nDES_ENCRYPT(str[,{key_num|key_str}])\n\nEncrypts the string with the given key using the Triple-DES algorithm.\n\nThis function works only if MySQL has been configured with SSL support.\nSee http://dev.mysql.com/doc/refman/5.5/en/ssl-connections.html.\n\nThe encryption key to use is chosen based on the second argument to\nDES_ENCRYPT(), if one was given. With no argument, the first key from\nthe DES key file is used. With a key_num argument, the given key number\n(0 to 9) from the DES key file is used. With a key_str argument, the\ngiven key string is used to encrypt str.\n\nThe key file can be specified with the --des-key-file server option.\n\nThe return string is a binary string where the first character is\nCHAR(128 | key_num). If an error occurs, DES_ENCRYPT() returns NULL.\n\nThe 128 is added to make it easier to recognize an encrypted key. If\nyou use a string key, key_num is 127.\n\nThe string length for the result is given by this formula:\n\nnew_len = orig_len + (8 - (orig_len % 8)) + 1\n\nEach line in the DES key file has the following format:\n\nkey_num des_key_str\n\nEach key_num value must be a number in the range from 0 to 9. Lines in\nthe file may be in any order. des_key_str is the string that is used to\nencrypt the message. There should be at least one space between the\nnumber and the key. The first key is the default key that is used if\nyou do not specify any key argument to DES_ENCRYPT().\n\nYou can tell MySQL to read new key values from the key file with the\nFLUSH DES_KEY_FILE statement. This requires the RELOAD privilege.\n\nOne benefit of having a set of default keys is that it gives\napplications a way to check for the existence of encrypted column\nvalues, without giving the end user the right to decrypt those values.\n\nURL: http://dev.mysql.com/doc/refman/5.5/en/encryption-functions.html\n\n','mysql> SELECT customer_address FROM customer_table \n     > WHERE crypted_credit_card = DES_ENCRYPT(\'credit_card_number\');\n','http://dev.mysql.com/doc/refman/5.5/en/encryption-functions.html'),(398,'CEIL',3,'Syntax:\nCEIL(X)\n\nCEIL() is a synonym for CEILING().\n\nURL: http://dev.mysql.com/doc/refman/5.5/en/mathematical-functions.html\n\n','','http://dev.mysql.com/doc/refman/5.5/en/mathematical-functions.html'),(399,'LENGTH',38,'Syntax:\nLENGTH(str)\n\nReturns the length of the string str, measured in bytes. A multibyte\ncharacter counts as multiple bytes. This means that for a string\ncontaining five 2-byte characters, LENGTH() returns 10, whereas\nCHAR_LENGTH() returns 5.\n\nURL: http://dev.mysql.com/doc/refman/5.5/en/string-functions.html\n\n','mysql> SELECT LENGTH(\'text\');\n        -> 4\n','http://dev.mysql.com/doc/refman/5.5/en/string-functions.html'),(400,'STR_TO_DATE',32,'Syntax:\nSTR_TO_DATE(str,format)\n\nThis is the inverse of the DATE_FORMAT() function. It takes a string\nstr and a format string format. STR_TO_DATE() returns a DATETIME value\nif the format string contains both date and time parts, or a DATE or\nTIME value if the string contains only date or time parts. If the date,\ntime, or datetime value extracted from str is illegal, STR_TO_DATE()\nreturns NULL and produces a warning.\n\nThe server scans str attempting to match format to it. The format\nstring can contain literal characters and format specifiers beginning\nwith %. Literal characters in format must match literally in str.\nFormat specifiers in format must match a date or time part in str. For\nthe specifiers that can be used in format, see the DATE_FORMAT()\nfunction description.\n\nmysql> SELECT STR_TO_DATE(\'01,5,2013\',\'%d,%m,%Y\');\n        -> \'2013-05-01\'\nmysql> SELECT STR_TO_DATE(\'May 1, 2013\',\'%M %d,%Y\');\n        -> \'2013-05-01\'\n\nScanning starts at the beginning of str and fails if format is found\nnot to match. Extra characters at the end of str are ignored.\n\nmysql> SELECT STR_TO_DATE(\'a09:30:17\',\'a%h:%i:%s\');\n        -> \'09:30:17\'\nmysql> SELECT STR_TO_DATE(\'a09:30:17\',\'%h:%i:%s\');\n        -> NULL\nmysql> SELECT STR_TO_DATE(\'09:30:17a\',\'%h:%i:%s\');\n        -> \'09:30:17\'\n\nUnspecified date or time parts have a value of 0, so incompletely\nspecified values in str produce a result with some or all parts set to\n0:\n\nmysql> SELECT STR_TO_DATE(\'abc\',\'abc\');\n        -> \'0000-00-00\'\nmysql> SELECT STR_TO_DATE(\'9\',\'%m\');\n        -> \'0000-09-00\'\nmysql> SELECT STR_TO_DATE(\'9\',\'%s\');\n        -> \'00:00:09\'\n\nURL: http://dev.mysql.com/doc/refman/5.5/en/date-and-time-functions.html\n\n','','http://dev.mysql.com/doc/refman/5.5/en/date-and-time-functions.html'),(401,'Y',11,'Y(p)\n\nReturns the Y-coordinate value for the Point object p as a\ndouble-precision number.\n\nURL: http://dev.mysql.com/doc/refman/5.5/en/gis-point-property-functions.html\n\n','mysql> SELECT Y(POINT(56.7, 53.34));\n+-----------------------+\n| Y(POINT(56.7, 53.34)) |\n+-----------------------+\n|                 53.34 |\n+-----------------------+\n','http://dev.mysql.com/doc/refman/5.5/en/gis-point-property-functions.html'),(402,'CHECKSUM TABLE',21,'Syntax:\nCHECKSUM TABLE tbl_name [, tbl_name] ... [ QUICK | EXTENDED ]\n\nCHECKSUM TABLE reports a table checksum. During the checksum operation,\nthe table is locked with a read lock for InnoDB and MyISAM. This\nstatement requires the SELECT privilege for the table.\n\nWith QUICK, the live table checksum is reported if it is available, or\nNULL otherwise. This is very fast. A live checksum is enabled by\nspecifying the CHECKSUM=1 table option when you create the table;\ncurrently, this is supported only for MyISAM tables. See [HELP CREATE\nTABLE].\n\nWith EXTENDED, the entire table is read row by row and the checksum is\ncalculated. This can be very slow for large tables.\n\nIf neither QUICK nor EXTENDED is specified, MySQL returns a live\nchecksum if the table storage engine supports it and scans the table\notherwise.\n\nFor a nonexistent table, CHECKSUM TABLE returns NULL and generates a\nwarning.\n\nIn MySQL 5.5, CHECKSUM TABLE returns 0 for partitioned tables unless\nyou include the EXTENDED option. This issue is resolved in MySQL 5.6.\n(Bug #11933226, Bug #60681)\n\nThe checksum value depends on the table row format. If the row format\nchanges, the checksum also changes. For example, the storage format for\nVARCHAR changed between MySQL 4.1 and 5.0, so if a 4.1 table is\nupgraded to MySQL 5.0, the checksum value may change.\n\nURL: http://dev.mysql.com/doc/refman/5.5/en/checksum-table.html\n\n','','http://dev.mysql.com/doc/refman/5.5/en/checksum-table.html'),(403,'NUMINTERIORRINGS',2,'NumInteriorRings(poly)\n\nReturns the number of interior rings in the Polygon value poly.\n\nURL: http://dev.mysql.com/doc/refman/5.5/en/gis-polygon-property-functions.html\n\n','mysql> SET @poly =\n    -> \'Polygon((0 0,0 3,3 3,3 0,0 0),(1 1,1 2,2 2,2 1,1 1))\';\nmysql> SELECT NumInteriorRings(GeomFromText(@poly));\n+---------------------------------------+\n| NumInteriorRings(GeomFromText(@poly)) |\n+---------------------------------------+\n|                                     1 |\n+---------------------------------------+\n','http://dev.mysql.com/doc/refman/5.5/en/gis-polygon-property-functions.html'),(404,'INTERIORRINGN',2,'InteriorRingN(poly,N)\n\nReturns the N-th interior ring for the Polygon value poly as a\nLineString. Rings are numbered beginning with 1.\n\nURL: http://dev.mysql.com/doc/refman/5.5/en/gis-polygon-property-functions.html\n\n','mysql> SET @poly =\n    -> \'Polygon((0 0,0 3,3 3,3 0,0 0),(1 1,1 2,2 2,2 1,1 1))\';\nmysql> SELECT AsText(InteriorRingN(GeomFromText(@poly),1));\n+----------------------------------------------+\n| AsText(InteriorRingN(GeomFromText(@poly),1)) |\n+----------------------------------------------+\n| LINESTRING(1 1,1 2,2 2,2 1,1 1)              |\n+----------------------------------------------+\n','http://dev.mysql.com/doc/refman/5.5/en/gis-polygon-property-functions.html'),(405,'UTC_TIME',32,'Syntax:\nUTC_TIME, UTC_TIME()\n\nReturns the current UTC time as a value in \'HH:MM:SS\' or HHMMSS.uuuuuu\nformat, depending on whether the function is used in a string or\nnumeric context.\n\nURL: http://dev.mysql.com/doc/refman/5.5/en/date-and-time-functions.html\n\n','mysql> SELECT UTC_TIME(), UTC_TIME() + 0;\n        -> \'18:07:53\', 180753.000000\n','http://dev.mysql.com/doc/refman/5.5/en/date-and-time-functions.html'),(406,'DROP FUNCTION',40,'The DROP FUNCTION statement is used to drop stored functions and\nuser-defined functions (UDFs):\n\no For information about dropping stored functions, see [HELP DROP\n  PROCEDURE].\n\no For information about dropping user-defined functions, see [HELP DROP\n  FUNCTION UDF].\n\nURL: http://dev.mysql.com/doc/refman/5.5/en/drop-function.html\n\n','','http://dev.mysql.com/doc/refman/5.5/en/drop-function.html'),(407,'ALTER EVENT',40,'Syntax:\nALTER\n    [DEFINER = { user | CURRENT_USER }]\n    EVENT event_name\n    [ON SCHEDULE schedule]\n    [ON COMPLETION [NOT] PRESERVE]\n    [RENAME TO new_event_name]\n    [ENABLE | DISABLE | DISABLE ON SLAVE]\n    [COMMENT \'comment\']\n    [DO event_body]\n\nThe ALTER EVENT statement changes one or more of the characteristics of\nan existing event without the need to drop and recreate it. The syntax\nfor each of the DEFINER, ON SCHEDULE, ON COMPLETION, COMMENT, ENABLE /\nDISABLE, and DO clauses is exactly the same as when used with CREATE\nEVENT. (See [HELP CREATE EVENT].)\n\nAny user can alter an event defined on a database for which that user\nhas the EVENT privilege. When a user executes a successful ALTER EVENT\nstatement, that user becomes the definer for the affected event.\n\nALTER EVENT works only with an existing event:\n\nmysql> ALTER EVENT no_such_event \n     >     ON SCHEDULE \n     >       EVERY \'2:3\' DAY_HOUR;\nERROR 1517 (HY000): Unknown event \'no_such_event\'\n\nURL: http://dev.mysql.com/doc/refman/5.5/en/alter-event.html\n\n','','http://dev.mysql.com/doc/refman/5.5/en/alter-event.html'),(408,'STDDEV',16,'Syntax:\nSTDDEV(expr)\n\nReturns the population standard deviation of expr. This function is\nprovided for compatibility with Oracle. The standard SQL function\nSTDDEV_POP() can be used instead.\n\nThis function returns NULL if there were no matching rows.\n\nURL: http://dev.mysql.com/doc/refman/5.5/en/group-by-functions.html\n\n','','http://dev.mysql.com/doc/refman/5.5/en/group-by-functions.html'),(409,'DATE_SUB',32,'Syntax:\nDATE_SUB(date,INTERVAL expr unit)\n\nSee the description for DATE_ADD().\n\nURL: http://dev.mysql.com/doc/refman/5.5/en/date-and-time-functions.html\n\n','','http://dev.mysql.com/doc/refman/5.5/en/date-and-time-functions.html'),(410,'PERIOD_ADD',32,'Syntax:\nPERIOD_ADD(P,N)\n\nAdds N months to period P (in the format YYMM or YYYYMM). Returns a\nvalue in the format YYYYMM. Note that the period argument P is not a\ndate value.\n\nURL: http://dev.mysql.com/doc/refman/5.5/en/date-and-time-functions.html\n\n','mysql> SELECT PERIOD_ADD(200801,2);\n        -> 200803\n','http://dev.mysql.com/doc/refman/5.5/en/date-and-time-functions.html'),(411,'|',19,'Syntax:\n|\n\nBitwise OR:\n\nURL: http://dev.mysql.com/doc/refman/5.5/en/bit-functions.html\n\n','mysql> SELECT 29 | 15;\n        -> 31\n','http://dev.mysql.com/doc/refman/5.5/en/bit-functions.html'),(412,'UUID_SHORT',14,'Syntax:\nUUID_SHORT()\n\nReturns a \"short\" universal identifier as a 64-bit unsigned integer\n(rather than a string-form 128-bit identifier as returned by the UUID()\nfunction).\n\nThe value of UUID_SHORT() is guaranteed to be unique if the following\nconditions hold:\n\no The server_id of the current host is unique among your set of master\n  and slave servers\n\no server_id is between 0 and 255\n\no You do not set back your system time for your server between mysqld\n  restarts\n\no You do not invoke UUID_SHORT() on average more than 16 million times\n  per second between mysqld restarts\n\nThe UUID_SHORT() return value is constructed this way:\n\n  (server_id & 255) << 56\n+ (server_startup_time_in_seconds << 24)\n+ incremented_variable++;\n\nURL: http://dev.mysql.com/doc/refman/5.5/en/miscellaneous-functions.html\n\n','mysql> SELECT UUID_SHORT();\n        -> 92395783831158784\n','http://dev.mysql.com/doc/refman/5.5/en/miscellaneous-functions.html'),(413,'GEOMFROMTEXT',4,'GeomFromText(wkt[,srid]), GeometryFromText(wkt[,srid])\n\nConstructs a geometry value of any type using its WKT representation\nand SRID.\n\nURL: http://dev.mysql.com/doc/refman/5.5/en/gis-wkt-functions.html\n\n','','http://dev.mysql.com/doc/refman/5.5/en/gis-wkt-functions.html'),(414,'RIGHT',38,'Syntax:\nRIGHT(str,len)\n\nReturns the rightmost len characters from the string str, or NULL if\nany argument is NULL.\n\nURL: http://dev.mysql.com/doc/refman/5.5/en/string-functions.html\n\n','mysql> SELECT RIGHT(\'foobarbar\', 4);\n        -> \'rbar\'\n','http://dev.mysql.com/doc/refman/5.5/en/string-functions.html'),(415,'DATEDIFF',32,'Syntax:\nDATEDIFF(expr1,expr2)\n\nDATEDIFF() returns expr1 - expr2 expressed as a value in days from one\ndate to the other. expr1 and expr2 are date or date-and-time\nexpressions. Only the date parts of the values are used in the\ncalculation.\n\nURL: http://dev.mysql.com/doc/refman/5.5/en/date-and-time-functions.html\n\n','mysql> SELECT DATEDIFF(\'2007-12-31 23:59:59\',\'2007-12-30\');\n        -> 1\nmysql> SELECT DATEDIFF(\'2010-11-30 23:59:59\',\'2010-12-31\');\n        -> -31\n','http://dev.mysql.com/doc/refman/5.5/en/date-and-time-functions.html'),(416,'DROP TABLESPACE',40,'Syntax:\nDROP TABLESPACE tablespace_name\n    ENGINE [=] engine_name\n\nThis statement drops a tablespace that was previously created using\nCREATE TABLESPACE (see [HELP CREATE TABLESPACE]).\n\n*Important*: The tablespace to be dropped must not contain any data\nfiles; in other words, before you can drop a tablespace, you must first\ndrop each of its data files using ALTER TABLESPACE ... DROP DATAFILE\n(see [HELP ALTER TABLESPACE]).\n\nThe ENGINE clause (required) specifies the storage engine used by the\ntablespace. Currently, the only accepted values for engine_name are NDB\nand NDBCLUSTER.\n\nDROP TABLESPACE is useful only with Disk Data storage for MySQL\nCluster. See\nhttp://dev.mysql.com/doc/refman/5.5/en/mysql-cluster-disk-data.html.\n\nURL: http://dev.mysql.com/doc/refman/5.5/en/drop-tablespace.html\n\n','','http://dev.mysql.com/doc/refman/5.5/en/drop-tablespace.html'),(417,'DROP PROCEDURE',40,'Syntax:\nDROP {PROCEDURE | FUNCTION} [IF EXISTS] sp_name\n\nThis statement is used to drop a stored procedure or function. That is,\nthe specified routine is removed from the server. You must have the\nALTER ROUTINE privilege for the routine. (If the\nautomatic_sp_privileges system variable is enabled, that privilege and\nEXECUTE are granted automatically to the routine creator when the\nroutine is created and dropped from the creator when the routine is\ndropped. See\nhttp://dev.mysql.com/doc/refman/5.5/en/stored-routines-privileges.html.\n)\n\nThe IF EXISTS clause is a MySQL extension. It prevents an error from\noccurring if the procedure or function does not exist. A warning is\nproduced that can be viewed with SHOW WARNINGS.\n\nURL: http://dev.mysql.com/doc/refman/5.5/en/drop-procedure.html\n\n','','http://dev.mysql.com/doc/refman/5.5/en/drop-procedure.html'),(418,'CHECK TABLE',21,'Syntax:\nCHECK TABLE tbl_name [, tbl_name] ... [option] ...\n\noption = {\n    FOR UPGRADE\n  | QUICK\n  | FAST\n  | MEDIUM\n  | EXTENDED\n  | CHANGED\n}\n\nCHECK TABLE checks a table or tables for errors. CHECK TABLE works for\nInnoDB, MyISAM, ARCHIVE, and CSV tables. For MyISAM tables, the key\nstatistics are updated as well.\n\nTo check a table, you must have some privilege for it.\n\nCHECK TABLE can also check views for problems, such as tables that are\nreferenced in the view definition that no longer exist.\n\nCHECK TABLE is supported for partitioned tables, and you can use ALTER\nTABLE ... CHECK PARTITION to check one or more partitions; for more\ninformation, see [HELP ALTER TABLE], and\nhttp://dev.mysql.com/doc/refman/5.5/en/partitioning-maintenance.html.\n\nURL: http://dev.mysql.com/doc/refman/5.5/en/check-table.html\n\n','','http://dev.mysql.com/doc/refman/5.5/en/check-table.html'),(419,'BIN',38,'Syntax:\nBIN(N)\n\nReturns a string representation of the binary value of N, where N is a\nlonglong (BIGINT) number. This is equivalent to CONV(N,10,2). Returns\nNULL if N is NULL.\n\nURL: http://dev.mysql.com/doc/refman/5.5/en/string-functions.html\n\n','mysql> SELECT BIN(12);\n        -> \'1100\'\n','http://dev.mysql.com/doc/refman/5.5/en/string-functions.html'),(420,'INSTALL PLUGIN',5,'Syntax:\nINSTALL PLUGIN plugin_name SONAME \'shared_library_name\'\n\nThis statement installs a server plugin. It requires the INSERT\nprivilege for the mysql.plugin table.\n\nplugin_name is the name of the plugin as defined in the plugin\ndescriptor structure contained in the library file (see\nhttp://dev.mysql.com/doc/refman/5.5/en/plugin-data-structures.html).\nPlugin names are not case sensitive. For maximal compatibility, plugin\nnames should be limited to ASCII letters, digits, and underscore\nbecause they are used in C source files, shell command lines, M4 and\nBourne shell scripts, and SQL environments.\n\nshared_library_name is the name of the shared library that contains the\nplugin code. The name includes the file name extension (for example,\nlibmyplugin.so, libmyplugin.dll, or libmyplugin.dylib).\n\nThe shared library must be located in the plugin directory (the\ndirectory named by the plugin_dir system variable). The library must be\nin the plugin directory itself, not in a subdirectory. By default,\nplugin_dir is the plugin directory under the directory named by the\npkglibdir configuration variable, but it can be changed by setting the\nvalue of plugin_dir at server startup. For example, set its value in a\nmy.cnf file:\n\n[mysqld]\nplugin_dir=/path/to/plugin/directory\n\nIf the value of plugin_dir is a relative path name, it is taken to be\nrelative to the MySQL base directory (the value of the basedir system\nvariable).\n\nINSTALL PLUGIN loads and initializes the plugin code to make the plugin\navailable for use. A plugin is initialized by executing its\ninitialization function, which handles any setup that the plugin must\nperform before it can be used. When the server shuts down, it executes\nthe deinitialization function for each plugin that is loaded so that\nthe plugin has a chance to perform any final cleanup.\n\nINSTALL PLUGIN also registers the plugin by adding a line that\nindicates the plugin name and library file name to the mysql.plugin\ntable. At server startup, the server loads and initializes any plugin\nthat is listed in the mysql.plugin table. This means that a plugin is\ninstalled with INSTALL PLUGIN only once, not every time the server\nstarts. Plugin loading at startup does not occur if the server is\nstarted with the --skip-grant-tables option.\n\nA plugin library can contain multiple plugins. For each of them to be\ninstalled, use a separate INSTALL PLUGIN statement. Each statement\nnames a different plugin, but all of them specify the same library\nname.\n\nURL: http://dev.mysql.com/doc/refman/5.5/en/install-plugin.html\n\n','','http://dev.mysql.com/doc/refman/5.5/en/install-plugin.html'),(421,'DECLARE CURSOR',24,'Syntax:\nDECLARE cursor_name CURSOR FOR select_statement\n\nThis statement declares a cursor and associates it with a SELECT\nstatement that retrieves the rows to be traversed by the cursor. To\nfetch the rows later, use a FETCH statement. The number of columns\nretrieved by the SELECT statement must match the number of output\nvariables specified in the FETCH statement.\n\nThe SELECT statement cannot have an INTO clause.\n\nCursor declarations must appear before handler declarations and after\nvariable and condition declarations.\n\nA stored program may contain multiple cursor declarations, but each\ncursor declared in a given block must have a unique name. For an\nexample, see http://dev.mysql.com/doc/refman/5.5/en/cursors.html.\n\nFor information available through SHOW statements, it is possible in\nmany cases to obtain equivalent information by using a cursor with an\nINFORMATION_SCHEMA table.\n\nURL: http://dev.mysql.com/doc/refman/5.5/en/declare-cursor.html\n\n','','http://dev.mysql.com/doc/refman/5.5/en/declare-cursor.html'),(422,'LOAD DATA',28,'Syntax:\nLOAD DATA [LOW_PRIORITY | CONCURRENT] [LOCAL] INFILE \'file_name\'\n    [REPLACE | IGNORE]\n    INTO TABLE tbl_name\n    [CHARACTER SET charset_name]\n    [{FIELDS | COLUMNS}\n        [TERMINATED BY \'string\']\n        [[OPTIONALLY] ENCLOSED BY \'char\']\n        [ESCAPED BY \'char\']\n    ]\n    [LINES\n        [STARTING BY \'string\']\n        [TERMINATED BY \'string\']\n    ]\n    [IGNORE number {LINES | ROWS}]\n    [(col_name_or_user_var,...)]\n    [SET col_name = expr,...]\n\nThe LOAD DATA INFILE statement reads rows from a text file into a table\nat a very high speed. LOAD DATA INFILE is the complement of SELECT ...\nINTO OUTFILE. (See\nhttp://dev.mysql.com/doc/refman/5.5/en/select-into.html.) To write data\nfrom a table to a file, use SELECT ... INTO OUTFILE. To read the file\nback into a table, use LOAD DATA INFILE. The syntax of the FIELDS and\nLINES clauses is the same for both statements. Both clauses are\noptional, but FIELDS must precede LINES if both are specified.\n\nYou can also load data files by using the mysqlimport utility; it\noperates by sending a LOAD DATA INFILE statement to the server. The\n--local option causes mysqlimport to read data files from the client\nhost. You can specify the --compress option to get better performance\nover slow networks if the client and server support the compressed\nprotocol. See http://dev.mysql.com/doc/refman/5.5/en/mysqlimport.html.\n\nFor more information about the efficiency of INSERT versus LOAD DATA\nINFILE and speeding up LOAD DATA INFILE, see\nhttp://dev.mysql.com/doc/refman/5.5/en/insert-speed.html.\n\nThe file name must be given as a literal string. On Windows, specify\nbackslashes in path names as forward slashes or doubled backslashes.\nThe character_set_filesystem system variable controls the\ninterpretation of the file name.\n\nThe server uses the character set indicated by the\ncharacter_set_database system variable to interpret the information in\nthe file. SET NAMES and the setting of character_set_client do not\naffect interpretation of input. If the contents of the input file use a\ncharacter set that differs from the default, it is usually preferable\nto specify the character set of the file by using the CHARACTER SET\nclause. A character set of binary specifies \"no conversion.\"\n\nLOAD DATA INFILE interprets all fields in the file as having the same\ncharacter set, regardless of the data types of the columns into which\nfield values are loaded. For proper interpretation of file contents,\nyou must ensure that it was written with the correct character set. For\nexample, if you write a data file with mysqldump -T or by issuing a\nSELECT ... INTO OUTFILE statement in mysql, be sure to use a\n--default-character-set option so that output is written in the\ncharacter set to be used when the file is loaded with LOAD DATA INFILE.\n\n*Note*: It is not possible to load data files that use the ucs2, utf16,\nor utf32 character set.\n\nIf you use LOW_PRIORITY, execution of the LOAD DATA statement is\ndelayed until no other clients are reading from the table. This affects\nonly storage engines that use only table-level locking (such as MyISAM,\nMEMORY, and MERGE).\n\nIf you specify CONCURRENT with a MyISAM table that satisfies the\ncondition for concurrent inserts (that is, it contains no free blocks\nin the middle), other threads can retrieve data from the table while\nLOAD DATA is executing. This option affects the performance of LOAD\nDATA a bit, even if no other thread is using the table at the same\ntime.\n\nWith row-based replication, CONCURRENT is replicated regardless of\nMySQL version. With statement-based replication CONCURRENT is not\nreplicated prior to MySQL 5.5.1 (see Bug #34628). For more information,\nsee\nhttp://dev.mysql.com/doc/refman/5.5/en/replication-features-load-data.h\ntml.\n\nThe LOCAL keyword affects expected location of the file and error\nhandling, as described later. LOCAL works only if your server and your\nclient both have been configured to permit it. For example, if mysqld\nwas started with --local-infile=0, LOCAL does not work. See\nhttp://dev.mysql.com/doc/refman/5.5/en/load-data-local.html.\n\nThe LOCAL keyword affects where the file is expected to be found:\n\no If LOCAL is specified, the file is read by the client program on the\n  client host and sent to the server. The file can be given as a full\n  path name to specify its exact location. If given as a relative path\n  name, the name is interpreted relative to the directory in which the\n  client program was started.\n\n  When using LOCAL with LOAD DATA, a copy of the file is created in the\n  server\'s temporary directory. This is not the directory determined by\n  the value of tmpdir or slave_load_tmpdir, but rather the operating\n  system\'s temporary directory, and is not configurable in the MySQL\n  Server. (Typically the system temporary directory is /tmp on Linux\n  systems and C:\\WINDOWS\\TEMP on Windows.) Lack of sufficient space for\n  the copy in this directory can cause the LOAD DATA LOCAL statement to\n  fail.\n\no If LOCAL is not specified, the file must be located on the server\n  host and is read directly by the server. The server uses the\n  following rules to locate the file:\n\n  o If the file name is an absolute path name, the server uses it as\n    given.\n\n  o If the file name is a relative path name with one or more leading\n    components, the server searches for the file relative to the\n    server\'s data directory.\n\n  o If a file name with no leading components is given, the server\n    looks for the file in the database directory of the default\n    database.\n\nIn the non-LOCAL case, these rules mean that a file named as\n./myfile.txt is read from the server\'s data directory, whereas the file\nnamed as myfile.txt is read from the database directory of the default\ndatabase. For example, if db1 is the default database, the following\nLOAD DATA statement reads the file data.txt from the database directory\nfor db1, even though the statement explicitly loads the file into a\ntable in the db2 database:\n\nLOAD DATA INFILE \'data.txt\' INTO TABLE db2.my_table;\n\nFor security reasons, when reading text files located on the server,\nthe files must either reside in the database directory or be readable\nby the user account used to run the server. Also, to use LOAD DATA\nINFILE on server files, you must have the FILE privilege. See\nhttp://dev.mysql.com/doc/refman/5.5/en/privileges-provided.html. For\nnon-LOCAL load operations, if the secure_file_priv system variable is\nset to a nonempty directory name, the file to be loaded must be located\nin that directory.\n\nUsing LOCAL is a bit slower than letting the server access the files\ndirectly, because the contents of the file must be sent over the\nconnection by the client to the server. On the other hand, you do not\nneed the FILE privilege to load local files.\n\nLOCAL also affects error handling:\n\no With LOAD DATA INFILE, data-interpretation and duplicate-key errors\n  terminate the operation.\n\no With LOAD DATA LOCAL INFILE, data-interpretation and duplicate-key\n  errors become warnings and the operation continues because the server\n  has no way to stop transmission of the file in the middle of the\n  operation. For duplicate-key errors, this is the same as if IGNORE is\n  specified. IGNORE is explained further later in this section.\n\nThe REPLACE and IGNORE keywords control handling of input rows that\nduplicate existing rows on unique key values:\n\no If you specify REPLACE, input rows replace existing rows. In other\n  words, rows that have the same value for a primary key or unique\n  index as an existing row. See [HELP REPLACE].\n\no If you specify IGNORE, rows that duplicate an existing row on a\n  unique key value are discarded.\n\no If you do not specify either option, the behavior depends on whether\n  the LOCAL keyword is specified. Without LOCAL, an error occurs when a\n  duplicate key value is found, and the rest of the text file is\n  ignored. With LOCAL, the default behavior is the same as if IGNORE is\n  specified; this is because the server has no way to stop transmission\n  of the file in the middle of the operation.\n\nURL: http://dev.mysql.com/doc/refman/5.5/en/load-data.html\n\n','','http://dev.mysql.com/doc/refman/5.5/en/load-data.html'),(423,'MULTILINESTRING',25,'MultiLineString(ls1,ls2,...)\n\nConstructs a MultiLineString value using LineString or WKB LineString\narguments.\n\nURL: http://dev.mysql.com/doc/refman/5.5/en/gis-mysql-specific-functions.html\n\n','','http://dev.mysql.com/doc/refman/5.5/en/gis-mysql-specific-functions.html'),(424,'LOCALTIME',32,'Syntax:\nLOCALTIME, LOCALTIME()\n\nLOCALTIME and LOCALTIME() are synonyms for NOW().\n\nURL: http://dev.mysql.com/doc/refman/5.5/en/date-and-time-functions.html\n\n','','http://dev.mysql.com/doc/refman/5.5/en/date-and-time-functions.html'),(425,'SHOW RELAYLOG EVENTS',27,'Syntax:\nSHOW RELAYLOG EVENTS\n   [IN \'log_name\'] [FROM pos] [LIMIT [offset,] row_count]\n\nShows the events in the relay log of a replication slave. If you do not\nspecify \'log_name\', the first relay log is displayed. This statement\nhas no effect on the master.\n\nURL: http://dev.mysql.com/doc/refman/5.5/en/show-relaylog-events.html\n\n','','http://dev.mysql.com/doc/refman/5.5/en/show-relaylog-events.html'),(426,'MPOINTFROMTEXT',4,'MPointFromText(wkt[,srid]), MultiPointFromText(wkt[,srid])\n\nConstructs a MultiPoint value using its WKT representation and SRID.\n\nURL: http://dev.mysql.com/doc/refman/5.5/en/gis-wkt-functions.html\n\n','','http://dev.mysql.com/doc/refman/5.5/en/gis-wkt-functions.html'),(427,'BLOB',23,'BLOB[(M)]\n\nA BLOB column with a maximum length of 65,535 (216 - 1) bytes. Each\nBLOB value is stored using a 2-byte length prefix that indicates the\nnumber of bytes in the value.\n\nAn optional length M can be given for this type. If this is done, MySQL\ncreates the column as the smallest BLOB type large enough to hold\nvalues M bytes long.\n\nURL: http://dev.mysql.com/doc/refman/5.5/en/string-type-overview.html\n\n','','http://dev.mysql.com/doc/refman/5.5/en/string-type-overview.html'),(428,'SHA1',12,'Syntax:\nSHA1(str), SHA(str)\n\nCalculates an SHA-1 160-bit checksum for the string, as described in\nRFC 3174 (Secure Hash Algorithm). The value is returned as a string of\n40 hex digits, or NULL if the argument was NULL. One of the possible\nuses for this function is as a hash key. See the notes at the beginning\nof this section about storing hash values efficiently. You can also use\nSHA1() as a cryptographic function for storing passwords. SHA() is\nsynonymous with SHA1().\n\nAs of MySQL 5.5.3, the return value is a nonbinary string in the\nconnection character set. Before 5.5.3, the return value is a binary\nstring; see the notes at the beginning of this section about using the\nvalue as a nonbinary string.\n\nURL: http://dev.mysql.com/doc/refman/5.5/en/encryption-functions.html\n\n','mysql> SELECT SHA1(\'abc\');\n        -> \'a9993e364706816aba3e25717850c26c9cd0d89d\'\n','http://dev.mysql.com/doc/refman/5.5/en/encryption-functions.html'),(429,'SUBSTR',38,'Syntax:\nSUBSTR(str,pos), SUBSTR(str FROM pos), SUBSTR(str,pos,len), SUBSTR(str\nFROM pos FOR len)\n\nSUBSTR() is a synonym for SUBSTRING().\n\nURL: http://dev.mysql.com/doc/refman/5.5/en/string-functions.html\n\n','','http://dev.mysql.com/doc/refman/5.5/en/string-functions.html'),(430,'PASSWORD',12,'Syntax:\nPASSWORD(str)\n\nReturns a hashed password string calculated from the cleartext password\nstr. The return value is a nonbinary string in the connection character\nset (a binary string before MySQL 5.5.3), or NULL if the argument is\nNULL. This function is the SQL interface to the algorithm used by the\nserver to encrypt MySQL passwords for storage in the mysql.user grant\ntable.\n\nThe old_passwords system variable controls the password hashing method\nused by the PASSWORD() function. It also influences password hashing\nperformed by CREATE USER and GRANT statements that specify a password\nusing an IDENTIFIED BY clause.\n\nURL: http://dev.mysql.com/doc/refman/5.5/en/encryption-functions.html\n\n','mysql> SET old_passwords = 0;\nmysql> SELECT PASSWORD(\'mypass\'), OLD_PASSWORD(\'mypass\');\n+-------------------------------------------+------------------------+\n| PASSWORD(\'mypass\')                        | OLD_PASSWORD(\'mypass\') |\n+-------------------------------------------+------------------------+\n| *6C8989366EAF75BB670AD8EA7A7FC1176A95CEF4 | 6f8c114b58f2ce9e       |\n+-------------------------------------------+------------------------+\n\nmysql> SET old_passwords = 1;\nmysql> SELECT PASSWORD(\'mypass\'), OLD_PASSWORD(\'mypass\');\n+--------------------+------------------------+\n| PASSWORD(\'mypass\') | OLD_PASSWORD(\'mypass\') |\n+--------------------+------------------------+\n| 6f8c114b58f2ce9e   | 6f8c114b58f2ce9e       |\n+--------------------+------------------------+\n','http://dev.mysql.com/doc/refman/5.5/en/encryption-functions.html'),(431,'CHAR',23,'[NATIONAL] CHAR[(M)] [CHARACTER SET charset_name] [COLLATE\ncollation_name]\n\nA fixed-length string that is always right-padded with spaces to the\nspecified length when stored. M represents the column length in\ncharacters. The range of M is 0 to 255. If M is omitted, the length is\n1.\n\n*Note*: Trailing spaces are removed when CHAR values are retrieved\nunless the PAD_CHAR_TO_FULL_LENGTH SQL mode is enabled.\n\nURL: http://dev.mysql.com/doc/refman/5.5/en/string-type-overview.html\n\n','','http://dev.mysql.com/doc/refman/5.5/en/string-type-overview.html'),(432,'UTC_DATE',32,'Syntax:\nUTC_DATE, UTC_DATE()\n\nReturns the current UTC date as a value in \'YYYY-MM-DD\' or YYYYMMDD\nformat, depending on whether the function is used in a string or\nnumeric context.\n\nURL: http://dev.mysql.com/doc/refman/5.5/en/date-and-time-functions.html\n\n','mysql> SELECT UTC_DATE(), UTC_DATE() + 0;\n        -> \'2003-08-14\', 20030814\n','http://dev.mysql.com/doc/refman/5.5/en/date-and-time-functions.html'),(433,'DIMENSION',37,'Dimension(g)\n\nReturns the inherent dimension of the geometry value g. The result can\nbe -1, 0, 1, or 2. The meaning of these values is given in\nhttp://dev.mysql.com/doc/refman/5.5/en/gis-class-geometry.html.\n\nURL: http://dev.mysql.com/doc/refman/5.5/en/gis-general-property-functions.html\n\n','mysql> SELECT Dimension(GeomFromText(\'LineString(1 1,2 2)\'));\n+------------------------------------------------+\n| Dimension(GeomFromText(\'LineString(1 1,2 2)\')) |\n+------------------------------------------------+\n|                                              1 |\n+------------------------------------------------+\n','http://dev.mysql.com/doc/refman/5.5/en/gis-general-property-functions.html'),(434,'COUNT DISTINCT',16,'Syntax:\nCOUNT(DISTINCT expr,[expr...])\n\nReturns a count of the number of rows with different non-NULL expr\nvalues.\n\nCOUNT(DISTINCT) returns 0 if there were no matching rows.\n\nURL: http://dev.mysql.com/doc/refman/5.5/en/group-by-functions.html\n\n','mysql> SELECT COUNT(DISTINCT results) FROM student;\n','http://dev.mysql.com/doc/refman/5.5/en/group-by-functions.html'),(435,'BIT',23,'BIT[(M)]\n\nA bit-field type. M indicates the number of bits per value, from 1 to\n64. The default is 1 if M is omitted.\n\nURL: http://dev.mysql.com/doc/refman/5.5/en/numeric-type-overview.html\n\n','','http://dev.mysql.com/doc/refman/5.5/en/numeric-type-overview.html'),(436,'XA',8,'Syntax:\nXA {START|BEGIN} xid [JOIN|RESUME]\n\nXA END xid [SUSPEND [FOR MIGRATE]]\n\nXA PREPARE xid\n\nXA COMMIT xid [ONE PHASE]\n\nXA ROLLBACK xid\n\nXA RECOVER\n\nFor XA START, the JOIN and RESUME clauses are not supported.\n\nFor XA END the SUSPEND [FOR MIGRATE] clause is not supported.\n\nEach XA statement begins with the XA keyword, and most of them require\nan xid value. An xid is an XA transaction identifier. It indicates\nwhich transaction the statement applies to. xid values are supplied by\nthe client, or generated by the MySQL server. An xid value has from one\nto three parts:\n\nxid: gtrid [, bqual [, formatID ]]\n\ngtrid is a global transaction identifier, bqual is a branch qualifier,\nand formatID is a number that identifies the format used by the gtrid\nand bqual values. As indicated by the syntax, bqual and formatID are\noptional. The default bqual value is \'\' if not given. The default\nformatID value is 1 if not given.\n\ngtrid and bqual must be string literals, each up to 64 bytes (not\ncharacters) long. gtrid and bqual can be specified in several ways. You\ncan use a quoted string (\'ab\'), hex string (0x6162, X\'ab\'), or bit\nvalue (b\'nnnn\').\n\nformatID is an unsigned integer.\n\nThe gtrid and bqual values are interpreted in bytes by the MySQL\nserver\'s underlying XA support routines. However, while an SQL\nstatement containing an XA statement is being parsed, the server works\nwith some specific character set. To be safe, write gtrid and bqual as\nhex strings.\n\nxid values typically are generated by the Transaction Manager. Values\ngenerated by one TM must be different from values generated by other\nTMs. A given TM must be able to recognize its own xid values in a list\nof values returned by the XA RECOVER statement.\n\nFor XA START xid starts an XA transaction with the given xid value.\nEach XA transaction must have a unique xid value, so the value must not\ncurrently be used by another XA transaction. Uniqueness is assessed\nusing the gtrid and bqual values. All following XA statements for the\nXA transaction must be specified using the same xid value as that given\nin the XA START statement. If you use any of those statements but\nspecify an xid value that does not correspond to some existing XA\ntransaction, an error occurs.\n\nOne or more XA transactions can be part of the same global transaction.\nAll XA transactions within a given global transaction must use the same\ngtrid value in the xid value. For this reason, gtrid values must be\nglobally unique so that there is no ambiguity about which global\ntransaction a given XA transaction is part of. The bqual part of the\nxid value must be different for each XA transaction within a global\ntransaction. (The requirement that bqual values be different is a\nlimitation of the current MySQL XA implementation. It is not part of\nthe XA specification.)\n\nThe XA RECOVER statement returns information for those XA transactions\non the MySQL server that are in the PREPARED state. (See\nhttp://dev.mysql.com/doc/refman/5.5/en/xa-states.html.) The output\nincludes a row for each such XA transaction on the server, regardless\nof which client started it.\n\nXA RECOVER output rows look like this (for an example xid value\nconsisting of the parts \'abc\', \'def\', and 7):\n\nmysql> XA RECOVER;\n+----------+--------------+--------------+--------+\n| formatID | gtrid_length | bqual_length | data   |\n+----------+--------------+--------------+--------+\n|        7 |            3 |            3 | abcdef |\n+----------+--------------+--------------+--------+\n\nThe output columns have the following meanings:\n\no formatID is the formatID part of the transaction xid\n\no gtrid_length is the length in bytes of the gtrid part of the xid\n\no bqual_length is the length in bytes of the bqual part of the xid\n\no data is the concatenation of the gtrid and bqual parts of the xid\n\nURL: http://dev.mysql.com/doc/refman/5.5/en/xa-statements.html\n\n','','http://dev.mysql.com/doc/refman/5.5/en/xa-statements.html'),(437,'EQUALS',31,'Equals(g1,g2)\n\nReturns 1 or 0 to indicate whether g1 is spatially equal to g2.\n\nURL: http://dev.mysql.com/doc/refman/5.5/en/spatial-relation-functions-mbr.html\n\n','','http://dev.mysql.com/doc/refman/5.5/en/spatial-relation-functions-mbr.html'),(438,'SHOW CREATE VIEW',27,'Syntax:\nSHOW CREATE VIEW view_name\n\nThis statement shows the CREATE VIEW statement that creates the named\nview.\n\nURL: http://dev.mysql.com/doc/refman/5.5/en/show-create-view.html\n\n','','http://dev.mysql.com/doc/refman/5.5/en/show-create-view.html'),(439,'CENTROID',2,'Centroid(mpoly)\n\nReturns the mathematical centroid for the MultiPolygon value mpoly as a\nPoint. The result is not guaranteed to be on the MultiPolygon.\n\nURL: http://dev.mysql.com/doc/refman/5.5/en/gis-multipolygon-property-functions.html\n\n','mysql> SET @poly =\n    -> GeomFromText(\'POLYGON((0 0,10 0,10 10,0 10,0 0),(5 5,7 5,7 7,5 7,5 5))\');\nmysql> SELECT GeometryType(@poly),AsText(Centroid(@poly));\n+---------------------+--------------------------------------------+\n| GeometryType(@poly) | AsText(Centroid(@poly))                    |\n+---------------------+--------------------------------------------+\n| POLYGON             | POINT(4.958333333333333 4.958333333333333) |\n+---------------------+--------------------------------------------+\n','http://dev.mysql.com/doc/refman/5.5/en/gis-multipolygon-property-functions.html'),(440,'INTERVAL',20,'Syntax:\nINTERVAL(N,N1,N2,N3,...)\n\nReturns 0 if N < N1, 1 if N < N2 and so on or -1 if N is NULL. All\narguments are treated as integers. It is required that N1 < N2 < N3 <\n... < Nn for this function to work correctly. This is because a binary\nsearch is used (very fast).\n\nURL: http://dev.mysql.com/doc/refman/5.5/en/comparison-operators.html\n\n','mysql> SELECT INTERVAL(23, 1, 15, 17, 30, 44, 200);\n        -> 3\nmysql> SELECT INTERVAL(10, 1, 10, 100, 1000);\n        -> 2\nmysql> SELECT INTERVAL(22, 23, 30, 44, 200);\n        -> 0\n','http://dev.mysql.com/doc/refman/5.5/en/comparison-operators.html'),(441,'FROM_DAYS',32,'Syntax:\nFROM_DAYS(N)\n\nGiven a day number N, returns a DATE value.\n\nURL: http://dev.mysql.com/doc/refman/5.5/en/date-and-time-functions.html\n\n','mysql> SELECT FROM_DAYS(730669);\n        -> \'2007-07-03\'\n','http://dev.mysql.com/doc/refman/5.5/en/date-and-time-functions.html'),(442,'ALTER PROCEDURE',40,'Syntax:\nALTER PROCEDURE proc_name [characteristic ...]\n\ncharacteristic:\n    COMMENT \'string\'\n  | LANGUAGE SQL\n  | { CONTAINS SQL | NO SQL | READS SQL DATA | MODIFIES SQL DATA }\n  | SQL SECURITY { DEFINER | INVOKER }\n\nThis statement can be used to change the characteristics of a stored\nprocedure. More than one change may be specified in an ALTER PROCEDURE\nstatement. However, you cannot change the parameters or body of a\nstored procedure using this statement; to make such changes, you must\ndrop and re-create the procedure using DROP PROCEDURE and CREATE\nPROCEDURE.\n\nYou must have the ALTER ROUTINE privilege for the procedure. By\ndefault, that privilege is granted automatically to the procedure\ncreator. This behavior can be changed by disabling the\nautomatic_sp_privileges system variable. See\nhttp://dev.mysql.com/doc/refman/5.5/en/stored-routines-privileges.html.\n\nURL: http://dev.mysql.com/doc/refman/5.5/en/alter-procedure.html\n\n','','http://dev.mysql.com/doc/refman/5.5/en/alter-procedure.html'),(443,'BIT_COUNT',19,'Syntax:\nBIT_COUNT(N)\n\nReturns the number of bits that are set in the argument N.\n\nURL: http://dev.mysql.com/doc/refman/5.5/en/bit-functions.html\n\n','mysql> SELECT BIT_COUNT(29), BIT_COUNT(b\'101010\');\n        -> 4, 3\n','http://dev.mysql.com/doc/refman/5.5/en/bit-functions.html'),(444,'OCTET_LENGTH',38,'Syntax:\nOCTET_LENGTH(str)\n\nOCTET_LENGTH() is a synonym for LENGTH().\n\nURL: http://dev.mysql.com/doc/refman/5.5/en/string-functions.html\n\n','','http://dev.mysql.com/doc/refman/5.5/en/string-functions.html'),(445,'UTC_TIMESTAMP',32,'Syntax:\nUTC_TIMESTAMP, UTC_TIMESTAMP()\n\nReturns the current UTC date and time as a value in \'YYYY-MM-DD\nHH:MM:SS\' or YYYYMMDDHHMMSS.uuuuuu format, depending on whether the\nfunction is used in a string or numeric context.\n\nURL: http://dev.mysql.com/doc/refman/5.5/en/date-and-time-functions.html\n\n','mysql> SELECT UTC_TIMESTAMP(), UTC_TIMESTAMP() + 0;\n        -> \'2003-08-14 18:08:04\', 20030814180804.000000\n','http://dev.mysql.com/doc/refman/5.5/en/date-and-time-functions.html'),(446,'AES_ENCRYPT',12,'Syntax:\nAES_ENCRYPT(str,key_str)\n\nAES_ENCRYPT() and AES_DECRYPT() implement encryption and decryption of\ndata using the official AES (Advanced Encryption Standard) algorithm,\npreviously known as \"Rijndael.\" The AES standard permits various key\nlengths. These functions implement AES with a 128-bit key length, but\nyou can extend them to 256 bits by modifying the source. The key length\nis a trade off between performance and security.\n\nAES_ENCRYPT() encrypts the string str using the key string key_str and\nreturns a binary string containing the encrypted output. AES_DECRYPT()\ndecrypts the encrypted string crypt_str using the key string key_str\nand returns the original plaintext string. If either function argument\nis NULL, the function returns NULL.\n\nThe str and crypt_str arguments can be any length, and padding is\nautomatically added to str so it is a multiple of a block as required\nby block-based algorithms such as AES. This padding is automatically\nremoved by the AES_DECRYPT() function. The length of crypt_str can be\ncalculated using this formula:\n\n16 * (trunc(string_length / 16) + 1)\n\nFor a key length of 128 bits, the most secure way to pass a key to the\nkey_str argument is to create a truly random 128-bit value and pass it\nas a binary value. For example:\n\nINSERT INTO t\nVALUES (1,AES_ENCRYPT(\'text\',UNHEX(\'F3229A0B371ED2D9441B830D21A390C3\')));\n\nA passphrase can be used to generate an AES key by hashing the\npassphrase. For example:\n\nINSERT INTO t VALUES (1,AES_ENCRYPT(\'text\', SHA2(\'My secret passphrase\',512)));\n\nDo not pass a password or passphrase directly to crypt_str, hash it\nfirst. Previous versions of this documentation suggested the former\napproach, but it is no longer recommended as the examples shown here\nare more secure.\n\nIf AES_DECRYPT() detects invalid data or incorrect padding, it returns\nNULL. However, it is possible for AES_DECRYPT() to return a non-NULL\nvalue (possibly garbage) if the input data or the key is invalid.\n\nURL: http://dev.mysql.com/doc/refman/5.5/en/encryption-functions.html\n\n','','http://dev.mysql.com/doc/refman/5.5/en/encryption-functions.html'),(447,'+',3,'Syntax:\n+\n\nAddition:\n\nURL: http://dev.mysql.com/doc/refman/5.5/en/arithmetic-functions.html\n\n','mysql> SELECT 3+5;\n        -> 8\n','http://dev.mysql.com/doc/refman/5.5/en/arithmetic-functions.html'),(448,'INET_NTOA',14,'Syntax:\nINET_NTOA(expr)\n\nGiven a numeric IPv4 network address in network byte order, returns the\ndotted-quad representation of the address as a string. INET_NTOA()\nreturns NULL if it does not understand its argument.\n\nAs of MySQL 5.5.3, the return value is a nonbinary string in the\nconnection character set. Before 5.5.3, the return value is a binary\nstring.\n\nURL: http://dev.mysql.com/doc/refman/5.5/en/miscellaneous-functions.html\n\n','mysql> SELECT INET_NTOA(167773449);\n        -> \'10.0.5.9\'\n','http://dev.mysql.com/doc/refman/5.5/en/miscellaneous-functions.html'),(449,'ACOS',3,'Syntax:\nACOS(X)\n\nReturns the arc cosine of X, that is, the value whose cosine is X.\nReturns NULL if X is not in the range -1 to 1.\n\nURL: http://dev.mysql.com/doc/refman/5.5/en/mathematical-functions.html\n\n','mysql> SELECT ACOS(1);\n        -> 0\nmysql> SELECT ACOS(1.0001);\n        -> NULL\nmysql> SELECT ACOS(0);\n        -> 1.5707963267949\n','http://dev.mysql.com/doc/refman/5.5/en/mathematical-functions.html'),(450,'ISOLATION',8,'Syntax:\nSET [GLOBAL | SESSION] TRANSACTION ISOLATION LEVEL\n  {\n       REPEATABLE READ\n     | READ COMMITTED\n     | READ UNCOMMITTED\n     | SERIALIZABLE\n   }\n\nThis statement sets the transaction isolation level, used for\noperations on InnoDB tables.\n\nScope of the Isolation Level\n\nYou can set the isolation level globally, for the current session, or\nfor the next transaction:\n\no With the GLOBAL keyword, the statement sets the default transaction\n  level globally for all subsequent sessions. Existing sessions are\n  unaffected.\n\no With the SESSION keyword, the statement sets the default transaction\n  level for all subsequent transactions performed within the current\n  session.\n\no Without any SESSION or GLOBAL keyword, the statement sets the\n  isolation level for the next (not started) transaction performed\n  within the current session.\n\nA change to the global default isolation level requires the SUPER\nprivilege. Any session is free to change its session isolation level\n(even in the middle of a transaction), or the isolation level for its\nnext transaction.\n\nSET TRANSACTION ISOLATION LEVEL without GLOBAL or SESSION is not\npermitted while there is an active transaction:\n\nmysql> START TRANSACTION;\nQuery OK, 0 rows affected (0.02 sec)\n\nmysql> SET TRANSACTION ISOLATION LEVEL SERIALIZABLE;\nERROR 1568 (25001): Transaction isolation level can\'t be changed\nwhile a transaction is in progress\n\nTo set the global default isolation level at server startup, use the\n--transaction-isolation=level option to mysqld on the command line or\nin an option file. Values of level for this option use dashes rather\nthan spaces, so the permissible values are READ-UNCOMMITTED,\nREAD-COMMITTED, REPEATABLE-READ, or SERIALIZABLE. For example, to set\nthe default isolation level to REPEATABLE READ, use these lines in the\n[mysqld] section of an option file:\n\n[mysqld]\ntransaction-isolation = REPEATABLE-READ\n\nIt is possible to check or set the global and session transaction\nisolation levels at runtime by using the tx_isolation system variable:\n\nSELECT @@GLOBAL.tx_isolation, @@tx_isolation;\nSET GLOBAL tx_isolation=\'REPEATABLE-READ\';\nSET SESSION tx_isolation=\'SERIALIZABLE\';\n\nDetails and Usage of Isolation Levels\n\nInnoDB supports each of the transaction isolation levels described here\nusing different locking strategies. You can enforce a high degree of\nconsistency with the default REPEATABLE READ level, for operations on\ncrucial data where ACID compliance is important. Or you can relax the\nconsistency rules with READ COMMITTED or even READ UNCOMMITTED, in\nsituations such as bulk reporting where precise consistency and\nrepeatable results are less important than minimizing the amount of\noverhead for locking. SERIALIZABLE enforces even stricter rules than\nREPEATABLE READ, and is used mainly in specialized situations, such as\nwith XA transactions and for troubleshooting issues with concurrency\nand deadlocks.\n\nFor full information about how these isolation levels work with InnoDB\ntransactions, see\nhttp://dev.mysql.com/doc/refman/5.5/en/innodb-transaction-model.html.\nIn particular, for additional information about InnoDB record-level\nlocks and how it uses them to execute various types of statements, see\nhttp://dev.mysql.com/doc/refman/5.5/en/innodb-record-level-locks.html\nand http://dev.mysql.com/doc/refman/5.5/en/innodb-locks-set.html.\n\nThe following list describes how MySQL supports the different\ntransaction levels. The list goes from the most commonly used level to\nthe least used.\n\no REPEATABLE READ\n\n  This is the default isolation level for InnoDB. For consistent reads,\n  there is an important difference from the READ COMMITTED isolation\n  level: All consistent reads within the same transaction read the\n  snapshot established by the first read. This convention means that if\n  you issue several plain (nonlocking) SELECT statements within the\n  same transaction, these SELECT statements are consistent also with\n  respect to each other. See\n  http://dev.mysql.com/doc/refman/5.5/en/innodb-consistent-read.html.\n\n  For locking reads (SELECT with FOR UPDATE or LOCK IN SHARE MODE),\n  UPDATE, and DELETE statements, locking depends on whether the\n  statement uses a unique index with a unique search condition, or a\n  range-type search condition. For a unique index with a unique search\n  condition, InnoDB locks only the index record found, not the gap\n  before it. For other search conditions, InnoDB locks the index range\n  scanned, using gap locks or next-key (gap plus index-record) locks to\n  block insertions by other sessions into the gaps covered by the\n  range.\n\no READ COMMITTED\n\n  A somewhat Oracle-like isolation level with respect to consistent\n  (nonlocking) reads: Each consistent read, even within the same\n  transaction, sets and reads its own fresh snapshot. See\n  http://dev.mysql.com/doc/refman/5.5/en/innodb-consistent-read.html.\n\n  For locking reads (SELECT with FOR UPDATE or LOCK IN SHARE MODE),\n  UPDATE statements, and DELETE statements, InnoDB locks only index\n  records, not the gaps before them, and thus permits the free\n  insertion of new records next to locked records.\n\n  *Note*: In MySQL 5.5, when READ COMMITTED isolation level is used or\n  the innodb_locks_unsafe_for_binlog system variable is enabled, there\n  is no InnoDB gap locking except for foreign-key constraint checking\n  and duplicate-key checking. Also, record locks for nonmatching rows\n  are released after MySQL has evaluated the WHERE condition. If you\n  use READ COMMITTED or enable innodb_locks_unsafe_for_binlog, you must\n  use row-based binary logging.\n\no READ UNCOMMITTED\n\n  SELECT statements are performed in a nonlocking fashion, but a\n  possible earlier version of a row might be used. Thus, using this\n  isolation level, such reads are not consistent. This is also called a\n  \"dirty read.\" Otherwise, this isolation level works like READ\n  COMMITTED.\n\no SERIALIZABLE\n\n  This level is like REPEATABLE READ, but InnoDB implicitly converts\n  all plain SELECT statements to SELECT ... LOCK IN SHARE MODE if\n  autocommit is disabled. If autocommit is enabled, the SELECT is its\n  own transaction. It therefore is known to be read only and can be\n  serialized if performed as a consistent (nonlocking) read and need\n  not block for other transactions. (To force a plain SELECT to block\n  if other transactions have modified the selected rows, disable\n  autocommit.)\n\nURL: http://dev.mysql.com/doc/refman/5.5/en/set-transaction.html\n\n','','http://dev.mysql.com/doc/refman/5.5/en/set-transaction.html'),(451,'CEILING',3,'Syntax:\nCEILING(X)\n\nReturns the smallest integer value not less than X.\n\nURL: http://dev.mysql.com/doc/refman/5.5/en/mathematical-functions.html\n\n','mysql> SELECT CEILING(1.23);\n        -> 2\nmysql> SELECT CEILING(-1.23);\n        -> -1\n','http://dev.mysql.com/doc/refman/5.5/en/mathematical-functions.html'),(452,'SIN',3,'Syntax:\nSIN(X)\n\nReturns the sine of X, where X is given in radians.\n\nURL: http://dev.mysql.com/doc/refman/5.5/en/mathematical-functions.html\n\n','mysql> SELECT SIN(PI());\n        -> 1.2246063538224e-16\nmysql> SELECT ROUND(SIN(PI()));\n        -> 0\n','http://dev.mysql.com/doc/refman/5.5/en/mathematical-functions.html'),(453,'DAYOFWEEK',32,'Syntax:\nDAYOFWEEK(date)\n\nReturns the weekday index for date (1 = Sunday, 2 = Monday, ..., 7 =\nSaturday). These index values correspond to the ODBC standard.\n\nURL: http://dev.mysql.com/doc/refman/5.5/en/date-and-time-functions.html\n\n','mysql> SELECT DAYOFWEEK(\'2007-02-03\');\n        -> 7\n','http://dev.mysql.com/doc/refman/5.5/en/date-and-time-functions.html'),(454,'SHOW PROCESSLIST',27,'Syntax:\nSHOW [FULL] PROCESSLIST\n\nSHOW PROCESSLIST shows you which threads are running. You can also get\nthis information from the INFORMATION_SCHEMA PROCESSLIST table or the\nmysqladmin processlist command. If you have the PROCESS privilege, you\ncan see all threads. Otherwise, you can see only your own threads (that\nis, threads associated with the MySQL account that you are using). If\nyou do not use the FULL keyword, only the first 100 characters of each\nstatement are shown in the Info field.\n\nURL: http://dev.mysql.com/doc/refman/5.5/en/show-processlist.html\n\n','','http://dev.mysql.com/doc/refman/5.5/en/show-processlist.html'),(455,'LINEFROMWKB',33,'LineFromWKB(wkb[,srid]), LineStringFromWKB(wkb[,srid])\n\nConstructs a LineString value using its WKB representation and SRID.\n\nURL: http://dev.mysql.com/doc/refman/5.5/en/gis-wkb-functions.html\n\n','','http://dev.mysql.com/doc/refman/5.5/en/gis-wkb-functions.html'),(456,'GEOMETRYTYPE',37,'GeometryType(g)\n\nReturns a binary string indicating the name of the geometry type of\nwhich the geometry instance g is a member. The name corresponds to one\nof the instantiable Geometry subclasses.\n\nURL: http://dev.mysql.com/doc/refman/5.5/en/gis-general-property-functions.html\n\n','mysql> SELECT GeometryType(GeomFromText(\'POINT(1 1)\'));\n+------------------------------------------+\n| GeometryType(GeomFromText(\'POINT(1 1)\')) |\n+------------------------------------------+\n| POINT                                    |\n+------------------------------------------+\n','http://dev.mysql.com/doc/refman/5.5/en/gis-general-property-functions.html'),(457,'CREATE VIEW',40,'Syntax:\nCREATE\n    [OR REPLACE]\n    [ALGORITHM = {UNDEFINED | MERGE | TEMPTABLE}]\n    [DEFINER = { user | CURRENT_USER }]\n    [SQL SECURITY { DEFINER | INVOKER }]\n    VIEW view_name [(column_list)]\n    AS select_statement\n    [WITH [CASCADED | LOCAL] CHECK OPTION]\n\nThe CREATE VIEW statement creates a new view, or replaces an existing\none if the OR REPLACE clause is given. If the view does not exist,\nCREATE OR REPLACE VIEW is the same as CREATE VIEW. If the view does\nexist, CREATE OR REPLACE VIEW is the same as ALTER VIEW.\n\nThe select_statement is a SELECT statement that provides the definition\nof the view. (When you select from the view, you select in effect using\nthe SELECT statement.) select_statement can select from base tables or\nother views.\n\nThe view definition is \"frozen\" at creation time, so changes to the\nunderlying tables afterward do not affect the view definition. For\nexample, if a view is defined as SELECT * on a table, new columns added\nto the table later do not become part of the view.\n\nThe ALGORITHM clause affects how MySQL processes the view. The DEFINER\nand SQL SECURITY clauses specify the security context to be used when\nchecking access privileges at view invocation time. The WITH CHECK\nOPTION clause can be given to constrain inserts or updates to rows in\ntables referenced by the view. These clauses are described later in\nthis section.\n\nThe CREATE VIEW statement requires the CREATE VIEW privilege for the\nview, and some privilege for each column selected by the SELECT\nstatement. For columns used elsewhere in the SELECT statement you must\nhave the SELECT privilege. If the OR REPLACE clause is present, you\nmust also have the DROP privilege for the view. CREATE VIEW might also\nrequire the SUPER privilege, depending on the DEFINER value, as\ndescribed later in this section.\n\nWhen a view is referenced, privilege checking occurs as described later\nin this section.\n\nA view belongs to a database. By default, a new view is created in the\ndefault database. To create the view explicitly in a given database,\nspecify the name as db_name.view_name when you create it:\n\nmysql> CREATE VIEW test.v AS SELECT * FROM t;\n\nWithin a database, base tables and views share the same namespace, so a\nbase table and a view cannot have the same name.\n\nColumns retrieved by the SELECT statement can be simple references to\ntable columns. They can also be expressions that use functions,\nconstant values, operators, and so forth.\n\nViews must have unique column names with no duplicates, just like base\ntables. By default, the names of the columns retrieved by the SELECT\nstatement are used for the view column names. To define explicit names\nfor the view columns, the optional column_list clause can be given as a\nlist of comma-separated identifiers. The number of names in column_list\nmust be the same as the number of columns retrieved by the SELECT\nstatement.\n\nUnqualified table or view names in the SELECT statement are interpreted\nwith respect to the default database. A view can refer to tables or\nviews in other databases by qualifying the table or view name with the\nproper database name.\n\nA view can be created from many kinds of SELECT statements. It can\nrefer to base tables or other views. It can use joins, UNION, and\nsubqueries. The SELECT need not even refer to any tables. The following\nexample defines a view that selects two columns from another table, as\nwell as an expression calculated from those columns:\n\nmysql> CREATE TABLE t (qty INT, price INT);\nmysql> INSERT INTO t VALUES(3, 50);\nmysql> CREATE VIEW v AS SELECT qty, price, qty*price AS value FROM t;\nmysql> SELECT * FROM v;\n+------+-------+-------+\n| qty  | price | value |\n+------+-------+-------+\n|    3 |    50 |   150 |\n+------+-------+-------+\n\nA view definition is subject to the following restrictions:\n\no The SELECT statement cannot contain a subquery in the FROM clause.\n\no The SELECT statement cannot refer to system or user variables.\n\no Within a stored program, the definition cannot refer to program\n  parameters or local variables.\n\no The SELECT statement cannot refer to prepared statement parameters.\n\no Any table or view referred to in the definition must exist. However,\n  after a view has been created, it is possible to drop a table or view\n  that the definition refers to. In this case, use of the view results\n  in an error. To check a view definition for problems of this kind,\n  use the CHECK TABLE statement.\n\no The definition cannot refer to a TEMPORARY table, and you cannot\n  create a TEMPORARY view.\n\no Any tables named in the view definition must exist at definition\n  time.\n\no You cannot associate a trigger with a view.\n\no Aliases for column names in the SELECT statement are checked against\n  the maximum column length of 64 characters (not the maximum alias\n  length of 256 characters).\n\nORDER BY is permitted in a view definition, but it is ignored if you\nselect from a view using a statement that has its own ORDER BY.\n\nFor other options or clauses in the definition, they are added to the\noptions or clauses of the statement that references the view, but the\neffect is undefined. For example, if a view definition includes a LIMIT\nclause, and you select from the view using a statement that has its own\nLIMIT clause, it is undefined which limit applies. This same principle\napplies to options such as ALL, DISTINCT, or SQL_SMALL_RESULT that\nfollow the SELECT keyword, and to clauses such as INTO, FOR UPDATE,\nLOCK IN SHARE MODE, and PROCEDURE.\n\nIf you create a view and then change the query processing environment\nby changing system variables, that may affect the results that you get\nfrom the view:\n\nmysql> CREATE VIEW v (mycol) AS SELECT \'abc\';\nQuery OK, 0 rows affected (0.01 sec)\n\nmysql> SET sql_mode = \'\';\nQuery OK, 0 rows affected (0.00 sec)\n\nmysql> SELECT \"mycol\" FROM v;\n+-------+\n| mycol |\n+-------+\n| mycol |\n+-------+\n1 row in set (0.01 sec)\n\nmysql> SET sql_mode = \'ANSI_QUOTES\';\nQuery OK, 0 rows affected (0.00 sec)\n\nmysql> SELECT \"mycol\" FROM v;\n+-------+\n| mycol |\n+-------+\n| abc   |\n+-------+\n1 row in set (0.00 sec)\n\nThe DEFINER and SQL SECURITY clauses determine which MySQL account to\nuse when checking access privileges for the view when a statement is\nexecuted that references the view. The valid SQL SECURITY\ncharacteristic values are DEFINER and INVOKER. These indicate that the\nrequired privileges must be held by the user who defined or invoked the\nview, respectively. The default SQL SECURITY value is DEFINER.\n\nIf a user value is given for the DEFINER clause, it should be a MySQL\naccount specified as \'user_name\'@\'host_name\' (the same format used in\nthe GRANT statement), CURRENT_USER, or CURRENT_USER(). The default\nDEFINER value is the user who executes the CREATE VIEW statement. This\nis the same as specifying DEFINER = CURRENT_USER explicitly.\n\nIf you specify the DEFINER clause, these rules determine the valid\nDEFINER user values:\n\no If you do not have the SUPER privilege, the only valid user value is\n  your own account, either specified literally or by using\n  CURRENT_USER. You cannot set the definer to some other account.\n\no If you have the SUPER privilege, you can specify any syntactically\n  valid account name. If the account does not actually exist, a warning\n  is generated.\n\no Although it is possible to create a view with a nonexistent DEFINER\n  account, an error occurs when the view is referenced if the SQL\n  SECURITY value is DEFINER but the definer account does not exist.\n\nFor more information about view security, see\nhttp://dev.mysql.com/doc/refman/5.5/en/stored-programs-security.html.\n\nWithin a view definition, CURRENT_USER returns the view\'s DEFINER value\nby default. For views defined with the SQL SECURITY INVOKER\ncharacteristic, CURRENT_USER returns the account for the view\'s\ninvoker. For information about user auditing within views, see\nhttp://dev.mysql.com/doc/refman/5.5/en/account-activity-auditing.html.\n\nWithin a stored routine that is defined with the SQL SECURITY DEFINER\ncharacteristic, CURRENT_USER returns the routine\'s DEFINER value. This\nalso affects a view defined within such a routine, if the view\ndefinition contains a DEFINER value of CURRENT_USER.\n\nView privileges are checked like this:\n\no At view definition time, the view creator must have the privileges\n  needed to use the top-level objects accessed by the view. For\n  example, if the view definition refers to table columns, the creator\n  must have some privilege for each column in the select list of the\n  definition, and the SELECT privilege for each column used elsewhere\n  in the definition. If the definition refers to a stored function,\n  only the privileges needed to invoke the function can be checked. The\n  privileges required at function invocation time can be checked only\n  as it executes: For different invocations, different execution paths\n  within the function might be taken.\n\no The user who references a view must have appropriate privileges to\n  access it (SELECT to select from it, INSERT to insert into it, and so\n  forth.)\n\no When a view has been referenced, privileges for objects accessed by\n  the view are checked against the privileges held by the view DEFINER\n  account or invoker, depending on whether the SQL SECURITY\n  characteristic is DEFINER or INVOKER, respectively.\n\no If reference to a view causes execution of a stored function,\n  privilege checking for statements executed within the function depend\n  on whether the function SQL SECURITY characteristic is DEFINER or\n  INVOKER. If the security characteristic is DEFINER, the function runs\n  with the privileges of the DEFINER account. If the characteristic is\n  INVOKER, the function runs with the privileges determined by the\n  view\'s SQL SECURITY characteristic.\n\nExample: A view might depend on a stored function, and that function\nmight invoke other stored routines. For example, the following view\ninvokes a stored function f():\n\nCREATE VIEW v AS SELECT * FROM t WHERE t.id = f(t.name);\n\nSuppose that f() contains a statement such as this:\n\nIF name IS NULL then\n  CALL p1();\nELSE\n  CALL p2();\nEND IF;\n\nThe privileges required for executing statements within f() need to be\nchecked when f() executes. This might mean that privileges are needed\nfor p1() or p2(), depending on the execution path within f(). Those\nprivileges must be checked at runtime, and the user who must possess\nthe privileges is determined by the SQL SECURITY values of the view v\nand the function f().\n\nThe DEFINER and SQL SECURITY clauses for views are extensions to\nstandard SQL. In standard SQL, views are handled using the rules for\nSQL SECURITY DEFINER. The standard says that the definer of the view,\nwhich is the same as the owner of the view\'s schema, gets applicable\nprivileges on the view (for example, SELECT) and may grant them. MySQL\nhas no concept of a schema \"owner\", so MySQL adds a clause to identify\nthe definer. The DEFINER clause is an extension where the intent is to\nhave what the standard has; that is, a permanent record of who defined\nthe view. This is why the default DEFINER value is the account of the\nview creator.\n\nThe optional ALGORITHM clause is a MySQL extension to standard SQL. It\naffects how MySQL processes the view. ALGORITHM takes three values:\nMERGE, TEMPTABLE, or UNDEFINED. The default algorithm is UNDEFINED if\nno ALGORITHM clause is present. For more information, see\nhttp://dev.mysql.com/doc/refman/5.5/en/view-algorithms.html.\n\nSome views are updatable. That is, you can use them in statements such\nas UPDATE, DELETE, or INSERT to update the contents of the underlying\ntable. For a view to be updatable, there must be a one-to-one\nrelationship between the rows in the view and the rows in the\nunderlying table. There are also certain other constructs that make a\nview nonupdatable.\n\nThe WITH CHECK OPTION clause can be given for an updatable view to\nprevent inserts or updates to rows except those for which the WHERE\nclause in the select_statement is true.\n\nIn a WITH CHECK OPTION clause for an updatable view, the LOCAL and\nCASCADED keywords determine the scope of check testing when the view is\ndefined in terms of another view. The LOCAL keyword restricts the CHECK\nOPTION only to the view being defined. CASCADED causes the checks for\nunderlying views to be evaluated as well. When neither keyword is\ngiven, the default is CASCADED.\n\nFor more information about updatable views and the WITH CHECK OPTION\nclause, see\nhttp://dev.mysql.com/doc/refman/5.5/en/view-updatability.html.\n\nURL: http://dev.mysql.com/doc/refman/5.5/en/create-view.html\n\n','','http://dev.mysql.com/doc/refman/5.5/en/create-view.html'),(458,'TRIM',38,'Syntax:\nTRIM([{BOTH | LEADING | TRAILING} [remstr] FROM] str), TRIM([remstr\nFROM] str)\n\nReturns the string str with all remstr prefixes or suffixes removed. If\nnone of the specifiers BOTH, LEADING, or TRAILING is given, BOTH is\nassumed. remstr is optional and, if not specified, spaces are removed.\n\nURL: http://dev.mysql.com/doc/refman/5.5/en/string-functions.html\n\n','mysql> SELECT TRIM(\'  bar   \');\n        -> \'bar\'\nmysql> SELECT TRIM(LEADING \'x\' FROM \'xxxbarxxx\');\n        -> \'barxxx\'\nmysql> SELECT TRIM(BOTH \'x\' FROM \'xxxbarxxx\');\n        -> \'bar\'\nmysql> SELECT TRIM(TRAILING \'xyz\' FROM \'barxxyz\');\n        -> \'barx\'\n','http://dev.mysql.com/doc/refman/5.5/en/string-functions.html'),(459,'IS',20,'Syntax:\nIS boolean_value\n\nTests a value against a boolean value, where boolean_value can be TRUE,\nFALSE, or UNKNOWN.\n\nURL: http://dev.mysql.com/doc/refman/5.5/en/comparison-operators.html\n\n','mysql> SELECT 1 IS TRUE, 0 IS FALSE, NULL IS UNKNOWN;\n        -> 1, 1, 1\n','http://dev.mysql.com/doc/refman/5.5/en/comparison-operators.html'),(460,'GET_FORMAT',32,'Syntax:\nGET_FORMAT({DATE|TIME|DATETIME}, {\'EUR\'|\'USA\'|\'JIS\'|\'ISO\'|\'INTERNAL\'})\n\nReturns a format string. This function is useful in combination with\nthe DATE_FORMAT() and the STR_TO_DATE() functions.\n\nURL: http://dev.mysql.com/doc/refman/5.5/en/date-and-time-functions.html\n\n','mysql> SELECT DATE_FORMAT(\'2003-10-03\',GET_FORMAT(DATE,\'EUR\'));\n        -> \'03.10.2003\'\nmysql> SELECT STR_TO_DATE(\'10.31.2003\',GET_FORMAT(DATE,\'USA\'));\n        -> \'2003-10-31\'\n','http://dev.mysql.com/doc/refman/5.5/en/date-and-time-functions.html'),(461,'TINYBLOB',23,'TINYBLOB\n\nA BLOB column with a maximum length of 255 (28 - 1) bytes. Each\nTINYBLOB value is stored using a 1-byte length prefix that indicates\nthe number of bytes in the value.\n\nURL: http://dev.mysql.com/doc/refman/5.5/en/string-type-overview.html\n\n','','http://dev.mysql.com/doc/refman/5.5/en/string-type-overview.html'),(462,'SIGNAL',24,'Syntax:\nSIGNAL condition_value\n    [SET signal_information_item\n    [, signal_information_item] ...]\n\ncondition_value:\n    SQLSTATE [VALUE] sqlstate_value\n  | condition_name\n\nsignal_information_item:\n    condition_information_item_name = simple_value_specification\n\ncondition_information_item_name:\n    CLASS_ORIGIN\n  | SUBCLASS_ORIGIN\n  | MESSAGE_TEXT\n  | MYSQL_ERRNO\n  | CONSTRAINT_CATALOG\n  | CONSTRAINT_SCHEMA\n  | CONSTRAINT_NAME\n  | CATALOG_NAME\n  | SCHEMA_NAME\n  | TABLE_NAME\n  | COLUMN_NAME\n  | CURSOR_NAME\n\ncondition_name, simple_value_specification:\n    (see following discussion)\n\nSIGNAL is the way to \"return\" an error. SIGNAL provides error\ninformation to a handler, to an outer portion of the application, or to\nthe client. Also, it provides control over the error\'s characteristics\n(error number, SQLSTATE value, message). Without SIGNAL, it is\nnecessary to resort to workarounds such as deliberately referring to a\nnonexistent table to cause a routine to return an error.\n\nNo special privileges are required to execute the SIGNAL statement.\n\nThe condition_value in a SIGNAL statement indicates the error value to\nbe returned. It can be an SQLSTATE value (a 5-character string literal)\nor a condition_name that refers to a named condition previously defined\nwith DECLARE ... CONDITION (see [HELP DECLARE CONDITION]).\n\nAn SQLSTATE value can indicate errors, warnings, or \"not found.\" The\nfirst two characters of the value indicate its error class, as\ndiscussed in\nhttp://dev.mysql.com/doc/refman/5.5/en/signal.html#signal-condition-inf\normation-items. Some signal values cause statement termination; see\nhttp://dev.mysql.com/doc/refman/5.5/en/signal.html#signal-effects.\n\nThe SQLSTATE value for a SIGNAL statement should not start with \'00\'\nbecause such values indicate success and are not valid for signaling an\nerror. This is true whether the SQLSTATE value is specified directly in\nthe SIGNAL statement or in a named condition referred to in the\nstatement. If the value is invalid, a Bad SQLSTATE error occurs.\n\nTo signal a generic SQLSTATE value, use \'45000\', which means \"unhandled\nuser-defined exception.\"\n\nThe SIGNAL statement optionally includes a SET clause that contains\nmultiple signal items, in a comma-separated list of\ncondition_information_item_name = simple_value_specification\nassignments.\n\nEach condition_information_item_name may be specified only once in the\nSET clause. Otherwise, a Duplicate condition information item error\noccurs.\n\nValid simple_value_specification designators can be specified using\nstored procedure or function parameters, stored program local variables\ndeclared with DECLARE, user-defined variables, system variables, or\nliterals. A character literal may include a _charset introducer.\n\nFor information about permissible condition_information_item_name\nvalues, see\nhttp://dev.mysql.com/doc/refman/5.5/en/signal.html#signal-condition-inf\normation-items.\n\nURL: http://dev.mysql.com/doc/refman/5.5/en/signal.html\n\n','CREATE PROCEDURE p (pval INT)\nBEGIN\n  DECLARE specialty CONDITION FOR SQLSTATE \'45000\';\n  IF pval = 0 THEN\n    SIGNAL SQLSTATE \'01000\';\n  ELSEIF pval = 1 THEN\n    SIGNAL SQLSTATE \'45000\'\n      SET MESSAGE_TEXT = \'An error occurred\';\n  ELSEIF pval = 2 THEN\n    SIGNAL specialty\n      SET MESSAGE_TEXT = \'An error occurred\';\n  ELSE\n    SIGNAL SQLSTATE \'01000\'\n      SET MESSAGE_TEXT = \'A warning occurred\', MYSQL_ERRNO = 1000;\n    SIGNAL SQLSTATE \'45000\'\n      SET MESSAGE_TEXT = \'An error occurred\', MYSQL_ERRNO = 1001;\n  END IF;\nEND;\n','http://dev.mysql.com/doc/refman/5.5/en/signal.html'),(463,'SAVEPOINT',8,'Syntax:\nSAVEPOINT identifier\nROLLBACK [WORK] TO [SAVEPOINT] identifier\nRELEASE SAVEPOINT identifier\n\nInnoDB supports the SQL statements SAVEPOINT, ROLLBACK TO SAVEPOINT,\nRELEASE SAVEPOINT and the optional WORK keyword for ROLLBACK.\n\nURL: http://dev.mysql.com/doc/refman/5.5/en/savepoint.html\n\n','','http://dev.mysql.com/doc/refman/5.5/en/savepoint.html'),(464,'USER',17,'Syntax:\nUSER()\n\nReturns the current MySQL user name and host name as a string in the\nutf8 character set.\n\nURL: http://dev.mysql.com/doc/refman/5.5/en/information-functions.html\n\n','mysql> SELECT USER();\n        -> \'davida@localhost\'\n','http://dev.mysql.com/doc/refman/5.5/en/information-functions.html'),(465,'LABELS',24,'Syntax:\n[begin_label:] BEGIN\n    [statement_list]\nEND [end_label]\n\n[begin_label:] LOOP\n    statement_list\nEND LOOP [end_label]\n\n[begin_label:] REPEAT\n    statement_list\nUNTIL search_condition\nEND REPEAT [end_label]\n\n[begin_label:] WHILE search_condition DO\n    statement_list\nEND WHILE [end_label]\n\nLabels are permitted for BEGIN ... END blocks and for the LOOP, REPEAT,\nand WHILE statements. Label use for those statements follows these\nrules:\n\no begin_label must be followed by a colon.\n\no begin_label can be given without end_label. If end_label is present,\n  it must be the same as begin_label.\n\no end_label cannot be given without begin_label.\n\no Labels at the same nesting level must be distinct.\n\no Labels can be up to 16 characters long.\n\nTo refer to a label within the labeled construct, use an ITERATE or\nLEAVE statement. The following example uses those statements to\ncontinue iterating or terminate the loop:\n\nCREATE PROCEDURE doiterate(p1 INT)\nBEGIN\n  label1: LOOP\n    SET p1 = p1 + 1;\n    IF p1 < 10 THEN ITERATE label1; END IF;\n    LEAVE label1;\n  END LOOP label1;\nEND;\n\nThe scope of a block label does not include the code for handlers\ndeclared within the block. For details, see [HELP DECLARE HANDLER].\n\nURL: http://dev.mysql.com/doc/refman/5.5/en/statement-labels.html\n\n','','http://dev.mysql.com/doc/refman/5.5/en/statement-labels.html'),(466,'ALTER TABLE',40,'Syntax:\nALTER [ONLINE | OFFLINE] [IGNORE] TABLE tbl_name\n    [alter_specification [, alter_specification] ...]\n    [partition_options]\n\nalter_specification:\n    table_options\n  | ADD [COLUMN] col_name column_definition\n        [FIRST | AFTER col_name ]\n  | ADD [COLUMN] (col_name column_definition,...)\n  | ADD {INDEX|KEY} [index_name]\n        [index_type] (index_col_name,...) [index_option] ...\n  | ADD [CONSTRAINT [symbol]] PRIMARY KEY\n        [index_type] (index_col_name,...) [index_option] ...\n  | ADD [CONSTRAINT [symbol]]\n        UNIQUE [INDEX|KEY] [index_name]\n        [index_type] (index_col_name,...) [index_option] ...\n  | ADD FULLTEXT [INDEX|KEY] [index_name]\n        (index_col_name,...) [index_option] ...\n  | ADD SPATIAL [INDEX|KEY] [index_name]\n        (index_col_name,...) [index_option] ...\n  | ADD [CONSTRAINT [symbol]]\n        FOREIGN KEY [index_name] (index_col_name,...)\n        reference_definition\n  | ALTER [COLUMN] col_name {SET DEFAULT literal | DROP DEFAULT}\n  | CHANGE [COLUMN] old_col_name new_col_name column_definition\n        [FIRST|AFTER col_name]\n  | MODIFY [COLUMN] col_name column_definition\n        [FIRST | AFTER col_name]\n  | DROP [COLUMN] col_name\n  | DROP PRIMARY KEY\n  | DROP {INDEX|KEY} index_name\n  | DROP FOREIGN KEY fk_symbol\n  | DISABLE KEYS\n  | ENABLE KEYS\n  | RENAME [TO|AS] new_tbl_name\n  | ORDER BY col_name [, col_name] ...\n  | CONVERT TO CHARACTER SET charset_name [COLLATE collation_name]\n  | [DEFAULT] CHARACTER SET [=] charset_name [COLLATE [=] collation_name]\n  | DISCARD TABLESPACE\n  | IMPORT TABLESPACE\n  | FORCE\n  | ADD PARTITION (partition_definition)\n  | DROP PARTITION partition_names\n  | TRUNCATE PARTITION {partition_names | ALL}\n  | COALESCE PARTITION number\n  | REORGANIZE PARTITION [partition_names INTO (partition_definitions)]\n  | ANALYZE PARTITION {partition_names | ALL}\n  | CHECK PARTITION {partition_names | ALL}\n  | OPTIMIZE PARTITION {partition_names | ALL}\n  | REBUILD PARTITION {partition_names | ALL}\n  | REPAIR PARTITION {partition_names | ALL}\n  | PARTITION BY partitioning_expression\n  | REMOVE PARTITIONING\n\nindex_col_name:\n    col_name [(length)] [ASC | DESC]\n\nindex_type:\n    USING {BTREE | HASH}\n\nindex_option:\n    KEY_BLOCK_SIZE [=] value\n  | index_type\n  | WITH PARSER parser_name\n  | COMMENT \'string\'\n\ntable_options:\n    table_option [[,] table_option] ...  (see CREATE TABLE options)\n\npartition_options:\n    (see CREATE TABLE options)\n\nALTER TABLE changes the structure of a table. For example, you can add\nor delete columns, create or destroy indexes, change the type of\nexisting columns, or rename columns or the table itself. You can also\nchange characteristics such as the storage engine used for the table or\nthe table comment.\n\nFollowing the table name, specify the alterations to be made. If none\nare given, ALTER TABLE does nothing.\n\nThe syntax for many of the permissible alterations is similar to\nclauses of the CREATE TABLE statement. See [HELP CREATE TABLE], for\nmore information.\n\ntable_options signifies table options of the kind that can be used in\nthe CREATE TABLE statement, such as ENGINE, AUTO_INCREMENT,\nAVG_ROW_LENGTH, MAX_ROWS, or ROW_FORMAT. For a list of all table\noptions and a description of each, see [HELP CREATE TABLE]. However,\nALTER TABLE ignores the DATA DIRECTORY and INDEX DIRECTORY table\noptions.\n\npartition_options signifies options that can be used with partitioned\ntables for repartitioning, for adding, dropping, merging, and splitting\npartitions, and for performing partitioning maintenance. It is possible\nfor an ALTER TABLE statement to contain a PARTITION BY or REMOVE\nPARTITIONING clause in an addition to other alter specifications, but\nthe PARTITION BY or REMOVE PARTITIONING clause must be specified last\nafter any other specifications. The ADD PARTITION, DROP PARTITION,\nCOALESCE PARTITION, REORGANIZE PARTITION, ANALYZE PARTITION, CHECK\nPARTITION, and REPAIR PARTITION options cannot be combined with other\nalter specifications in a single ALTER TABLE, since the options just\nlisted act on individual partitions. For a list of partition options\nand a description of each, see [HELP CREATE TABLE]. For additional\ninformation, see\nhttp://dev.mysql.com/doc/refman/5.5/en/alter-table-partition-operations\n.html.\n\nSome operations may result in warnings if attempted on a table for\nwhich the storage engine does not support the operation. These warnings\ncan be displayed with SHOW WARNINGS. See [HELP SHOW WARNINGS].\n\nFor information on troubleshooting ALTER TABLE, see\nhttp://dev.mysql.com/doc/refman/5.5/en/alter-table-problems.html.\n\nURL: http://dev.mysql.com/doc/refman/5.5/en/alter-table.html\n\n','','http://dev.mysql.com/doc/refman/5.5/en/alter-table.html'),(467,'MPOINTFROMWKB',33,'MPointFromWKB(wkb[,srid]), MultiPointFromWKB(wkb[,srid])\n\nConstructs a MultiPoint value using its WKB representation and SRID.\n\nURL: http://dev.mysql.com/doc/refman/5.5/en/gis-wkb-functions.html\n\n','','http://dev.mysql.com/doc/refman/5.5/en/gis-wkb-functions.html'),(468,'CHAR BYTE',23,'The CHAR BYTE data type is an alias for the BINARY data type. This is a\ncompatibility feature.\n\nURL: http://dev.mysql.com/doc/refman/5.5/en/string-type-overview.html\n\n','','http://dev.mysql.com/doc/refman/5.5/en/string-type-overview.html'),(469,'REPAIR TABLE',21,'Syntax:\nREPAIR [NO_WRITE_TO_BINLOG | LOCAL] TABLE\n    tbl_name [, tbl_name] ...\n    [QUICK] [EXTENDED] [USE_FRM]\n\nREPAIR TABLE repairs a possibly corrupted table. By default, it has the\nsame effect as myisamchk --recover tbl_name. REPAIR TABLE works for\nMyISAM, ARCHIVE, and CSV tables. See\nhttp://dev.mysql.com/doc/refman/5.5/en/myisam-storage-engine.html, and\nhttp://dev.mysql.com/doc/refman/5.5/en/archive-storage-engine.html, and\nhttp://dev.mysql.com/doc/refman/5.5/en/csv-storage-engine.html\n\nThis statement requires SELECT and INSERT privileges for the table.\n\nREPAIR TABLE is supported for partitioned tables. However, the USE_FRM\noption cannot be used with this statement on a partitioned table.\n\nYou can use ALTER TABLE ... REPAIR PARTITION to repair one or more\npartitions; for more information, see [HELP ALTER TABLE], and\nhttp://dev.mysql.com/doc/refman/5.5/en/partitioning-maintenance.html.\n\nURL: http://dev.mysql.com/doc/refman/5.5/en/repair-table.html\n\n','','http://dev.mysql.com/doc/refman/5.5/en/repair-table.html'),(470,'MERGE',18,'The MERGE storage engine, also known as the MRG_MyISAM engine, is a\ncollection of identical MyISAM tables that can be used as one.\n\"Identical\" means that all tables have identical column and index\ninformation. You cannot merge MyISAM tables in which the columns are\nlisted in a different order, do not have exactly the same columns, or\nhave the indexes in different order. However, any or all of the MyISAM\ntables can be compressed with myisampack. See\nhttp://dev.mysql.com/doc/refman/5.5/en/myisampack.html. Differences in\ntable options such as AVG_ROW_LENGTH, MAX_ROWS, or PACK_KEYS do not\nmatter.\n\nURL: http://dev.mysql.com/doc/refman/5.5/en/merge-storage-engine.html\n\n','mysql> CREATE TABLE t1 (\n    ->    a INT NOT NULL AUTO_INCREMENT PRIMARY KEY,\n    ->    message CHAR(20)) ENGINE=MyISAM;\nmysql> CREATE TABLE t2 (\n    ->    a INT NOT NULL AUTO_INCREMENT PRIMARY KEY,\n    ->    message CHAR(20)) ENGINE=MyISAM;\nmysql> INSERT INTO t1 (message) VALUES (\'Testing\'),(\'table\'),(\'t1\');\nmysql> INSERT INTO t2 (message) VALUES (\'Testing\'),(\'table\'),(\'t2\');\nmysql> CREATE TABLE total (\n    ->    a INT NOT NULL AUTO_INCREMENT,\n    ->    message CHAR(20), INDEX(a))\n    ->    ENGINE=MERGE UNION=(t1,t2) INSERT_METHOD=LAST;\n','http://dev.mysql.com/doc/refman/5.5/en/merge-storage-engine.html'),(471,'CREATE TABLE',40,'Syntax:\nCREATE [TEMPORARY] TABLE [IF NOT EXISTS] tbl_name\n    (create_definition,...)\n    [table_options]\n    [partition_options]\n\nCREATE [TEMPORARY] TABLE [IF NOT EXISTS] tbl_name\n    [(create_definition,...)]\n    [table_options]\n    [partition_options]\n    select_statement\n\nCREATE [TEMPORARY] TABLE [IF NOT EXISTS] tbl_name\n    { LIKE old_tbl_name | (LIKE old_tbl_name) }\n\ncreate_definition:\n    col_name column_definition\n  | [CONSTRAINT [symbol]] PRIMARY KEY [index_type] (index_col_name,...)\n      [index_option] ...\n  | {INDEX|KEY} [index_name] [index_type] (index_col_name,...)\n      [index_option] ...\n  | [CONSTRAINT [symbol]] UNIQUE [INDEX|KEY]\n      [index_name] [index_type] (index_col_name,...)\n      [index_option] ...\n  | {FULLTEXT|SPATIAL} [INDEX|KEY] [index_name] (index_col_name,...)\n      [index_option] ...\n  | [CONSTRAINT [symbol]] FOREIGN KEY\n      [index_name] (index_col_name,...) reference_definition\n  | CHECK (expr)\n\ncolumn_definition:\n    data_type [NOT NULL | NULL] [DEFAULT default_value]\n      [AUTO_INCREMENT] [UNIQUE [KEY] | [PRIMARY] KEY]\n      [COMMENT \'string\']\n      [COLUMN_FORMAT {FIXED|DYNAMIC|DEFAULT}]\n      [STORAGE {DISK|MEMORY|DEFAULT}]\n      [reference_definition]\n\ndata_type:\n    BIT[(length)]\n  | TINYINT[(length)] [UNSIGNED] [ZEROFILL]\n  | SMALLINT[(length)] [UNSIGNED] [ZEROFILL]\n  | MEDIUMINT[(length)] [UNSIGNED] [ZEROFILL]\n  | INT[(length)] [UNSIGNED] [ZEROFILL]\n  | INTEGER[(length)] [UNSIGNED] [ZEROFILL]\n  | BIGINT[(length)] [UNSIGNED] [ZEROFILL]\n  | REAL[(length,decimals)] [UNSIGNED] [ZEROFILL]\n  | DOUBLE[(length,decimals)] [UNSIGNED] [ZEROFILL]\n  | FLOAT[(length,decimals)] [UNSIGNED] [ZEROFILL]\n  | DECIMAL[(length[,decimals])] [UNSIGNED] [ZEROFILL]\n  | NUMERIC[(length[,decimals])] [UNSIGNED] [ZEROFILL]\n  | DATE\n  | TIME\n  | TIMESTAMP\n  | DATETIME\n  | YEAR\n  | CHAR[(length)]\n      [CHARACTER SET charset_name] [COLLATE collation_name]\n  | VARCHAR(length)\n      [CHARACTER SET charset_name] [COLLATE collation_name]\n  | BINARY[(length)]\n  | VARBINARY(length)\n  | TINYBLOB\n  | BLOB\n  | MEDIUMBLOB\n  | LONGBLOB\n  | TINYTEXT [BINARY]\n      [CHARACTER SET charset_name] [COLLATE collation_name]\n  | TEXT [BINARY]\n      [CHARACTER SET charset_name] [COLLATE collation_name]\n  | MEDIUMTEXT [BINARY]\n      [CHARACTER SET charset_name] [COLLATE collation_name]\n  | LONGTEXT [BINARY]\n      [CHARACTER SET charset_name] [COLLATE collation_name]\n  | ENUM(value1,value2,value3,...)\n      [CHARACTER SET charset_name] [COLLATE collation_name]\n  | SET(value1,value2,value3,...)\n      [CHARACTER SET charset_name] [COLLATE collation_name]\n  | spatial_type\n\nindex_col_name:\n    col_name [(length)] [ASC | DESC]\n\nindex_type:\n    USING {BTREE | HASH}\n\nindex_option:\n    KEY_BLOCK_SIZE [=] value\n  | index_type\n  | WITH PARSER parser_name\n  | COMMENT \'string\'\n\nreference_definition:\n    REFERENCES tbl_name (index_col_name,...)\n      [MATCH FULL | MATCH PARTIAL | MATCH SIMPLE]\n      [ON DELETE reference_option]\n      [ON UPDATE reference_option]\n\nreference_option:\n    RESTRICT | CASCADE | SET NULL | NO ACTION\n\ntable_options:\n    table_option [[,] table_option] ...\n\ntable_option:\n    ENGINE [=] engine_name\n  | AUTO_INCREMENT [=] value\n  | AVG_ROW_LENGTH [=] value\n  | [DEFAULT] CHARACTER SET [=] charset_name\n  | CHECKSUM [=] {0 | 1}\n  | [DEFAULT] COLLATE [=] collation_name\n  | COMMENT [=] \'string\'\n  | CONNECTION [=] \'connect_string\'\n  | DATA DIRECTORY [=] \'absolute path to directory\'\n  | DELAY_KEY_WRITE [=] {0 | 1}\n  | INDEX DIRECTORY [=] \'absolute path to directory\'\n  | INSERT_METHOD [=] { NO | FIRST | LAST }\n  | KEY_BLOCK_SIZE [=] value\n  | MAX_ROWS [=] value\n  | MIN_ROWS [=] value\n  | PACK_KEYS [=] {0 | 1 | DEFAULT}\n  | PASSWORD [=] \'string\'\n  | ROW_FORMAT [=] {DEFAULT|DYNAMIC|FIXED|COMPRESSED|REDUNDANT|COMPACT}\n  | TABLESPACE tablespace_name [STORAGE {DISK|MEMORY|DEFAULT}]\n  | UNION [=] (tbl_name[,tbl_name]...)\n\npartition_options:\n    PARTITION BY\n        { [LINEAR] HASH(expr)\n        | [LINEAR] KEY [ALGORITHM={1|2}] (column_list)\n        | RANGE{(expr) | COLUMNS(column_list)}\n        | LIST{(expr) | COLUMNS(column_list)} }\n    [PARTITIONS num]\n    [SUBPARTITION BY\n        { [LINEAR] HASH(expr)\n        | [LINEAR] KEY [ALGORITHM={1|2}] (column_list) }\n      [SUBPARTITIONS num]\n    ]\n    [(partition_definition [, partition_definition] ...)]\n\npartition_definition:\n    PARTITION partition_name\n        [VALUES \n            {LESS THAN {(expr | value_list) | MAXVALUE} \n            | \n            IN (value_list)}]\n        [[STORAGE] ENGINE [=] engine_name]\n        [COMMENT [=] \'comment_text\' ]\n        [DATA DIRECTORY [=] \'data_dir\']\n        [INDEX DIRECTORY [=] \'index_dir\']\n        [MAX_ROWS [=] max_number_of_rows]\n        [MIN_ROWS [=] min_number_of_rows]\n        [TABLESPACE [=] tablespace_name]\n        [NODEGROUP [=] node_group_id]\n        [(subpartition_definition [, subpartition_definition] ...)]\n\nsubpartition_definition:\n    SUBPARTITION logical_name\n        [[STORAGE] ENGINE [=] engine_name]\n        [COMMENT [=] \'comment_text\' ]\n        [DATA DIRECTORY [=] \'data_dir\']\n        [INDEX DIRECTORY [=] \'index_dir\']\n        [MAX_ROWS [=] max_number_of_rows]\n        [MIN_ROWS [=] min_number_of_rows]\n        [TABLESPACE [=] tablespace_name]\n        [NODEGROUP [=] node_group_id]\n\nselect_statement:\n    [IGNORE | REPLACE] [AS] SELECT ...   (Some valid select statement)\n\nCREATE TABLE creates a table with the given name. You must have the\nCREATE privilege for the table.\n\nRules for permissible table names are given in\nhttp://dev.mysql.com/doc/refman/5.5/en/identifiers.html. By default,\nthe table is created in the default database, using the InnoDB storage\nengine. An error occurs if the table exists, if there is no default\ndatabase, or if the database does not exist.\n\nURL: http://dev.mysql.com/doc/refman/5.5/en/create-table.html\n\n','','http://dev.mysql.com/doc/refman/5.5/en/create-table.html'),(472,'>',20,'Syntax:\n>\n\nGreater than:\n\nURL: http://dev.mysql.com/doc/refman/5.5/en/comparison-operators.html\n\n','mysql> SELECT 2 > 2;\n        -> 0\n','http://dev.mysql.com/doc/refman/5.5/en/comparison-operators.html'),(473,'ANALYZE TABLE',21,'Syntax:\nANALYZE [NO_WRITE_TO_BINLOG | LOCAL] TABLE\n    tbl_name [, tbl_name] ...\n\nANALYZE TABLE analyzes and stores the key distribution for a table.\nDuring the analysis, the table is locked with a read lock for InnoDB\nand MyISAM. This statement works with InnoDB, NDB, and MyISAM tables.\nFor MyISAM tables, this statement is equivalent to using myisamchk\n--analyze.\n\nFor more information on how the analysis works within InnoDB, see\nhttp://dev.mysql.com/doc/refman/5.5/en/innodb-statistics-estimation.htm\nl. Also see\nhttp://dev.mysql.com/doc/refman/5.5/en/innodb-analyze-table-complexity.\nhtml and\nhttp://dev.mysql.com/doc/refman/5.5/en/innodb-restrictions.html.\n\nMySQL uses the stored key distribution to decide the order in which\ntables should be joined when you perform a join on something other than\na constant. In addition, key distributions can be used when deciding\nwhich indexes to use for a specific table within a query.\n\nThis statement requires SELECT and INSERT privileges for the table.\n\nANALYZE TABLE is supported for partitioned tables, and you can use\nALTER TABLE ... ANALYZE PARTITION to analyze one or more partitions;\nfor more information, see [HELP ALTER TABLE], and\nhttp://dev.mysql.com/doc/refman/5.5/en/partitioning-maintenance.html.\n\nURL: http://dev.mysql.com/doc/refman/5.5/en/analyze-table.html\n\n','','http://dev.mysql.com/doc/refman/5.5/en/analyze-table.html'),(474,'MICROSECOND',32,'Syntax:\nMICROSECOND(expr)\n\nReturns the microseconds from the time or datetime expression expr as a\nnumber in the range from 0 to 999999.\n\nURL: http://dev.mysql.com/doc/refman/5.5/en/date-and-time-functions.html\n\n','mysql> SELECT MICROSECOND(\'12:00:00.123456\');\n        -> 123456\nmysql> SELECT MICROSECOND(\'2009-12-31 23:59:59.000010\');\n        -> 10\n','http://dev.mysql.com/doc/refman/5.5/en/date-and-time-functions.html'),(475,'CONSTRAINT',40,'MySQL supports foreign keys, which let you cross-reference related data\nacross tables, and foreign key constraints, which help keep this\nspread-out data consistent. The essential syntax for a foreign key\nconstraint definition in a CREATE TABLE or ALTER TABLE statement looks\nlike this:\n\n[CONSTRAINT [symbol]] FOREIGN KEY\n    [index_name] (index_col_name, ...)\n    REFERENCES tbl_name (index_col_name,...)\n    [ON DELETE reference_option]\n    [ON UPDATE reference_option]\n\nreference_option:\n    RESTRICT | CASCADE | SET NULL | NO ACTION\n\nURL: http://dev.mysql.com/doc/refman/5.5/en/create-table-foreign-keys.html\n\n','CREATE TABLE product (\n    category INT NOT NULL, id INT NOT NULL,\n    price DECIMAL,\n    PRIMARY KEY(category, id)\n)   ENGINE=INNODB;\n\nCREATE TABLE customer (\n    id INT NOT NULL,\n    PRIMARY KEY (id)\n)   ENGINE=INNODB;\n\nCREATE TABLE product_order (\n    no INT NOT NULL AUTO_INCREMENT,\n    product_category INT NOT NULL,\n    product_id INT NOT NULL,\n    customer_id INT NOT NULL,\n\n    PRIMARY KEY(no),\n    INDEX (product_category, product_id),\n    INDEX (customer_id),\n\n    FOREIGN KEY (product_category, product_id)\n      REFERENCES product(category, id)\n      ON UPDATE CASCADE ON DELETE RESTRICT,\n\n    FOREIGN KEY (customer_id)\n      REFERENCES customer(id)\n)   ENGINE=INNODB;\n','http://dev.mysql.com/doc/refman/5.5/en/create-table-foreign-keys.html'),(476,'CREATE SERVER',40,'Syntax:\nCREATE SERVER server_name\n    FOREIGN DATA WRAPPER wrapper_name\n    OPTIONS (option [, option] ...)\n\noption:\n  { HOST character-literal\n  | DATABASE character-literal\n  | USER character-literal\n  | PASSWORD character-literal\n  | SOCKET character-literal\n  | OWNER character-literal\n  | PORT numeric-literal }\n\nThis statement creates the definition of a server for use with the\nFEDERATED storage engine. The CREATE SERVER statement creates a new row\nin the servers table in the mysql database. This statement requires the\nSUPER privilege.\n\nThe server_name should be a unique reference to the server. Server\ndefinitions are global within the scope of the server, it is not\npossible to qualify the server definition to a specific database.\nserver_name has a maximum length of 64 characters (names longer than 64\ncharacters are silently truncated), and is case insensitive. You may\nspecify the name as a quoted string.\n\nThe wrapper_name should be mysql, and may be quoted with single\nquotation marks. Other values for wrapper_name are not currently\nsupported.\n\nFor each option you must specify either a character literal or numeric\nliteral. Character literals are UTF-8, support a maximum length of 64\ncharacters and default to a blank (empty) string. String literals are\nsilently truncated to 64 characters. Numeric literals must be a number\nbetween 0 and 9999, default value is 0.\n\n*Note*: The OWNER option is currently not applied, and has no effect on\nthe ownership or operation of the server connection that is created.\n\nThe CREATE SERVER statement creates an entry in the mysql.servers table\nthat can later be used with the CREATE TABLE statement when creating a\nFEDERATED table. The options that you specify will be used to populate\nthe columns in the mysql.servers table. The table columns are\nServer_name, Host, Db, Username, Password, Port and Socket.\n\nURL: http://dev.mysql.com/doc/refman/5.5/en/create-server.html\n\n','CREATE SERVER s\nFOREIGN DATA WRAPPER mysql\nOPTIONS (USER \'Remote\', HOST \'192.168.1.106\', DATABASE \'test\');\n','http://dev.mysql.com/doc/refman/5.5/en/create-server.html'),(477,'FIELD',38,'Syntax:\nFIELD(str,str1,str2,str3,...)\n\nReturns the index (position) of str in the str1, str2, str3, ... list.\nReturns 0 if str is not found.\n\nIf all arguments to FIELD() are strings, all arguments are compared as\nstrings. If all arguments are numbers, they are compared as numbers.\nOtherwise, the arguments are compared as double.\n\nIf str is NULL, the return value is 0 because NULL fails equality\ncomparison with any value. FIELD() is the complement of ELT().\n\nURL: http://dev.mysql.com/doc/refman/5.5/en/string-functions.html\n\n','mysql> SELECT FIELD(\'ej\', \'Hej\', \'ej\', \'Heja\', \'hej\', \'foo\');\n        -> 2\nmysql> SELECT FIELD(\'fo\', \'Hej\', \'ej\', \'Heja\', \'hej\', \'foo\');\n        -> 0\n','http://dev.mysql.com/doc/refman/5.5/en/string-functions.html'),(478,'MAKETIME',32,'Syntax:\nMAKETIME(hour,minute,second)\n\nReturns a time value calculated from the hour, minute, and second\narguments.\n\nURL: http://dev.mysql.com/doc/refman/5.5/en/date-and-time-functions.html\n\n','mysql> SELECT MAKETIME(12,15,30);\n        -> \'12:15:30\'\n','http://dev.mysql.com/doc/refman/5.5/en/date-and-time-functions.html'),(479,'CURDATE',32,'Syntax:\nCURDATE()\n\nReturns the current date as a value in \'YYYY-MM-DD\' or YYYYMMDD format,\ndepending on whether the function is used in a string or numeric\ncontext.\n\nURL: http://dev.mysql.com/doc/refman/5.5/en/date-and-time-functions.html\n\n','mysql> SELECT CURDATE();\n        -> \'2008-06-13\'\nmysql> SELECT CURDATE() + 0;\n        -> 20080613\n','http://dev.mysql.com/doc/refman/5.5/en/date-and-time-functions.html'),(480,'SET PASSWORD',10,'Syntax:\nSET PASSWORD [FOR user] =\n    {\n        PASSWORD(\'cleartext password\')\n      | OLD_PASSWORD(\'cleartext password\')\n      | \'encrypted password\'\n    }\n\nThe SET PASSWORD statement assigns a password to a MySQL user account:\n\no With no FOR user clause, this statement sets the password for the\n  current user:\n\nSET PASSWORD = PASSWORD(\'cleartext password\');\n\n  Any client who connects to the server using a nonanonymous account\n  can change the password for that account. To see which account the\n  server authenticated you for, invoke the CURRENT_USER() function:\n\nSELECT CURRENT_USER();\n\no With a FOR user clause, this statement sets the password for the\n  named account, which must exist:\n\nSET PASSWORD FOR \'jeffrey\'@\'localhost\' = PASSWORD(\'cleartext password\');\n\n  In this case, you must have the UPDATE privilege for the mysql\n  database.\n\nWhen the read_only system variable is enabled, SET PASSWORD requires\nthe SUPER privilege, in addition to any other required privileges.\n\nIf a FOR user clause is given, the account name uses the format\ndescribed in http://dev.mysql.com/doc/refman/5.5/en/account-names.html.\nThe user value should be given as \'user_name\'@\'host_name\', where\n\'user_name\' and \'host_name\' are exactly as listed in the User and Host\ncolumns of the account\'s mysql.user table row. (If you specify only a\nuser name, a host name of \'%\' is used.) For example, to set the\npassword for an account with User and Host column values of \'bob\' and\n\'%.example.org\', write the statement like this:\n\nSET PASSWORD FOR \'bob\'@\'%.example.org\' = PASSWORD(\'cleartext password\');\n\nThe password can be specified in these ways:\n\no Using the PASSWORD() function\n\n  The function argument is the cleartext (unencrypted) password.\n  PASSWORD() hashes the password and returns the encrypted password\n  string.\n\n  The old_passwords system variable value determines the hashing method\n  used by PASSWORD(). It should be set to a value compatible with the\n  hash format required by the account authentication plugin. For\n  example, if the account uses the mysql_native_password authentication\n  plugin, old_passwords should be 0 for PASSWORD() to produce a hash\n  value in the correct format. For mysql_old_password, old_passwords\n  should be 1.\n\no Using the OLD_PASSWORD() function:\n\n  The function argument is the cleartext (unencrypted) password.\n  OLD_PASSWORD() hashes the password using pre-4.1 hashing and returns\n  the encrypted password string. This hashing method is appropriate\n  only for accounts that use the mysql_old_password authentication\n  plugin.\n\no Using an already encrypted password string\n\n  The password is specified as a string literal. It must represent the\n  already encrypted password value, in the hash format required by the\n  authentication method used for the account.\n\nURL: http://dev.mysql.com/doc/refman/5.5/en/set-password.html\n\n','','http://dev.mysql.com/doc/refman/5.5/en/set-password.html'),(481,'ALTER TABLESPACE',40,'Syntax:\nALTER TABLESPACE tablespace_name\n    {ADD|DROP} DATAFILE \'file_name\'\n    [INITIAL_SIZE [=] size]\n    [WAIT]\n    ENGINE [=] engine_name\n\nThis statement can be used either to add a new data file, or to drop a\ndata file from a tablespace.\n\nThe ADD DATAFILE variant enables you to specify an initial size using\nan INITIAL_SIZE clause, where size is measured in bytes; the default\nvalue is 134217728 (128 MB). Prior to MySQL Cluster NDB 7.2.14, this\nvalue was required to be specified using digits (Bug #13116514, Bug\n#16104705, Bug #62858); in MySQL Cluster NDB 7.2.14 and later, you may\noptionally follow size with a one-letter abbreviation for an order of\nmagnitude, similar to those used in my.cnf. Generally, this is one of\nthe letters M (megabytes) or G (gigabytes).\n\n*Note*: All MySQL Cluster Disk Data objects share the same namespace.\nThis means that each Disk Data object must be uniquely named (and not\nmerely each Disk Data object of a given type). For example, you cannot\nhave a tablespace and an data file with the same name, or an undo log\nfile and a tablespace with the same name.\n\nOn 32-bit systems, the maximum supported value for INITIAL_SIZE is\n4294967296 (4 GB). (Bug #29186)\n\nINITIAL_SIZE is rounded, explicitly, as for CREATE TABLESPACE.\n\nOnce a data file has been created, its size cannot be changed; however,\nyou can add more data files to the tablespace using additional ALTER\nTABLESPACE ... ADD DATAFILE statements.\n\nUsing DROP DATAFILE with ALTER TABLESPACE drops the data file\n\'file_name\' from the tablespace. You cannot drop a data file from a\ntablespace which is in use by any table; in other words, the data file\nmust be empty (no extents used). See\nhttp://dev.mysql.com/doc/refman/5.5/en/mysql-cluster-disk-data-objects.\nhtml. In addition, any data file to be dropped must previously have\nbeen added to the tablespace with CREATE TABLESPACE or ALTER\nTABLESPACE.\n\nBoth ALTER TABLESPACE ... ADD DATAFILE and ALTER TABLESPACE ... DROP\nDATAFILE require an ENGINE clause which specifies the storage engine\nused by the tablespace. Currently, the only accepted values for\nengine_name are NDB and NDBCLUSTER.\n\nWAIT is parsed but otherwise ignored, and so has no effect in MySQL\n5.5. It is intended for future expansion.\n\nWhen ALTER TABLESPACE ... ADD DATAFILE is used with ENGINE = NDB, a\ndata file is created on each Cluster data node. You can verify that the\ndata files were created and obtain information about them by querying\nthe INFORMATION_SCHEMA.FILES table. For example, the following query\nshows all data files belonging to the tablespace named newts:\n\nmysql> SELECT LOGFILE_GROUP_NAME, FILE_NAME, EXTRA\n    -> FROM INFORMATION_SCHEMA.FILES\n    -> WHERE TABLESPACE_NAME = \'newts\' AND FILE_TYPE = \'DATAFILE\';\n+--------------------+--------------+----------------+\n| LOGFILE_GROUP_NAME | FILE_NAME    | EXTRA          |\n+--------------------+--------------+----------------+\n| lg_3               | newdata.dat  | CLUSTER_NODE=3 |\n| lg_3               | newdata.dat  | CLUSTER_NODE=4 |\n| lg_3               | newdata2.dat | CLUSTER_NODE=3 |\n| lg_3               | newdata2.dat | CLUSTER_NODE=4 |\n+--------------------+--------------+----------------+\n2 rows in set (0.03 sec)\n\nSee http://dev.mysql.com/doc/refman/5.5/en/files-table.html.\n\nALTER TABLESPACE is useful only with Disk Data storage for MySQL\nCluster. See\nhttp://dev.mysql.com/doc/refman/5.5/en/mysql-cluster-disk-data.html.\n\nURL: http://dev.mysql.com/doc/refman/5.5/en/alter-tablespace.html\n\n','','http://dev.mysql.com/doc/refman/5.5/en/alter-tablespace.html'),(482,'DATABASE',17,'Syntax:\nDATABASE()\n\nReturns the default (current) database name as a string in the utf8\ncharacter set. If there is no default database, DATABASE() returns\nNULL. Within a stored routine, the default database is the database\nthat the routine is associated with, which is not necessarily the same\nas the database that is the default in the calling context.\n\nURL: http://dev.mysql.com/doc/refman/5.5/en/information-functions.html\n\n','mysql> SELECT DATABASE();\n        -> \'test\'\n','http://dev.mysql.com/doc/refman/5.5/en/information-functions.html'),(483,'IF FUNCTION',6,'Syntax:\nIF(expr1,expr2,expr3)\n\nIf expr1 is TRUE (expr1 <> 0 and expr1 <> NULL) then IF() returns\nexpr2; otherwise it returns expr3. IF() returns a numeric or string\nvalue, depending on the context in which it is used.\n\nURL: http://dev.mysql.com/doc/refman/5.5/en/control-flow-functions.html\n\n','mysql> SELECT IF(1>2,2,3);\n        -> 3\nmysql> SELECT IF(1<2,\'yes\',\'no\');\n        -> \'yes\'\nmysql> SELECT IF(STRCMP(\'test\',\'test1\'),\'no\',\'yes\');\n        -> \'no\'\n','http://dev.mysql.com/doc/refman/5.5/en/control-flow-functions.html'),(484,'ENUM',23,'ENUM(\'value1\',\'value2\',...) [CHARACTER SET charset_name] [COLLATE\ncollation_name]\n\nAn enumeration. A string object that can have only one value, chosen\nfrom the list of values \'value1\', \'value2\', ..., NULL or the special \'\'\nerror value. ENUM values are represented internally as integers.\n\nAn ENUM column can have a maximum of 65,535 distinct elements. (The\npractical limit is less than 3000.) A table can have no more than 255\nunique element list definitions among its ENUM and SET columns\nconsidered as a group. For more information on these limits, see\nhttp://dev.mysql.com/doc/refman/5.5/en/limits-frm-file.html.\n\nURL: http://dev.mysql.com/doc/refman/5.5/en/string-type-overview.html\n\n','','http://dev.mysql.com/doc/refman/5.5/en/string-type-overview.html'),(485,'POINTFROMWKB',33,'PointFromWKB(wkb[,srid])\n\nConstructs a Point value using its WKB representation and SRID.\n\nURL: http://dev.mysql.com/doc/refman/5.5/en/gis-wkb-functions.html\n\n','','http://dev.mysql.com/doc/refman/5.5/en/gis-wkb-functions.html'),(486,'POWER',3,'Syntax:\nPOWER(X,Y)\n\nThis is a synonym for POW().\n\nURL: http://dev.mysql.com/doc/refman/5.5/en/mathematical-functions.html\n\n','','http://dev.mysql.com/doc/refman/5.5/en/mathematical-functions.html'),(487,'ATAN',3,'Syntax:\nATAN(X)\n\nReturns the arc tangent of X, that is, the value whose tangent is X.\n\nURL: http://dev.mysql.com/doc/refman/5.5/en/mathematical-functions.html\n\n','mysql> SELECT ATAN(2);\n        -> 1.1071487177941\nmysql> SELECT ATAN(-2);\n        -> -1.1071487177941\n','http://dev.mysql.com/doc/refman/5.5/en/mathematical-functions.html'),(488,'STRCMP',38,'Syntax:\nSTRCMP(expr1,expr2)\n\nSTRCMP() returns 0 if the strings are the same, -1 if the first\nargument is smaller than the second according to the current sort\norder, and 1 otherwise.\n\nURL: http://dev.mysql.com/doc/refman/5.5/en/string-comparison-functions.html\n\n','mysql> SELECT STRCMP(\'text\', \'text2\');\n        -> -1\nmysql> SELECT STRCMP(\'text2\', \'text\');\n        -> 1\nmysql> SELECT STRCMP(\'text\', \'text\');\n        -> 0\n','http://dev.mysql.com/doc/refman/5.5/en/string-comparison-functions.html'),(489,'INSERT DELAYED',28,'Syntax:\nINSERT DELAYED ...\n\nThe DELAYED option for the INSERT statement is a MySQL extension to\nstandard SQL that is very useful if you have clients that cannot or\nneed not wait for the INSERT to complete. This is a common situation\nwhen you use MySQL for logging and you also periodically run SELECT and\nUPDATE statements that take a long time to complete.\n\nWhen a client uses INSERT DELAYED, it gets an okay from the server at\nonce, and the row is queued to be inserted when the table is not in use\nby any other thread.\n\nAnother major benefit of using INSERT DELAYED is that inserts from many\nclients are bundled together and written in one block. This is much\nfaster than performing many separate inserts.\n\nNote that INSERT DELAYED is slower than a normal INSERT if the table is\nnot otherwise in use. There is also the additional overhead for the\nserver to handle a separate thread for each table for which there are\ndelayed rows. This means that you should use INSERT DELAYED only when\nyou are really sure that you need it.\n\nThe queued rows are held only in memory until they are inserted into\nthe table. This means that if you terminate mysqld forcibly (for\nexample, with kill -9) or if mysqld dies unexpectedly, any queued rows\nthat have not been written to disk are lost.\n\nThere are some constraints on the use of DELAYED:\n\no INSERT DELAYED works only with MyISAM, MEMORY, ARCHIVE, and BLACKHOLE\n  tables. For engines that do not support DELAYED, an error occurs.\n\no An error occurs for INSERT DELAYED if used with a table that has been\n  locked with LOCK TABLES because the insert must be handled by a\n  separate thread, not by the session that holds the lock.\n\no For MyISAM tables, if there are no free blocks in the middle of the\n  data file, concurrent SELECT and INSERT statements are supported.\n  Under these circumstances, you very seldom need to use INSERT DELAYED\n  with MyISAM.\n\no INSERT DELAYED should be used only for INSERT statements that specify\n  value lists. The server ignores DELAYED for INSERT ... SELECT or\n  INSERT ... ON DUPLICATE KEY UPDATE statements.\n\no Because the INSERT DELAYED statement returns immediately, before the\n  rows are inserted, you cannot use LAST_INSERT_ID() to get the\n  AUTO_INCREMENT value that the statement might generate.\n\no DELAYED rows are not visible to SELECT statements until they actually\n  have been inserted.\n\no Prior to MySQL 5.5.7, INSERT DELAYED was treated as a normal INSERT\n  if the statement inserted multiple rows, binary logging was enabled,\n  and the global logging format was statement-based (that is, whenever\n  binlog_format was set to STATEMENT). Beginning with MySQL 5.5.7,\n  INSERT DELAYED is always handled as a simple INSERT (that is, without\n  the DELAYED option) whenever the value of binlog_format is STATEMENT\n  or MIXED. (In the latter case, the statement no longer triggers a\n  switch to row-based logging, and so is logged using the\n  statement-based format.)\n\n  This does not apply when using row-based binary logging mode\n  (binlog_format set to ROW), in which INSERT DELAYED statements are\n  always executed using the DELAYED option as specified, and logged as\n  row-update events.\n\no DELAYED is ignored on slave replication servers, so that INSERT\n  DELAYED is treated as a normal INSERT on slaves. This is because\n  DELAYED could cause the slave to have different data than the master.\n\no Pending INSERT DELAYED statements are lost if a table is write locked\n  and ALTER TABLE is used to modify the table structure.\n\no INSERT DELAYED is not supported for views.\n\no INSERT DELAYED is not supported for partitioned tables.\n\nURL: http://dev.mysql.com/doc/refman/5.5/en/insert-delayed.html\n\n','','http://dev.mysql.com/doc/refman/5.5/en/insert-delayed.html'),(490,'SHOW PROFILE',27,'Syntax:\nSHOW PROFILE [type [, type] ... ]\n    [FOR QUERY n]\n    [LIMIT row_count [OFFSET offset]]\n\ntype:\n    ALL\n  | BLOCK IO\n  | CONTEXT SWITCHES\n  | CPU\n  | IPC\n  | MEMORY\n  | PAGE FAULTS\n  | SOURCE\n  | SWAPS\n\nThe SHOW PROFILE and SHOW PROFILES statements display profiling\ninformation that indicates resource usage for statements executed\nduring the course of the current session.\n\nProfiling is controlled by the profiling session variable, which has a\ndefault value of 0 (OFF). Profiling is enabled by setting profiling to\n1 or ON:\n\nmysql> SET profiling = 1;\n\nSHOW PROFILES displays a list of the most recent statements sent to the\nserver. The size of the list is controlled by the\nprofiling_history_size session variable, which has a default value of\n15. The maximum value is 100. Setting the value to 0 has the practical\neffect of disabling profiling.\n\nAll statements are profiled except SHOW PROFILE and SHOW PROFILES, so\nyou will find neither of those statements in the profile list.\nMalformed statements are profiled. For example, SHOW PROFILING is an\nillegal statement, and a syntax error occurs if you try to execute it,\nbut it will show up in the profiling list.\n\nSHOW PROFILE displays detailed information about a single statement.\nWithout the FOR QUERY n clause, the output pertains to the most\nrecently executed statement. If FOR QUERY n is included, SHOW PROFILE\ndisplays information for statement n. The values of n correspond to the\nQuery_ID values displayed by SHOW PROFILES.\n\nThe LIMIT row_count clause may be given to limit the output to\nrow_count rows. If LIMIT is given, OFFSET offset may be added to begin\nthe output offset rows into the full set of rows.\n\nBy default, SHOW PROFILE displays Status and Duration columns. The\nStatus values are like the State values displayed by SHOW PROCESSLIST,\nalthough there might be some minor differences in interpretion for the\ntwo statements for some status values (see\nhttp://dev.mysql.com/doc/refman/5.5/en/thread-information.html).\n\nOptional type values may be specified to display specific additional\ntypes of information:\n\no ALL displays all information\n\no BLOCK IO displays counts for block input and output operations\n\no CONTEXT SWITCHES displays counts for voluntary and involuntary\n  context switches\n\no CPU displays user and system CPU usage times\n\no IPC displays counts for messages sent and received\n\no MEMORY is not currently implemented\n\no PAGE FAULTS displays counts for major and minor page faults\n\no SOURCE displays the names of functions from the source code, together\n  with the name and line number of the file in which the function\n  occurs\n\no SWAPS displays swap counts\n\nProfiling is enabled per session. When a session ends, its profiling\ninformation is lost.\n\nURL: http://dev.mysql.com/doc/refman/5.5/en/show-profile.html\n\n','mysql> SELECT @@profiling;\n+-------------+\n| @@profiling |\n+-------------+\n|           0 |\n+-------------+\n1 row in set (0.00 sec)\n\nmysql> SET profiling = 1;\nQuery OK, 0 rows affected (0.00 sec)\n\nmysql> DROP TABLE IF EXISTS t1;\nQuery OK, 0 rows affected, 1 warning (0.00 sec)\n\nmysql> CREATE TABLE T1 (id INT);\nQuery OK, 0 rows affected (0.01 sec)\n\nmysql> SHOW PROFILES;\n+----------+----------+--------------------------+\n| Query_ID | Duration | Query                    |\n+----------+----------+--------------------------+\n|        0 | 0.000088 | SET PROFILING = 1        |\n|        1 | 0.000136 | DROP TABLE IF EXISTS t1  |\n|        2 | 0.011947 | CREATE TABLE t1 (id INT) |\n+----------+----------+--------------------------+\n3 rows in set (0.00 sec)\n\nmysql> SHOW PROFILE;\n+----------------------+----------+\n| Status               | Duration |\n+----------------------+----------+\n| checking permissions | 0.000040 |\n| creating table       | 0.000056 |\n| After create         | 0.011363 |\n| query end            | 0.000375 |\n| freeing items        | 0.000089 |\n| logging slow query   | 0.000019 |\n| cleaning up          | 0.000005 |\n+----------------------+----------+\n7 rows in set (0.00 sec)\n\nmysql> SHOW PROFILE FOR QUERY 1;\n+--------------------+----------+\n| Status             | Duration |\n+--------------------+----------+\n| query end          | 0.000107 |\n| freeing items      | 0.000008 |\n| logging slow query | 0.000015 |\n| cleaning up        | 0.000006 |\n+--------------------+----------+\n4 rows in set (0.00 sec)\n\nmysql> SHOW PROFILE CPU FOR QUERY 2;\n+----------------------+----------+----------+------------+\n| Status               | Duration | CPU_user | CPU_system |\n+----------------------+----------+----------+------------+\n| checking permissions | 0.000040 | 0.000038 |   0.000002 |\n| creating table       | 0.000056 | 0.000028 |   0.000028 |\n| After create         | 0.011363 | 0.000217 |   0.001571 |\n| query end            | 0.000375 | 0.000013 |   0.000028 |\n| freeing items        | 0.000089 | 0.000010 |   0.000014 |\n| logging slow query   | 0.000019 | 0.000009 |   0.000010 |\n| cleaning up          | 0.000005 | 0.000003 |   0.000002 |\n+----------------------+----------+----------+------------+\n7 rows in set (0.00 sec)\n','http://dev.mysql.com/doc/refman/5.5/en/show-profile.html'),(491,'SHOW PROCEDURE CODE',27,'Syntax:\nSHOW PROCEDURE CODE proc_name\n\nThis statement is a MySQL extension that is available only for servers\nthat have been built with debugging support. It displays a\nrepresentation of the internal implementation of the named stored\nprocedure. A similar statement, SHOW FUNCTION CODE, displays\ninformation about stored functions (see [HELP SHOW FUNCTION CODE]).\n\nTo use either statement, you must be the owner of the routine or have\nSELECT access to the mysql.proc table.\n\nIf the named routine is available, each statement produces a result\nset. Each row in the result set corresponds to one \"instruction\" in the\nroutine. The first column is Pos, which is an ordinal number beginning\nwith 0. The second column is Instruction, which contains an SQL\nstatement (usually changed from the original source), or a directive\nwhich has meaning only to the stored-routine handler.\n\nURL: http://dev.mysql.com/doc/refman/5.5/en/show-procedure-code.html\n\n','mysql> DELIMITER //\nmysql> CREATE PROCEDURE p1 ()\n    -> BEGIN\n    ->   DECLARE fanta INT DEFAULT 55;\n    ->   DROP TABLE t2;\n    ->   LOOP\n    ->     INSERT INTO t3 VALUES (fanta);\n    ->     END LOOP;\n    ->   END//\nQuery OK, 0 rows affected (0.00 sec)\n\nmysql> SHOW PROCEDURE CODE p1//\n+-----+----------------------------------------+\n| Pos | Instruction                            |\n+-----+----------------------------------------+\n|   0 | set fanta@0 55                         |\n|   1 | stmt 9 \"DROP TABLE t2\"                 |\n|   2 | stmt 5 \"INSERT INTO t3 VALUES (fanta)\" |\n|   3 | jump 2                                 |\n+-----+----------------------------------------+\n4 rows in set (0.00 sec)\n','http://dev.mysql.com/doc/refman/5.5/en/show-procedure-code.html'),(492,'MEDIUMTEXT',23,'MEDIUMTEXT [CHARACTER SET charset_name] [COLLATE collation_name]\n\nA TEXT column with a maximum length of 16,777,215 (224 - 1) characters.\nThe effective maximum length is less if the value contains multibyte\ncharacters. Each MEDIUMTEXT value is stored using a 3-byte length\nprefix that indicates the number of bytes in the value.\n\nURL: http://dev.mysql.com/doc/refman/5.5/en/string-type-overview.html\n\n','','http://dev.mysql.com/doc/refman/5.5/en/string-type-overview.html'),(493,'LN',3,'Syntax:\nLN(X)\n\nReturns the natural logarithm of X; that is, the base-e logarithm of X.\nIf X is less than or equal to 0, then NULL is returned.\n\nURL: http://dev.mysql.com/doc/refman/5.5/en/mathematical-functions.html\n\n','mysql> SELECT LN(2);\n        -> 0.69314718055995\nmysql> SELECT LN(-2);\n        -> NULL\n','http://dev.mysql.com/doc/refman/5.5/en/mathematical-functions.html'),(494,'RETURN',24,'Syntax:\nRETURN expr\n\nThe RETURN statement terminates execution of a stored function and\nreturns the value expr to the function caller. There must be at least\none RETURN statement in a stored function. There may be more than one\nif the function has multiple exit points.\n\nThis statement is not used in stored procedures, triggers, or events.\nThe LEAVE statement can be used to exit a stored program of those\ntypes.\n\nURL: http://dev.mysql.com/doc/refman/5.5/en/return.html\n\n','','http://dev.mysql.com/doc/refman/5.5/en/return.html'),(495,'SHOW COLLATION',27,'Syntax:\nSHOW COLLATION\n    [LIKE \'pattern\' | WHERE expr]\n\nThis statement lists collations supported by the server. By default,\nthe output from SHOW COLLATION includes all available collations. The\nLIKE clause, if present, indicates which collation names to match. The\nWHERE clause can be given to select rows using more general conditions,\nas discussed in\nhttp://dev.mysql.com/doc/refman/5.5/en/extended-show.html. For example:\n\nmysql> SHOW COLLATION LIKE \'latin1%\';\n+-------------------+---------+----+---------+----------+---------+\n| Collation         | Charset | Id | Default | Compiled | Sortlen |\n+-------------------+---------+----+---------+----------+---------+\n| latin1_german1_ci | latin1  |  5 |         |          |       0 |\n| latin1_swedish_ci | latin1  |  8 | Yes     | Yes      |       0 |\n| latin1_danish_ci  | latin1  | 15 |         |          |       0 |\n| latin1_german2_ci | latin1  | 31 |         | Yes      |       2 |\n| latin1_bin        | latin1  | 47 |         | Yes      |       0 |\n| latin1_general_ci | latin1  | 48 |         |          |       0 |\n| latin1_general_cs | latin1  | 49 |         |          |       0 |\n| latin1_spanish_ci | latin1  | 94 |         |          |       0 |\n+-------------------+---------+----+---------+----------+---------+\n\nURL: http://dev.mysql.com/doc/refman/5.5/en/show-collation.html\n\n','','http://dev.mysql.com/doc/refman/5.5/en/show-collation.html'),(496,'LOG',3,'Syntax:\nLOG(X), LOG(B,X)\n\nIf called with one parameter, this function returns the natural\nlogarithm of X. If X is less than or equal to 0, then NULL is returned.\n\nThe inverse of this function (when called with a single argument) is\nthe EXP() function.\n\nURL: http://dev.mysql.com/doc/refman/5.5/en/mathematical-functions.html\n\n','mysql> SELECT LOG(2);\n        -> 0.69314718055995\nmysql> SELECT LOG(-2);\n        -> NULL\n','http://dev.mysql.com/doc/refman/5.5/en/mathematical-functions.html'),(497,'SET SQL_LOG_BIN',8,'Syntax:\nSET sql_log_bin = {0|1}\n\nThe sql_log_bin variable controls whether logging to the binary log is\ndone. The default value is 1 (do logging). To change logging for the\ncurrent session, change the session value of this variable. The session\nuser must have the SUPER privilege to set this variable. Set this\nvariable to 0 for a session to temporarily disable binary logging while\nmaking changes to the master which you do not want to replicate to the\nslave.\n\nAs of MySQL 5.5, sql_log_bin can be set as a global or session\nvariable. Setting sql_log_bin globally is only detected when a new\nsession is started. Any sessions previously running are not impacted\nwhen setting sql_log_bin globally.\n\n*Warning*: Incorrect use of sql_log_bin with a global scope means any\nchanges made in an already running session are still being recorded to\nthe binary log and therefore replicated. Exercise extreme caution using\nsql_log_bin with a global scope as the above situation could cause\nunexpected results including replication failure.\n\nBeginning with MySQL 5.5.5, it is no longer possible to set\n@@session.sql_log_bin within a transaction or subquery. (Bug #53437)\n\nURL: http://dev.mysql.com/doc/refman/5.5/en/set-sql-log-bin.html\n\n','','http://dev.mysql.com/doc/refman/5.5/en/set-sql-log-bin.html'),(498,'!=',20,'Syntax:\n<>, !=\n\nNot equal:\n\nURL: http://dev.mysql.com/doc/refman/5.5/en/comparison-operators.html\n\n','mysql> SELECT \'.01\' <> \'0.01\';\n        -> 1\nmysql> SELECT .01 <> \'0.01\';\n        -> 0\nmysql> SELECT \'zapp\' <> \'zappp\';\n        -> 1\n','http://dev.mysql.com/doc/refman/5.5/en/comparison-operators.html'),(499,'WHILE',24,'Syntax:\n[begin_label:] WHILE search_condition DO\n    statement_list\nEND WHILE [end_label]\n\nThe statement list within a WHILE statement is repeated as long as the\nsearch_condition expression is true. statement_list consists of one or\nmore SQL statements, each terminated by a semicolon (;) statement\ndelimiter.\n\nA WHILE statement can be labeled. For the rules regarding label use,\nsee [HELP labels].\n\nURL: http://dev.mysql.com/doc/refman/5.5/en/while.html\n\n','CREATE PROCEDURE dowhile()\nBEGIN\n  DECLARE v1 INT DEFAULT 5;\n\n  WHILE v1 > 0 DO\n    ...\n    SET v1 = v1 - 1;\n  END WHILE;\nEND;\n','http://dev.mysql.com/doc/refman/5.5/en/while.html'),(500,'AES_DECRYPT',12,'Syntax:\nAES_DECRYPT(crypt_str,key_str)\n\nThis function decrypts data using the official AES (Advanced Encryption\nStandard) algorithm. For more information, see the description of\nAES_ENCRYPT().\n\nURL: http://dev.mysql.com/doc/refman/5.5/en/encryption-functions.html\n\n','','http://dev.mysql.com/doc/refman/5.5/en/encryption-functions.html'),(501,'DAYNAME',32,'Syntax:\nDAYNAME(date)\n\nReturns the name of the weekday for date. The language used for the\nname is controlled by the value of the lc_time_names system variable\n(http://dev.mysql.com/doc/refman/5.5/en/locale-support.html).\n\nURL: http://dev.mysql.com/doc/refman/5.5/en/date-and-time-functions.html\n\n','mysql> SELECT DAYNAME(\'2007-02-03\');\n        -> \'Saturday\'\n','http://dev.mysql.com/doc/refman/5.5/en/date-and-time-functions.html'),(502,'COERCIBILITY',17,'Syntax:\nCOERCIBILITY(str)\n\nReturns the collation coercibility value of the string argument.\n\nURL: http://dev.mysql.com/doc/refman/5.5/en/information-functions.html\n\n','mysql> SELECT COERCIBILITY(\'abc\' COLLATE latin1_swedish_ci);\n        -> 0\nmysql> SELECT COERCIBILITY(USER());\n        -> 3\nmysql> SELECT COERCIBILITY(\'abc\');\n        -> 4\n','http://dev.mysql.com/doc/refman/5.5/en/information-functions.html'),(503,'INT',23,'INT[(M)] [UNSIGNED] [ZEROFILL]\n\nA normal-size integer. The signed range is -2147483648 to 2147483647.\nThe unsigned range is 0 to 4294967295.\n\nURL: http://dev.mysql.com/doc/refman/5.5/en/numeric-type-overview.html\n\n','','http://dev.mysql.com/doc/refman/5.5/en/numeric-type-overview.html'),(504,'GLENGTH',13,'GLength(ls)\n\nReturns a double-precision number indicating the length of the\nLineString value ls in its associated spatial reference.\n\nURL: http://dev.mysql.com/doc/refman/5.5/en/gis-linestring-property-functions.html\n\n','mysql> SET @ls = \'LineString(1 1,2 2,3 3)\';\nmysql> SELECT GLength(GeomFromText(@ls));\n+----------------------------+\n| GLength(GeomFromText(@ls)) |\n+----------------------------+\n|            2.8284271247462 |\n+----------------------------+\n','http://dev.mysql.com/doc/refman/5.5/en/gis-linestring-property-functions.html'),(505,'COLLATION',17,'Syntax:\nCOLLATION(str)\n\nReturns the collation of the string argument.\n\nURL: http://dev.mysql.com/doc/refman/5.5/en/information-functions.html\n\n','mysql> SELECT COLLATION(\'abc\');\n        -> \'latin1_swedish_ci\'\nmysql> SELECT COLLATION(_utf8\'abc\');\n        -> \'utf8_general_ci\'\n','http://dev.mysql.com/doc/refman/5.5/en/information-functions.html'),(506,'RADIANS',3,'Syntax:\nRADIANS(X)\n\nReturns the argument X, converted from degrees to radians. (Note that\n radians equals 180 degrees.)\n\nURL: http://dev.mysql.com/doc/refman/5.5/en/mathematical-functions.html\n\n','mysql> SELECT RADIANS(90);\n        -> 1.5707963267949\n','http://dev.mysql.com/doc/refman/5.5/en/mathematical-functions.html'),(507,'COALESCE',20,'Syntax:\nCOALESCE(value,...)\n\nReturns the first non-NULL value in the list, or NULL if there are no\nnon-NULL values.\n\nURL: http://dev.mysql.com/doc/refman/5.5/en/comparison-operators.html\n\n','mysql> SELECT COALESCE(NULL,1);\n        -> 1\nmysql> SELECT COALESCE(NULL,NULL,NULL);\n        -> NULL\n','http://dev.mysql.com/doc/refman/5.5/en/comparison-operators.html'),(508,'VERSION',17,'Syntax:\nVERSION()\n\nReturns a string that indicates the MySQL server version. The string\nuses the utf8 character set. The value might have a suffix in addition\nto the version number. See the description of the version system\nvariable in\nhttp://dev.mysql.com/doc/refman/5.5/en/server-system-variables.html.\n\nURL: http://dev.mysql.com/doc/refman/5.5/en/information-functions.html\n\n','mysql> SELECT VERSION();\n        -> \'5.5.44-standard\'\n','http://dev.mysql.com/doc/refman/5.5/en/information-functions.html'),(509,'MAKE_SET',38,'Syntax:\nMAKE_SET(bits,str1,str2,...)\n\nReturns a set value (a string containing substrings separated by \",\"\ncharacters) consisting of the strings that have the corresponding bit\nin bits set. str1 corresponds to bit 0, str2 to bit 1, and so on. NULL\nvalues in str1, str2, ... are not appended to the result.\n\nURL: http://dev.mysql.com/doc/refman/5.5/en/string-functions.html\n\n','mysql> SELECT MAKE_SET(1,\'a\',\'b\',\'c\');\n        -> \'a\'\nmysql> SELECT MAKE_SET(1 | 4,\'hello\',\'nice\',\'world\');\n        -> \'hello,world\'\nmysql> SELECT MAKE_SET(1 | 4,\'hello\',\'nice\',NULL,\'world\');\n        -> \'hello\'\nmysql> SELECT MAKE_SET(0,\'a\',\'b\',\'c\');\n        -> \'\'\n','http://dev.mysql.com/doc/refman/5.5/en/string-functions.html'),(510,'FIND_IN_SET',38,'Syntax:\nFIND_IN_SET(str,strlist)\n\nReturns a value in the range of 1 to N if the string str is in the\nstring list strlist consisting of N substrings. A string list is a\nstring composed of substrings separated by \",\" characters. If the first\nargument is a constant string and the second is a column of type SET,\nthe FIND_IN_SET() function is optimized to use bit arithmetic. Returns\n0 if str is not in strlist or if strlist is the empty string. Returns\nNULL if either argument is NULL. This function does not work properly\nif the first argument contains a comma (\",\") character.\n\nURL: http://dev.mysql.com/doc/refman/5.5/en/string-functions.html\n\n','mysql> SELECT FIND_IN_SET(\'b\',\'a,b,c,d\');\n        -> 2\n','http://dev.mysql.com/doc/refman/5.5/en/string-functions.html');
/*!40000 ALTER TABLE `help_topic` ENABLE KEYS */;
UNLOCK TABLES;

--
-- Table structure for table `host`
--

DROP TABLE IF EXISTS `host`;
/*!40101 SET @saved_cs_client     = @@character_set_client */;
/*!40101 SET character_set_client = utf8 */;
CREATE TABLE `host` (
  `Host` char(60) COLLATE utf8_bin NOT NULL DEFAULT '',
  `Db` char(64) COLLATE utf8_bin NOT NULL DEFAULT '',
  `Select_priv` enum('N','Y') CHARACTER SET utf8 NOT NULL DEFAULT 'N',
  `Insert_priv` enum('N','Y') CHARACTER SET utf8 NOT NULL DEFAULT 'N',
  `Update_priv` enum('N','Y') CHARACTER SET utf8 NOT NULL DEFAULT 'N',
  `Delete_priv` enum('N','Y') CHARACTER SET utf8 NOT NULL DEFAULT 'N',
  `Create_priv` enum('N','Y') CHARACTER SET utf8 NOT NULL DEFAULT 'N',
  `Drop_priv` enum('N','Y') CHARACTER SET utf8 NOT NULL DEFAULT 'N',
  `Grant_priv` enum('N','Y') CHARACTER SET utf8 NOT NULL DEFAULT 'N',
  `References_priv` enum('N','Y') CHARACTER SET utf8 NOT NULL DEFAULT 'N',
  `Index_priv` enum('N','Y') CHARACTER SET utf8 NOT NULL DEFAULT 'N',
  `Alter_priv` enum('N','Y') CHARACTER SET utf8 NOT NULL DEFAULT 'N',
  `Create_tmp_table_priv` enum('N','Y') CHARACTER SET utf8 NOT NULL DEFAULT 'N',
  `Lock_tables_priv` enum('N','Y') CHARACTER SET utf8 NOT NULL DEFAULT 'N',
  `Create_view_priv` enum('N','Y') CHARACTER SET utf8 NOT NULL DEFAULT 'N',
  `Show_view_priv` enum('N','Y') CHARACTER SET utf8 NOT NULL DEFAULT 'N',
  `Create_routine_priv` enum('N','Y') CHARACTER SET utf8 NOT NULL DEFAULT 'N',
  `Alter_routine_priv` enum('N','Y') CHARACTER SET utf8 NOT NULL DEFAULT 'N',
  `Execute_priv` enum('N','Y') CHARACTER SET utf8 NOT NULL DEFAULT 'N',
  `Trigger_priv` enum('N','Y') CHARACTER SET utf8 NOT NULL DEFAULT 'N',
  PRIMARY KEY (`Host`,`Db`)
) ENGINE=MyISAM DEFAULT CHARSET=utf8 COLLATE=utf8_bin COMMENT='Host privileges;  Merged with database privileges';
/*!40101 SET character_set_client = @saved_cs_client */;

--
-- Dumping data for table `host`
--

LOCK TABLES `host` WRITE;
/*!40000 ALTER TABLE `host` DISABLE KEYS */;
/*!40000 ALTER TABLE `host` ENABLE KEYS */;
UNLOCK TABLES;

--
-- Table structure for table `ndb_binlog_index`
--

DROP TABLE IF EXISTS `ndb_binlog_index`;
/*!40101 SET @saved_cs_client     = @@character_set_client */;
/*!40101 SET character_set_client = utf8 */;
CREATE TABLE `ndb_binlog_index` (
  `Position` bigint(20) unsigned NOT NULL,
  `File` varchar(255) NOT NULL,
  `epoch` bigint(20) unsigned NOT NULL,
  `inserts` bigint(20) unsigned NOT NULL,
  `updates` bigint(20) unsigned NOT NULL,
  `deletes` bigint(20) unsigned NOT NULL,
  `schemaops` bigint(20) unsigned NOT NULL,
  PRIMARY KEY (`epoch`)
) ENGINE=MyISAM DEFAULT CHARSET=latin1;
/*!40101 SET character_set_client = @saved_cs_client */;

--
-- Dumping data for table `ndb_binlog_index`
--

LOCK TABLES `ndb_binlog_index` WRITE;
/*!40000 ALTER TABLE `ndb_binlog_index` DISABLE KEYS */;
/*!40000 ALTER TABLE `ndb_binlog_index` ENABLE KEYS */;
UNLOCK TABLES;

--
-- Table structure for table `plugin`
--

DROP TABLE IF EXISTS `plugin`;
/*!40101 SET @saved_cs_client     = @@character_set_client */;
/*!40101 SET character_set_client = utf8 */;
CREATE TABLE `plugin` (
  `name` varchar(64) NOT NULL DEFAULT '',
  `dl` varchar(128) NOT NULL DEFAULT '',
  PRIMARY KEY (`name`)
) ENGINE=MyISAM DEFAULT CHARSET=utf8 COMMENT='MySQL plugins';
/*!40101 SET character_set_client = @saved_cs_client */;

--
-- Dumping data for table `plugin`
--

LOCK TABLES `plugin` WRITE;
/*!40000 ALTER TABLE `plugin` DISABLE KEYS */;
/*!40000 ALTER TABLE `plugin` ENABLE KEYS */;
UNLOCK TABLES;

--
-- Table structure for table `proc`
--

DROP TABLE IF EXISTS `proc`;
/*!40101 SET @saved_cs_client     = @@character_set_client */;
/*!40101 SET character_set_client = utf8 */;
CREATE TABLE `proc` (
  `db` char(64) CHARACTER SET utf8 COLLATE utf8_bin NOT NULL DEFAULT '',
  `name` char(64) NOT NULL DEFAULT '',
  `type` enum('FUNCTION','PROCEDURE') NOT NULL,
  `specific_name` char(64) NOT NULL DEFAULT '',
  `language` enum('SQL') NOT NULL DEFAULT 'SQL',
  `sql_data_access` enum('CONTAINS_SQL','NO_SQL','READS_SQL_DATA','MODIFIES_SQL_DATA') NOT NULL DEFAULT 'CONTAINS_SQL',
  `is_deterministic` enum('YES','NO') NOT NULL DEFAULT 'NO',
  `security_type` enum('INVOKER','DEFINER') NOT NULL DEFAULT 'DEFINER',
  `param_list` blob NOT NULL,
  `returns` longblob NOT NULL,
  `body` longblob NOT NULL,
  `definer` char(77) CHARACTER SET utf8 COLLATE utf8_bin NOT NULL DEFAULT '',
  `created` timestamp NOT NULL DEFAULT CURRENT_TIMESTAMP ON UPDATE CURRENT_TIMESTAMP,
  `modified` timestamp NOT NULL DEFAULT '0000-00-00 00:00:00',
  `sql_mode` set('REAL_AS_FLOAT','PIPES_AS_CONCAT','ANSI_QUOTES','IGNORE_SPACE','NOT_USED','ONLY_FULL_GROUP_BY','NO_UNSIGNED_SUBTRACTION','NO_DIR_IN_CREATE','POSTGRESQL','ORACLE','MSSQL','DB2','MAXDB','NO_KEY_OPTIONS','NO_TABLE_OPTIONS','NO_FIELD_OPTIONS','MYSQL323','MYSQL40','ANSI','NO_AUTO_VALUE_ON_ZERO','NO_BACKSLASH_ESCAPES','STRICT_TRANS_TABLES','STRICT_ALL_TABLES','NO_ZERO_IN_DATE','NO_ZERO_DATE','INVALID_DATES','ERROR_FOR_DIVISION_BY_ZERO','TRADITIONAL','NO_AUTO_CREATE_USER','HIGH_NOT_PRECEDENCE','NO_ENGINE_SUBSTITUTION','PAD_CHAR_TO_FULL_LENGTH') NOT NULL DEFAULT '',
  `comment` text CHARACTER SET utf8 COLLATE utf8_bin NOT NULL,
  `character_set_client` char(32) CHARACTER SET utf8 COLLATE utf8_bin DEFAULT NULL,
  `collation_connection` char(32) CHARACTER SET utf8 COLLATE utf8_bin DEFAULT NULL,
  `db_collation` char(32) CHARACTER SET utf8 COLLATE utf8_bin DEFAULT NULL,
  `body_utf8` longblob,
  PRIMARY KEY (`db`,`name`,`type`)
) ENGINE=MyISAM DEFAULT CHARSET=utf8 COMMENT='Stored Procedures';
/*!40101 SET character_set_client = @saved_cs_client */;

--
-- Dumping data for table `proc`
--

LOCK TABLES `proc` WRITE;
/*!40000 ALTER TABLE `proc` DISABLE KEYS */;
/*!40000 ALTER TABLE `proc` ENABLE KEYS */;
UNLOCK TABLES;

--
-- Table structure for table `procs_priv`
--

DROP TABLE IF EXISTS `procs_priv`;
/*!40101 SET @saved_cs_client     = @@character_set_client */;
/*!40101 SET character_set_client = utf8 */;
CREATE TABLE `procs_priv` (
  `Host` char(60) COLLATE utf8_bin NOT NULL DEFAULT '',
  `Db` char(64) COLLATE utf8_bin NOT NULL DEFAULT '',
  `User` char(16) COLLATE utf8_bin NOT NULL DEFAULT '',
  `Routine_name` char(64) CHARACTER SET utf8 NOT NULL DEFAULT '',
  `Routine_type` enum('FUNCTION','PROCEDURE') COLLATE utf8_bin NOT NULL,
  `Grantor` char(77) COLLATE utf8_bin NOT NULL DEFAULT '',
  `Proc_priv` set('Execute','Alter Routine','Grant') CHARACTER SET utf8 NOT NULL DEFAULT '',
  `Timestamp` timestamp NOT NULL DEFAULT CURRENT_TIMESTAMP ON UPDATE CURRENT_TIMESTAMP,
  PRIMARY KEY (`Host`,`Db`,`User`,`Routine_name`,`Routine_type`),
  KEY `Grantor` (`Grantor`)
) ENGINE=MyISAM DEFAULT CHARSET=utf8 COLLATE=utf8_bin COMMENT='Procedure privileges';
/*!40101 SET character_set_client = @saved_cs_client */;

--
-- Dumping data for table `procs_priv`
--

LOCK TABLES `procs_priv` WRITE;
/*!40000 ALTER TABLE `procs_priv` DISABLE KEYS */;
/*!40000 ALTER TABLE `procs_priv` ENABLE KEYS */;
UNLOCK TABLES;

--
-- Table structure for table `proxies_priv`
--

DROP TABLE IF EXISTS `proxies_priv`;
/*!40101 SET @saved_cs_client     = @@character_set_client */;
/*!40101 SET character_set_client = utf8 */;
CREATE TABLE `proxies_priv` (
  `Host` char(60) COLLATE utf8_bin NOT NULL DEFAULT '',
  `User` char(16) COLLATE utf8_bin NOT NULL DEFAULT '',
  `Proxied_host` char(60) COLLATE utf8_bin NOT NULL DEFAULT '',
  `Proxied_user` char(16) COLLATE utf8_bin NOT NULL DEFAULT '',
  `With_grant` tinyint(1) NOT NULL DEFAULT '0',
  `Grantor` char(77) COLLATE utf8_bin NOT NULL DEFAULT '',
  `Timestamp` timestamp NOT NULL DEFAULT CURRENT_TIMESTAMP ON UPDATE CURRENT_TIMESTAMP,
  PRIMARY KEY (`Host`,`User`,`Proxied_host`,`Proxied_user`),
  KEY `Grantor` (`Grantor`)
) ENGINE=MyISAM DEFAULT CHARSET=utf8 COLLATE=utf8_bin COMMENT='User proxy privileges';
/*!40101 SET character_set_client = @saved_cs_client */;

--
-- Dumping data for table `proxies_priv`
--

LOCK TABLES `proxies_priv` WRITE;
/*!40000 ALTER TABLE `proxies_priv` DISABLE KEYS */;
INSERT INTO `proxies_priv` VALUES ('localhost','root','','',1,'','2015-07-03 09:40:16'),('maria','root','','',1,'','2015-07-03 09:40:16');
/*!40000 ALTER TABLE `proxies_priv` ENABLE KEYS */;
UNLOCK TABLES;

--
-- Table structure for table `servers`
--

DROP TABLE IF EXISTS `servers`;
/*!40101 SET @saved_cs_client     = @@character_set_client */;
/*!40101 SET character_set_client = utf8 */;
CREATE TABLE `servers` (
  `Server_name` char(64) NOT NULL DEFAULT '',
  `Host` char(64) NOT NULL DEFAULT '',
  `Db` char(64) NOT NULL DEFAULT '',
  `Username` char(64) NOT NULL DEFAULT '',
  `Password` char(64) NOT NULL DEFAULT '',
  `Port` int(4) NOT NULL DEFAULT '0',
  `Socket` char(64) NOT NULL DEFAULT '',
  `Wrapper` char(64) NOT NULL DEFAULT '',
  `Owner` char(64) NOT NULL DEFAULT '',
  PRIMARY KEY (`Server_name`)
) ENGINE=MyISAM DEFAULT CHARSET=utf8 COMMENT='MySQL Foreign Servers table';
/*!40101 SET character_set_client = @saved_cs_client */;

--
-- Dumping data for table `servers`
--

LOCK TABLES `servers` WRITE;
/*!40000 ALTER TABLE `servers` DISABLE KEYS */;
/*!40000 ALTER TABLE `servers` ENABLE KEYS */;
UNLOCK TABLES;

--
-- Table structure for table `tables_priv`
--

DROP TABLE IF EXISTS `tables_priv`;
/*!40101 SET @saved_cs_client     = @@character_set_client */;
/*!40101 SET character_set_client = utf8 */;
CREATE TABLE `tables_priv` (
  `Host` char(60) COLLATE utf8_bin NOT NULL DEFAULT '',
  `Db` char(64) COLLATE utf8_bin NOT NULL DEFAULT '',
  `User` char(16) COLLATE utf8_bin NOT NULL DEFAULT '',
  `Table_name` char(64) COLLATE utf8_bin NOT NULL DEFAULT '',
  `Grantor` char(77) COLLATE utf8_bin NOT NULL DEFAULT '',
  `Timestamp` timestamp NOT NULL DEFAULT CURRENT_TIMESTAMP ON UPDATE CURRENT_TIMESTAMP,
  `Table_priv` set('Select','Insert','Update','Delete','Create','Drop','Grant','References','Index','Alter','Create View','Show view','Trigger') CHARACTER SET utf8 NOT NULL DEFAULT '',
  `Column_priv` set('Select','Insert','Update','References') CHARACTER SET utf8 NOT NULL DEFAULT '',
  PRIMARY KEY (`Host`,`Db`,`User`,`Table_name`),
  KEY `Grantor` (`Grantor`)
) ENGINE=MyISAM DEFAULT CHARSET=utf8 COLLATE=utf8_bin COMMENT='Table privileges';
/*!40101 SET character_set_client = @saved_cs_client */;

--
-- Dumping data for table `tables_priv`
--

LOCK TABLES `tables_priv` WRITE;
/*!40000 ALTER TABLE `tables_priv` DISABLE KEYS */;
/*!40000 ALTER TABLE `tables_priv` ENABLE KEYS */;
UNLOCK TABLES;

--
-- Table structure for table `time_zone`
--

DROP TABLE IF EXISTS `time_zone`;
/*!40101 SET @saved_cs_client     = @@character_set_client */;
/*!40101 SET character_set_client = utf8 */;
CREATE TABLE `time_zone` (
  `Time_zone_id` int(10) unsigned NOT NULL AUTO_INCREMENT,
  `Use_leap_seconds` enum('Y','N') NOT NULL DEFAULT 'N',
  PRIMARY KEY (`Time_zone_id`)
) ENGINE=MyISAM DEFAULT CHARSET=utf8 COMMENT='Time zones';
/*!40101 SET character_set_client = @saved_cs_client */;

--
-- Dumping data for table `time_zone`
--

LOCK TABLES `time_zone` WRITE;
/*!40000 ALTER TABLE `time_zone` DISABLE KEYS */;
/*!40000 ALTER TABLE `time_zone` ENABLE KEYS */;
UNLOCK TABLES;

--
-- Table structure for table `time_zone_leap_second`
--

DROP TABLE IF EXISTS `time_zone_leap_second`;
/*!40101 SET @saved_cs_client     = @@character_set_client */;
/*!40101 SET character_set_client = utf8 */;
CREATE TABLE `time_zone_leap_second` (
  `Transition_time` bigint(20) NOT NULL,
  `Correction` int(11) NOT NULL,
  PRIMARY KEY (`Transition_time`)
) ENGINE=MyISAM DEFAULT CHARSET=utf8 COMMENT='Leap seconds information for time zones';
/*!40101 SET character_set_client = @saved_cs_client */;

--
-- Dumping data for table `time_zone_leap_second`
--

LOCK TABLES `time_zone_leap_second` WRITE;
/*!40000 ALTER TABLE `time_zone_leap_second` DISABLE KEYS */;
/*!40000 ALTER TABLE `time_zone_leap_second` ENABLE KEYS */;
UNLOCK TABLES;

--
-- Table structure for table `time_zone_name`
--

DROP TABLE IF EXISTS `time_zone_name`;
/*!40101 SET @saved_cs_client     = @@character_set_client */;
/*!40101 SET character_set_client = utf8 */;
CREATE TABLE `time_zone_name` (
  `Name` char(64) NOT NULL,
  `Time_zone_id` int(10) unsigned NOT NULL,
  PRIMARY KEY (`Name`)
) ENGINE=MyISAM DEFAULT CHARSET=utf8 COMMENT='Time zone names';
/*!40101 SET character_set_client = @saved_cs_client */;

--
-- Dumping data for table `time_zone_name`
--

LOCK TABLES `time_zone_name` WRITE;
/*!40000 ALTER TABLE `time_zone_name` DISABLE KEYS */;
/*!40000 ALTER TABLE `time_zone_name` ENABLE KEYS */;
UNLOCK TABLES;

--
-- Table structure for table `time_zone_transition`
--

DROP TABLE IF EXISTS `time_zone_transition`;
/*!40101 SET @saved_cs_client     = @@character_set_client */;
/*!40101 SET character_set_client = utf8 */;
CREATE TABLE `time_zone_transition` (
  `Time_zone_id` int(10) unsigned NOT NULL,
  `Transition_time` bigint(20) NOT NULL,
  `Transition_type_id` int(10) unsigned NOT NULL,
  PRIMARY KEY (`Time_zone_id`,`Transition_time`)
) ENGINE=MyISAM DEFAULT CHARSET=utf8 COMMENT='Time zone transitions';
/*!40101 SET character_set_client = @saved_cs_client */;

--
-- Dumping data for table `time_zone_transition`
--

LOCK TABLES `time_zone_transition` WRITE;
/*!40000 ALTER TABLE `time_zone_transition` DISABLE KEYS */;
/*!40000 ALTER TABLE `time_zone_transition` ENABLE KEYS */;
UNLOCK TABLES;

--
-- Table structure for table `time_zone_transition_type`
--

DROP TABLE IF EXISTS `time_zone_transition_type`;
/*!40101 SET @saved_cs_client     = @@character_set_client */;
/*!40101 SET character_set_client = utf8 */;
CREATE TABLE `time_zone_transition_type` (
  `Time_zone_id` int(10) unsigned NOT NULL,
  `Transition_type_id` int(10) unsigned NOT NULL,
  `Offset` int(11) NOT NULL DEFAULT '0',
  `Is_DST` tinyint(3) unsigned NOT NULL DEFAULT '0',
  `Abbreviation` char(8) NOT NULL DEFAULT '',
  PRIMARY KEY (`Time_zone_id`,`Transition_type_id`)
) ENGINE=MyISAM DEFAULT CHARSET=utf8 COMMENT='Time zone transition types';
/*!40101 SET character_set_client = @saved_cs_client */;

--
-- Dumping data for table `time_zone_transition_type`
--

LOCK TABLES `time_zone_transition_type` WRITE;
/*!40000 ALTER TABLE `time_zone_transition_type` DISABLE KEYS */;
/*!40000 ALTER TABLE `time_zone_transition_type` ENABLE KEYS */;
UNLOCK TABLES;

--
-- Table structure for table `user`
--

DROP TABLE IF EXISTS `user`;
/*!40101 SET @saved_cs_client     = @@character_set_client */;
/*!40101 SET character_set_client = utf8 */;
CREATE TABLE `user` (
  `Host` char(60) COLLATE utf8_bin NOT NULL DEFAULT '',
  `User` char(16) COLLATE utf8_bin NOT NULL DEFAULT '',
  `Password` char(41) CHARACTER SET latin1 COLLATE latin1_bin NOT NULL DEFAULT '',
  `Select_priv` enum('N','Y') CHARACTER SET utf8 NOT NULL DEFAULT 'N',
  `Insert_priv` enum('N','Y') CHARACTER SET utf8 NOT NULL DEFAULT 'N',
  `Update_priv` enum('N','Y') CHARACTER SET utf8 NOT NULL DEFAULT 'N',
  `Delete_priv` enum('N','Y') CHARACTER SET utf8 NOT NULL DEFAULT 'N',
  `Create_priv` enum('N','Y') CHARACTER SET utf8 NOT NULL DEFAULT 'N',
  `Drop_priv` enum('N','Y') CHARACTER SET utf8 NOT NULL DEFAULT 'N',
  `Reload_priv` enum('N','Y') CHARACTER SET utf8 NOT NULL DEFAULT 'N',
  `Shutdown_priv` enum('N','Y') CHARACTER SET utf8 NOT NULL DEFAULT 'N',
  `Process_priv` enum('N','Y') CHARACTER SET utf8 NOT NULL DEFAULT 'N',
  `File_priv` enum('N','Y') CHARACTER SET utf8 NOT NULL DEFAULT 'N',
  `Grant_priv` enum('N','Y') CHARACTER SET utf8 NOT NULL DEFAULT 'N',
  `References_priv` enum('N','Y') CHARACTER SET utf8 NOT NULL DEFAULT 'N',
  `Index_priv` enum('N','Y') CHARACTER SET utf8 NOT NULL DEFAULT 'N',
  `Alter_priv` enum('N','Y') CHARACTER SET utf8 NOT NULL DEFAULT 'N',
  `Show_db_priv` enum('N','Y') CHARACTER SET utf8 NOT NULL DEFAULT 'N',
  `Super_priv` enum('N','Y') CHARACTER SET utf8 NOT NULL DEFAULT 'N',
  `Create_tmp_table_priv` enum('N','Y') CHARACTER SET utf8 NOT NULL DEFAULT 'N',
  `Lock_tables_priv` enum('N','Y') CHARACTER SET utf8 NOT NULL DEFAULT 'N',
  `Execute_priv` enum('N','Y') CHARACTER SET utf8 NOT NULL DEFAULT 'N',
  `Repl_slave_priv` enum('N','Y') CHARACTER SET utf8 NOT NULL DEFAULT 'N',
  `Repl_client_priv` enum('N','Y') CHARACTER SET utf8 NOT NULL DEFAULT 'N',
  `Create_view_priv` enum('N','Y') CHARACTER SET utf8 NOT NULL DEFAULT 'N',
  `Show_view_priv` enum('N','Y') CHARACTER SET utf8 NOT NULL DEFAULT 'N',
  `Create_routine_priv` enum('N','Y') CHARACTER SET utf8 NOT NULL DEFAULT 'N',
  `Alter_routine_priv` enum('N','Y') CHARACTER SET utf8 NOT NULL DEFAULT 'N',
  `Create_user_priv` enum('N','Y') CHARACTER SET utf8 NOT NULL DEFAULT 'N',
  `Event_priv` enum('N','Y') CHARACTER SET utf8 NOT NULL DEFAULT 'N',
  `Trigger_priv` enum('N','Y') CHARACTER SET utf8 NOT NULL DEFAULT 'N',
  `Create_tablespace_priv` enum('N','Y') CHARACTER SET utf8 NOT NULL DEFAULT 'N',
  `ssl_type` enum('','ANY','X509','SPECIFIED') CHARACTER SET utf8 NOT NULL DEFAULT '',
  `ssl_cipher` blob NOT NULL,
  `x509_issuer` blob NOT NULL,
  `x509_subject` blob NOT NULL,
  `max_questions` int(11) unsigned NOT NULL DEFAULT '0',
  `max_updates` int(11) unsigned NOT NULL DEFAULT '0',
  `max_connections` int(11) unsigned NOT NULL DEFAULT '0',
  `max_user_connections` int(11) unsigned NOT NULL DEFAULT '0',
  `plugin` char(64) COLLATE utf8_bin DEFAULT '',
  `authentication_string` text COLLATE utf8_bin,
  PRIMARY KEY (`Host`,`User`)
) ENGINE=MyISAM DEFAULT CHARSET=utf8 COLLATE=utf8_bin COMMENT='Users and global privileges';
/*!40101 SET character_set_client = @saved_cs_client */;

--
-- Dumping data for table `user`
--

LOCK TABLES `user` WRITE;
/*!40000 ALTER TABLE `user` DISABLE KEYS */;
INSERT INTO `user` VALUES ('localhost','root','*EDA3881CA744F437C7C6CBC3E40C574BFE660FD3','Y','Y','Y','Y','Y','Y','Y','Y','Y','Y','Y','Y','Y','Y','Y','Y','Y','Y','Y','Y','Y','Y','Y','Y','Y','Y','Y','Y','Y','','','','',0,0,0,0,'',''),('maria','root','*EDA3881CA744F437C7C6CBC3E40C574BFE660FD3','Y','Y','Y','Y','Y','Y','Y','Y','Y','Y','Y','Y','Y','Y','Y','Y','Y','Y','Y','Y','Y','Y','Y','Y','Y','Y','Y','Y','Y','','','','',0,0,0,0,'',''),('127.0.0.1','root','*EDA3881CA744F437C7C6CBC3E40C574BFE660FD3','Y','Y','Y','Y','Y','Y','Y','Y','Y','Y','Y','Y','Y','Y','Y','Y','Y','Y','Y','Y','Y','Y','Y','Y','Y','Y','Y','Y','Y','','','','',0,0,0,0,'',''),('::1','root','*EDA3881CA744F437C7C6CBC3E40C574BFE660FD3','Y','Y','Y','Y','Y','Y','Y','Y','Y','Y','Y','Y','Y','Y','Y','Y','Y','Y','Y','Y','Y','Y','Y','Y','Y','Y','Y','Y','Y','','','','',0,0,0,0,'',''),('localhost','debian-sys-maint','*CC6D2DDD8343124694B3FF905D03CD27290C4ACE','Y','Y','Y','Y','Y','Y','Y','Y','Y','Y','Y','Y','Y','Y','Y','Y','Y','Y','Y','Y','Y','Y','Y','Y','Y','Y','Y','Y','Y','','','','',0,0,0,0,'',NULL),('10.0.69.3','icinga_web','*2EC1D337E03CC7CCF03919FD2DD1CF373B4B0FDF','N','N','N','N','N','N','N','N','N','N','N','N','N','N','N','N','N','N','N','N','N','N','N','N','N','N','N','N','N','','','','',0,0,0,0,'',NULL),('10.0.69.3','icinga-idoutils','*B24F6DA1F9C25A051CD9957B0CD41BBF69C17B8F','N','N','N','N','N','N','N','N','N','N','N','N','N','N','N','N','N','N','N','N','N','N','N','N','N','N','N','N','N','','','','',0,0,0,0,'',NULL),('10.0.69.3','cacti','*FFA26ED16AF5499C077A26F4DEB5F6CB1DCC67A9','N','N','N','N','N','N','N','N','N','N','N','N','N','N','N','N','N','N','N','N','N','N','N','N','N','N','N','N','N','','','','',0,0,0,0,'',NULL);
/*!40000 ALTER TABLE `user` ENABLE KEYS */;
UNLOCK TABLES;

--
-- Table structure for table `general_log`
--

/*!40101 SET @saved_cs_client     = @@character_set_client */;
/*!40101 SET character_set_client = utf8 */;
CREATE TABLE IF NOT EXISTS `general_log` (
  `event_time` timestamp NOT NULL DEFAULT CURRENT_TIMESTAMP ON UPDATE CURRENT_TIMESTAMP,
  `user_host` mediumtext NOT NULL,
  `thread_id` int(11) NOT NULL,
  `server_id` int(10) unsigned NOT NULL,
  `command_type` varchar(64) NOT NULL,
  `argument` mediumtext NOT NULL
) ENGINE=CSV DEFAULT CHARSET=utf8 COMMENT='General log';
/*!40101 SET character_set_client = @saved_cs_client */;

--
-- Table structure for table `slow_log`
--

/*!40101 SET @saved_cs_client     = @@character_set_client */;
/*!40101 SET character_set_client = utf8 */;
CREATE TABLE IF NOT EXISTS `slow_log` (
  `start_time` timestamp NOT NULL DEFAULT CURRENT_TIMESTAMP ON UPDATE CURRENT_TIMESTAMP,
  `user_host` mediumtext NOT NULL,
  `query_time` time NOT NULL,
  `lock_time` time NOT NULL,
  `rows_sent` int(11) NOT NULL,
  `rows_examined` int(11) NOT NULL,
  `db` varchar(512) NOT NULL,
  `last_insert_id` int(11) NOT NULL,
  `insert_id` int(11) NOT NULL,
  `server_id` int(10) unsigned NOT NULL,
  `sql_text` mediumtext NOT NULL
) ENGINE=CSV DEFAULT CHARSET=utf8 COMMENT='Slow log';
/*!40101 SET character_set_client = @saved_cs_client */;
/*!40103 SET TIME_ZONE=@OLD_TIME_ZONE */;

/*!40101 SET SQL_MODE=@OLD_SQL_MODE */;
/*!40014 SET FOREIGN_KEY_CHECKS=@OLD_FOREIGN_KEY_CHECKS */;
/*!40014 SET UNIQUE_CHECKS=@OLD_UNIQUE_CHECKS */;
/*!40101 SET CHARACTER_SET_CLIENT=@OLD_CHARACTER_SET_CLIENT */;
/*!40101 SET CHARACTER_SET_RESULTS=@OLD_CHARACTER_SET_RESULTS */;
/*!40101 SET COLLATION_CONNECTION=@OLD_COLLATION_CONNECTION */;
/*!40111 SET SQL_NOTES=@OLD_SQL_NOTES */;

-- Dump completed on 2015-07-05  9:33:32
